build,seed,age,cells,births,divisions,deaths,max_generation,mean_closure,min_closure,mean_atp,mean_catalyst,mean_loop,mean_membrane,division_progress,particles,external_fuel,external_mineral,external_waste,external_alt,cell_material,external_material,total_material,matter_residual,division_residual,dissipated_energy,damage_events,manual_punctures,manual_injections,mean_genome_length,max_genome_length,genome_copies,genome_types,mean_gene_count,mean_translator,mean_replicase,replication_cycles,novel_path_cells,novel_path_lineages,first_novel_path_age,external_protein_assistance,mutation_total,mutation_substitution,mutation_insertion,mutation_deletion,mutation_duplication,mutation_inversion,mutation_transposition,mean_damage,max_damage,mean_functional_age,mean_damage_slope,mean_proteostasis,mean_genome_lesion,mean_membrane_oxidation,mean_reactive,mean_aggregate,mean_repair_atp,repair_atp_total,damage_generated_total,mean_quiescence,mean_segregation,max_pole_age,mean_birth_damage,oldest_cell_age,stress,stress_mode,stress_pulses,damage_segregation_events,rejuvenation_events,last_damage_partition,mean_autopoietic_margin,mean_modulator,mean_motor_force,sensor_atp_total,motor_atp_total,polarity_atp_total,plasticity_atp_total,controller_updates,meaning_reversals,meaning_fuel,meaning_alt,meaning_waste,confidence_fuel,confidence_alt,control_fuel,control_alt,control_waste,active_distance_total,fuel_uptake_total,mineral_uptake_total,alt_uptake_total,waste_ingress_total,mean_receptor_genes,mean_effector_genes,environment_mode,switch_age,switch_events,fuel_contamination_total,distance_fuel_patch,distance_mineral_patch,distance_waste_patch,distance_alt_patch,corpses,corpse_material,corpse_toxic_material,corpse_genome_material,edna_fragments,edna_material,edna_released_symbols,edna_decayed_symbols,hgt_attempts,hgt_integrations,hgt_digestions,hgt_novel_path_events,necrophagy_mass,necrotoxin_uptake,mobile_exports,mobile_symbols_exported,corpse_genomes_released,corpse_fragments_released,corpse_genomes_recycled,ecology_atp_total,mean_hgt_integrations,mean_necrophagy,cells_with_foreign_information,cells_with_mobile_gene,port_schema,neural_attachments,neural_material_escrow,neural_atp_escrow,neural_budget_requested,neural_budget_granted,neural_budget_returned,neural_budget_spent,neural_budget_calls,neural_budget_return_calls,neural_effector_calls,neural_effector_rejections,neural_tissue_returns,neural_allocated_atp,neural_allocated_material,neural_returned_atp,neural_returned_material,neural_spent_atp,neural_spent_signal,neural_tissue_atp_dissipated,neural_port_calls,p1_schema,p1_mode,p1_environment,p1_tissues,p1_mature_tissues,p1_tissue_creations,p1_tissue_turnovers,p1_predictor_updates,p1_prediction_error,p1_motor_force_total,p1_neural_atp_total,p1_neural_signal_total,p1_wear_material_total,p1_patch_switches,p1_mean_patch_distance,p1_pre_steps,p1_post_steps,p2_schema,p2_mode,p2_environment,p2_tissues,p2_mature_cells,p2_tissue_creations,p2_tissue_turnovers,p2_prediction_error,p2_prediction_rms,p2_predictor_updates,p2_plasticity_updates,p2_ligand_updates,p2_cue_episode_updates,p2_active_age,p2_plasticity_warmup_remaining,p2_mean_maturity,p2_mean_abs_causal_estimate,p2_ligand_sensor_values,p2_recurrent_messages,p2_rewire_count,p2_cell_prune_count,p2_motor_force_total,p2_neural_atp_total,p2_neural_signal_total,p2_wear_material_total,p2_mean_target_distance,p2_patch_switches,p2_semantic_switches,p2_reward_releases,p2_cue_releases,p2_reward_uptake_total,p2_nonreward_uptake_total,p2_cue_toxin_total,p2_reward_mean_distance,p2_reward_reservoir_fuel,p2_reward_reservoir_mineral,p2_cue_reservoir_alt,p2_pre_steps,p2_post_steps,formal_schema,formal_mode,formal_tissues,formal_controller_mature,formal_controller_atp,formal_controller_wear,formal_audits,formal_audit_supported,formal_audit_contradicted,formal_audit_inconclusive,formal_audit_aborted,formal_audit_quality,formal_audit_cost_atp,formal_audit_cost_material,formal_calibration_updates,formal_raw_mae,formal_calibrated_mae,formal_calibration_sign_accuracy,formal_change_probability,formal_change_state_probability,formal_change_mechanism_probability,formal_change_semantic_probability,formal_change_genome_probability,formal_change_events,formal_change_mechanism_events,formal_change_semantic_events,formal_feedback_events,formal_feedback_gate,formal_mean_resource_lease,formal_lease_reductions,formal_lease_recoveries,formal_semantic_episode_updates,formal_reopened_cells,formal_compiled_programs,formal_started_programs,formal_hgt_activations,formal_pre_steps,formal_post_steps,diagnosis_schema,diagnosis_mode,diagnosis_tissues,diagnosis_started,diagnosis_completed,diagnosis_aborted,diagnosis_targeted_audits,diagnosis_feedback_events,diagnosis_atp,diagnosis_signal,diagnosis_motor_force,diagnosis_material_wear,diagnosis_evidence_events,diagnosis_audit_evidence,diagnosis_max_change_evidence,diagnosis_mean_observation_sufficiency,diagnosis_pending_audits,diagnosis_deferred_unsafe,diagnosis_deferred_no_target,diagnosis_deferred_low_value,diagnosis_deferred_busy,diagnosis_cumulative_exposure,diagnosis_directional_samples,diagnosis_mean_evidence_latency,diagnosis_world_steps,mechanism_fault_applied,mechanism_fault_events,mechanism_motor_gain_scale,mechanism_baseline_gain,mechanism_recent_gain,mechanism_gain_ratio,mechanism_loss_fraction,mechanism_confirmed,mechanism_probe_started,mechanism_probe_completed,mechanism_probe_confirmed_events,mechanism_probe_atp,mechanism_probe_force,mechanism_conservation_active,mechanism_conservation_issued,mechanism_conservation_feedback_events,mechanism_conservation_mean_scale,mechanism_conservation_active_time,mechanism_conservation_returned_atp,mechanism_conservation_returned_signal,mechanism_conservation_suppressed_activity,mechanism_conservation_quiescent_steps,mechanism_conservation_alignment_fallbacks,mechanism_conservation_selected_alignment,neural_escrow_sanitation_calls,neural_escrow_returned_atp,neural_escrow_returned_signal,mechanism_assist_trials,mechanism_assist_evidence_accepted,mechanism_assist_accepted,mechanism_assist_rejected,mechanism_assist_commands,mechanism_assist_feedback_events,mechanism_assist_atp,mechanism_assist_force,mechanism_assist_mean_lease,mechanism_assist_mean_effect,feedback_blocked_low_quality,feedback_blocked_replication,metabolic_schema,metabolic_profile,metabolic_active_cells,metabolic_retired_cells,metabolic_returned_material,metabolic_returned_atp,metabolic_prediction_atp,metabolic_recurrence_atp,metabolic_plasticity_atp,metabolic_prediction_wear,metabolic_recurrence_wear,metabolic_plasticity_wear,metabolic_module_atp_total,metabolic_module_material_total,metabolic_world_steps,metabolic_audit_selected_profile,metabolic_minimal_neural_profile,neurogenesis_schema,neurogenesis_policy,neurogenesis_sentinels_ready,neurogenesis_phase_none,neurogenesis_phase_developing,neurogenesis_phase_probing,neurogenesis_phase_leased,neurogenesis_developments,neurogenesis_reabsorptions,neurogenesis_extensions,neurogenesis_probe_completed,neurogenesis_probe_positive,neurogenesis_probe_nonpositive,neurogenesis_mean_demand_score,neurogenesis_mean_net_value,neurogenesis_mean_semantic_change,neurogenesis_mean_information_deficit,neurogenesis_mean_mechanism_change,neurogenesis_mean_body_decline,neurogenesis_mean_energy_decline,neurogenesis_sentinel_atp,neurogenesis_sentinel_wear,neurogenesis_returned_material,neurogenesis_returned_atp,neurogenesis_organ_atp_total,neurogenesis_organ_material_total,neurogenesis_prediction_atp_total,neurogenesis_recurrence_atp_total,neurogenesis_plasticity_atp_total,neurogenesis_precursor_protein_reserved,neurogenesis_precursor_membrane_reserved,neurogenesis_precursor_signal_reserved,neurogenesis_precursor_protein_released,neurogenesis_precursor_membrane_released,neurogenesis_precursor_signal_released,neurogenesis_precursor_protein_used,neurogenesis_precursor_membrane_used,neurogenesis_precursor_signal_used,neurogenesis_precursor_membrane_recovered,neurogenesis_tissue_active_time,neurogenesis_tissue_development_time,seconds,margin_auc,uptake_delta,living_steps,finite,material_residual,kind,policy,environment,wall_seconds
SOMA-CELL 0.6.3,8001,26.000000000000234,1,0,0,0,0,0.9986428562720607,0.9986428562720607,0.4124210602434156,0.6991452453227125,0.49170398935029835,1.718330858649373,0.0,440,0.0,0.0,0.6783283145646882,0.0,4.19512320662213,0.8678923309812308,16.913998782528637,-9.329407461677874e-06,0.0,5.5341089656398724e-05,0,0,0,496.0,496,1,1,31.0,2.1260635483184642,2.093551558925993,0,1,1,0.05555555555555555,0.0,0,0,0,0,0,0,0,0.003538900786102309,0.003538900786102309,0.35389007861023086,0.00853619594345541,0.999236150113602,0.0048482694681795625,0.0008230699888187594,0.010653677847764824,3.499944377925347e-05,0.00012402301390664403,0.056117369458866764,0.03300605106052288,0.018355195651216093,0.0,0,0.0,26.000000000000234,0.1,pulsed,0,0,0,,0.9607785770207944,-0.05590798330903739,0.0,0.0,0.0,0.0,0.0,0,4,-0.010698045926624796,-0.012081695910280871,1.3007731191143837e-09,0.7379860100062893,0.47812545636802434,0.11428571428571428,0.11428571428571428,0.11428571428571428,0.0,0.6962500611007391,0.16720715961585636,0.03557966738648243,6.795933402720111e-06,4.0,4.0,patchy,10.0,0,0.0,0.3666050363478999,0.30389972418800126,0.4818839157044537,0.08798969725218461,0,0.0,0.0,0.0,0,0.0,0,0,0,0,0,0,0.0,0.0,0,0,0,0,0,0.0,0.0,0.0,0,0,0.6-P0.2,0,0.0,0.0,0.0,0.0,0.0,0.0,0,0,0,0,0,0.0,0.0,0.0,0.0,0.0,0.0,0.0,0,0.6-P1.1,none,native,0,0,0,0,0,0.0,0.0,0.0,0.0,0.0,0,0.0,0,0,0.6-P2.2,none,cue_reversal,0,0,0,0,0.0,0.0,0,0,0,0,0.0,0.0,0.0,0.0,[0. 0. 0. 0. 0. 0. 0. 0.],0,0,0,0.0,0.0,0.0,0.0,0.06596045661273203,2,1,2,3,0.8634472524242636,0.035589635678814194,0.01187454011434059,0.09788020705628361,7.35375468010037,3.432808232211388,1.0644203326135178,0,0,0.6-F2.0,full,0,0,0.0,0.0,0,0,0,0,0,0.0,0.0,0.0,0,0.0,0.0,0.0,0.0,0.0,0.0,0.0,0.0,0,0,0,0,0.0,0.0,0,0,0,0,0,0,0,0,0,0.6.1-D1.4,active,0,0,0,0,0,0,0.0,0.0,0.0,0.0,0,0,0.0,0.0,0,0,0,0,0,0.0,0,0.0,468,0,0,0.8,0.0,0.0,0.0,0.0,0,0,0,0,0.0,0.0,0,0,0,0.0,0.0,0.0,0.0,0.0,0,0,0.0,0,0.0,0.0,0,0,0,0,0,0,0.0,0.0,0.0,0.0,0,0,0.6.2-M1.1,no_tissue,0,0,0.0,0.0,0.0,0.0,0.0,0.0,0.0,0.0,0.0,0.0,468,no_tissue,efficient2,0.6.3-NG1.0,always_no_tissue,0,1,0,0,0,0,0,0,0,0,0,0.0,0.0,0.0,0.0,0.0,0.0,0.0,0.0,0.0,0.0,0.0,0.0,0.0,0.0,0.0,0.0,0.0,0.0,0.0,0.0,0.0,0.0,0.0,0.0,0.0,0.0,0.0,0.0,26.0,24.997416045053754,0.8634472524242636,468,True,-9.329407461677874e-06,screening,always_no_tissue,cue_reversal,1.5007517337799072
SOMA-CELL 0.6.3,8002,26.000000000000234,1,0,0,0,0,0.9969099564364274,0.9969099564364274,0.0,0.6561124009186177,5.205717883103913e-09,1.6103151173158485,0.0,440,0.0,0.0,0.43473032520701926,0.0,3.8570749758639042,0.5923587162364672,16.908434077531354,-9.679005021467901e-06,0.0,6.844265673803473e-05,0,0,0,496.0,496,1,1,31.0,1.920195549050898,1.7331665750151022,0,1,1,0.05555555555555555,0.0,0,0,0,0,0,0,0,0.003661506811192306,0.003661506811192306,0.3661506811192306,0.006086817729567944,0.9981340718914963,0.007125897786985262,0.0018756530945415366,0.005753931901872932,3.6639511056679966e-05,0.0,0.048510749239647974,0.0254488253831328,0.01910935766210846,0.0,0,0.0,26.000000000000234,0.1,pulsed,0,0,0,,0.24616943127197224,0.14859732354863298,0.0,0.0,0.0,0.0,0.0,0,3,-0.3816857125333895,-0.004806204379862237,1.0594288430873734e-09,0.5312568202211468,0.2393247791196721,0.11428571428571428,0.11428571428571428,0.11428571428571428,0.0,0.21208488507278972,0.0650745266661138,0.013865778957868688,6.542347524479686e-06,4.0,4.0,patchy,10.0,0,0.0,0.22332001412630909,0.3856899998213575,0.4416679153028829,0.12945291523785388,0,0.0,0.0,0.0,0,0.0,0,0,0,0,0,0,0.0,0.0,0,0,0,0,0,0.0,0.0,0.0,0,0,0.6-P0.2,0,0.0,0.0,0.0,0.0,0.0,0.0,0,0,0,0,0,0.0,0.0,0.0,0.0,0.0,0.0,0.0,0,0.6-P1.1,none,native,0,0,0,0,0,0.0,0.0,0.0,0.0,0.0,0,0.0,0,0,0.6-P2.2,none,cue_reversal,0,0,0,0,0.0,0.0,0,0,0,0,0.0,0.0,0.0,0.0,[0. 0. 0. 0. 0. 0. 0. 0.],0,0,0,0.0,0.0,0.0,0.0,0.11055456479957321,2,1,2,3,0.2771436563785641,0.013881534318208082,0.00202929526995781,0.12947616443540486,7.837921490103446,3.5349446742854043,1.0861342210421314,0,0,0.6-F2.0,full,0,0,0.0,0.0,0,0,0,0,0,0.0,0.0,0.0,0,0.0,0.0,0.0,0.0,0.0,0.0,0.0,0.0,0,0,0,0,0.0,0.0,0,0,0,0,0,0,0,0,0,0.6.1-D1.4,active,0,0,0,0,0,0,0.0,0.0,0.0,0.0,0,0,0.0,0.0,0,0,0,0,0,0.0,0,0.0,468,0,0,0.8,0.0,0.0,0.0,0.0,0,0,0,0,0.0,0.0,0,0,0,0.0,0.0,0.0,0.0,0.0,0,0,0.0,0,0.0,0.0,0,0,0,0,0,0,0.0,0.0,0.0,0.0,0,0,0.6.2-M1.1,no_tissue,0,0,0.0,0.0,0.0,0.0,0.0,0.0,0.0,0.0,0.0,0.0,468,no_tissue,efficient2,0.6.3-NG1.0,always_no_tissue,0,1,0,0,0,0,0,0,0,0,0,0.0,0.0,0.0,0.0,0.0,0.0,0.0,0.0,0.0,0.0,0.0,0.0,0.0,0.0,0.0,0.0,0.0,0.0,0.0,0.0,0.0,0.0,0.0,0.0,0.0,0.0,0.0,0.0,26.0,23.00476558015173,0.2771436563785641,468,True,-9.679005021467901e-06,screening,always_no_tissue,cue_reversal,2.6852314472198486
SOMA-CELL 0.6.3,8003,26.000000000000234,1,0,0,0,0,0.9983635085857068,0.9983635085857068,0.3898777815448872,0.7011537361638259,0.4829245735685493,1.7619905534804152,0.0,440,0.0,0.0,0.819976897078563,0.0,4.259540398194428,1.1013967157995306,16.89670246796111,-1.2852179999356395e-05,0.0,7.353593594032448e-05,0,0,0,496.0,496,1,1,31.0,2.1276929847251256,2.1004042944021992,0,1,1,0.05555555555555555,0.0,0,0,0,0,0,0,0,0.014432349638388554,0.014432349638388554,1.4432349638388555,0.059942684035559204,0.9992657442915274,0.005776577457360887,0.000992625411552304,0.0640647395570325,4.020387666221041e-05,0.00014002153553092548,0.0618976020184704,0.03737034571398894,0.016266829228903067,0.0,0,0.0,26.000000000000234,0.1,pulsed,0,0,0,,0.9559432017248201,-0.05849800007701682,0.0,0.0,0.0,0.0,0.0,0,6,-0.07966168336199016,-0.037826979931419535,4.391596645721429e-08,0.8112172945298536,0.8125435640565789,0.11428571428571428,0.11428571428571428,0.11428571428571428,0.0,0.8787534801870887,0.2302489973467447,0.10525721955022835,2.702917850128106e-05,4.0,4.0,patchy,10.0,0,0.0,0.5093133198456162,0.03375458053044592,0.322506291399791,0.41198194315588943,0,0.0,0.0,0.0,0,0.0,0,0,0,0,0,0,0.0,0.0,0,0,0,0,0,0.0,0.0,0.0,0,0,0.6-P0.2,0,0.0,0.0,0.0,0.0,0.0,0.0,0,0,0,0,0,0.0,0.0,0.0,0.0,0.0,0.0,0.0,0,0.6-P1.1,none,native,0,0,0,0,0,0.0,0.0,0.0,0.0,0.0,0,0.0,0,0,0.6-P2.2,none,cue_reversal,0,0,0,0,0.0,0.0,0,0,0,0,0.0,0.0,0.0,0.0,[0. 0. 0. 0. 0. 0. 0. 0.],0,0,0,0.0,0.0,0.0,0.0,0.0992824393877187,2,1,2,3,1.108985524692485,0.10527417239157695,0.059772073448011234,0.0991247398063553,7.171252619018851,3.369769954498528,0.9947427804497718,0,0,0.6-F2.0,full,0,0,0.0,0.0,0,0,0,0,0,0.0,0.0,0.0,0,0.0,0.0,0.0,0.0,0.0,0.0,0.0,0.0,0,0,0,0,0.0,0.0,0,0,0,0,0,0,0,0,0,0.6.1-D1.4,active,0,0,0,0,0,0,0.0,0.0,0.0,0.0,0,0,0.0,0.0,0,0,0,0,0,0.0,0,0.0,468,0,0,0.8,0.0,0.0,0.0,0.0,0,0,0,0,0.0,0.0,0,0,0,0.0,0.0,0.0,0.0,0.0,0,0,0.0,0,0.0,0.0,0,0,0,0,0,0,0.0,0.0,0.0,0.0,0,0,0.6.2-M1.1,no_tissue,0,0,0.0,0.0,0.0,0.0,0.0,0.0,0.0,0.0,0.0,0.0,468,no_tissue,efficient2,0.6.3-NG1.0,always_no_tissue,0,1,0,0,0,0,0,0,0,0,0,0.0,0.0,0.0,0.0,0.0,0.0,0.0,0.0,0.0,0.0,0.0,0.0,0.0,0.0,0.0,0.0,0.0,0.0,0.0,0.0,0.0,0.0,0.0,0.0,0.0,0.0,0.0,0.0,26.0,25.45001352710891,1.108985524692485,468,True,-1.2852179999356395e-05,screening,always_no_tissue,cue_reversal,1.4315185546875
SOMA-CELL 0.6.3,8004,26.000000000000234,1,0,0,0,0,0.9981359588982198,0.9981359588982198,0.34568541347463144,0.7021246085615492,0.4604426570593369,1.7393977743476923,0.0,440,0.0,0.0,0.775285069343,0.0,4.241519948102075,1.0457993002661286,16.89312807420766,-1.3152620802259207e-05,0.0,8.158073469712864e-05,0,0,0,496.0,496,1,1,31.0,2.135319421972009,2.117193285687328,0,1,1,0.05555555555555555,0.0,0,0,0,0,0,0,0,0.022488623019044543,0.022488623019044543,2.2488623019044542,0.0979605400440233,0.9991520389942286,0.006485399253254616,0.001130776114170136,0.10328967744723694,4.4560656514362046e-05,0.00015655178021292264,0.06338864295251045,0.037356942261721565,0.016449354157127723,0.0,0,0.0,26.000000000000234,0.1,pulsed,0,0,0,,0.9441666538066115,-0.0690531420502733,0.0,0.0,0.0,0.0,0.0,0,3,-0.10862666458484636,-0.08494531061756062,4.2165943183134615e-09,0.810197137980246,0.7438589488525309,0.11428571428571428,0.11428571428571428,0.11428571428571428,0.0,0.8436671217655086,0.19957460935468915,0.10097843854507775,8.369060443866316e-06,4.0,4.0,patchy,10.0,0,0.0,0.4941825416761626,0.09868562366460999,0.26331677007502197,0.44476905851558873,0,0.0,0.0,0.0,0,0.0,0,0,0,0,0,0,0.0,0.0,0,0,0,0,0,0.0,0.0,0.0,0,0,0.6-P0.2,0,0.0,0.0,0.0,0.0,0.0,0.0,0,0,0,0,0,0.0,0.0,0.0,0.0,0.0,0.0,0.0,0,0.6-P1.1,none,native,0,0,0,0,0,0.0,0.0,0.0,0.0,0.0,0,0.0,0,0,0.6-P2.2,none,cue_reversal,0,0,0,0,0.0,0.0,0,0,0,0,0.0,0.0,0.0,0.0,[0. 0. 0. 0. 0. 0. 0. 0.],0,0,0,0.0,0.0,0.0,0.0,0.11924922738352758,2,1,2,3,1.043223049968283,0.10099711969699263,0.08833166925294698,0.12164552169503284,7.2063400871271055,3.400447177257429,0.9990215614549225,0,0,0.6-F2.0,full,0,0,0.0,0.0,0,0,0,0,0,0.0,0.0,0.0,0,0.0,0.0,0.0,0.0,0.0,0.0,0.0,0.0,0,0,0,0,0.0,0.0,0,0,0,0,0,0,0,0,0,0.6.1-D1.4,active,0,0,0,0,0,0,0.0,0.0,0.0,0.0,0,0,0.0,0.0,0,0,0,0,0,0.0,0,0.0,468,0,0,0.8,0.0,0.0,0.0,0.0,0,0,0,0,0.0,0.0,0,0,0,0.0,0.0,0.0,0.0,0.0,0,0,0.0,0,0.0,0.0,0,0,0,0,0,0,0.0,0.0,0.0,0.0,0,0,0.6.2-M1.1,no_tissue,0,0,0.0,0.0,0.0,0.0,0.0,0.0,0.0,0.0,0.0,0.0,468,no_tissue,efficient2,0.6.3-NG1.0,always_no_tissue,0,1,0,0,0,0,0,0,0,0,0,0.0,0.0,0.0,0.0,0.0,0.0,0.0,0.0,0.0,0.0,0.0,0.0,0.0,0.0,0.0,0.0,0.0,0.0,0.0,0.0,0.0,0.0,0.0,0.0,0.0,0.0,0.0,0.0,26.0,25.41334434153969,1.043223049968283,468,True,-1.3152620802259207e-05,screening,always_no_tissue,cue_reversal,2.6312460899353027
SOMA-CELL 0.6.3,8001,26.000000000000234,1,0,0,0,0,0.9986477750486726,0.9986477750486726,0.1492315874165357,0.7215409934093696,0.37430318882576374,1.704213607069344,0.0,440,0.0,0.0,0.5979644683106209,0.0,4.327884799366404,0.7981291471368489,17.15751723502336,-1.0803311660367854e-05,0.0,0.0008028687405756474,0,0,0,624.0,624,1,1,39.0,2.0248536453173087,1.9017868110823508,0,1,1,0.05555555555555555,0.0,0,0,0,0,0,0,0,0.0030433801291650546,0.0030433801291650546,0.3043380129165055,0.0062851115277549295,0.999294662991284,0.004863535647816466,0.0008200848681880779,0.008275894410686529,3.568376204563092e-05,0.00012131084183983256,0.05558892663473623,0.03103259997362288,0.018060242194396763,0.0,0,0.0,26.000000000000234,0.1,pulsed,0,0,0,,0.8739184431482668,-0.2622688855956287,0.0,0.0,0.0,0.0,0.0,0,3,-0.22569010460797675,-0.02106092511511134,2.8677685410958237e-08,0.6733888301680236,0.3769160205825773,0.11428571428571428,0.11428571428571428,0.11428571428571428,0.0,0.5435355030978346,0.12457416318054648,0.02543187195157366,3.505084815526305e-05,4.0,12.0,patchy,10.0,0,0.0,0.36374349991116633,0.2954383203940169,0.47285738340404115,0.09591157305114964,0,0.0,0.0,0.0,0,0.0,0,0,0,0,0,0,0.0,0.0,0,0,0,0,0,0.0,0.0,0.0,0,0,0.6-P0.2,1,0.01232139222222222,0.0004500000000000254,0.017602930244443545,0.013461793022222196,0.0,0.0006904007999999824,468,0,0,0,0,0.0011404007999999825,0.01232139222222227,0.0,0.0,0.0006904007999999824,0.0,0.0,561,0.6-P1.1,none,native,0,0,0,0,0,0.0,0.0,0.0,0.0,0.0,0,0.0,0,0,0.6-P2.2,full,cue_reversal,0,0,0,0,0.0,0.0,0,0,0,0,0.0,0.0,0.0,0.0,[0. 0. 0. 0. 0. 0. 0. 0.],0,0,0,0.0,0.0,0.0,0.0,0.06752648248235943,2,1,2,3,0.6680846620824074,0.025456876147547446,0.009460976991453759,0.10558641674118474,7.481476193154213,3.475458967317466,1.0745681280484265,0,0,0.6-F2.0,full,0,0,0.0,0.0,0,0,0,0,0,0.0,0.0,0.0,0,0.0,0.0,0.0,0.0,0.0,0.0,0.0,0.0,0,0,0,0,0.0,0.0,0,0,0,0,0,0,0,0,0,0.6.1-D1.4,off,0,0,0,0,0,0,0.0,0.0,0.0,0.0,0,0,0.0,0.0,0,0,0,0,0,0.0,0,0.0,468,0,0,0.8,0.0,0.0,0.0,0.0,0,0,0,0,0.0,0.0,0,0,0,0.0,0.0,0.0,0.0,0.0,0,0,0.0,0,0.0,0.0,0,0,0,0,0,0,0.0,0.0,0.0,0.0,0,0,0.6.2-M1.1,efficient2,0,0,0.0,0.0,0.0,0.0,0.0,0.0,0.0,0.0,0.0,0.0,468,no_tissue,efficient2,0.6.3-NG1.0,prepared_no_tissue,1,1,0,0,0,0,0,0,0,0,0,0.40066946086012123,0.28752217947089453,0.001255043779957756,0.9739512785693787,0.0,0.04026499042917563,0.6357442878908974,0.0006904007999999824,1.362083333333345e-06,0.0,0.0,0.0,0.0,0.0,0.0,0.0,0.006599572222222225,0.0023,0.00198,0.0,0.0,0.0,0.0,0.0,0.0,0.0,0.0,0.0,26.0,24.414719888810698,0.6680846620824074,468,True,-1.0803311660367854e-05,screening,prepared_no_tissue,cue_reversal,2.524134874343872
SOMA-CELL 0.6.3,8002,26.000000000000234,1,0,0,0,0,0.9986300788724619,0.9986300788724619,0.15161853344310403,0.7148303434366,0.37221093933549937,1.6834946942823186,0.0,440,0.0,0.0,0.5902729747792336,0.0,4.274080819265844,0.787856951942435,17.148691582777996,-1.0441050694254272e-05,0.0,0.0008238814734873722,0,0,0,624.0,624,1,1,39.0,2.0003198832169358,1.8605601474800828,0,1,1,0.05555555555555555,0.0,0,0,0,0,0,0,0,0.002816385986211919,0.002816385986211919,0.2816385986211919,0.003608836477458368,0.9992835739562179,0.004929012700843211,0.0008308244408103241,0.007049535306251299,3.69163900347725e-05,0.00012195477923786113,0.056120480103463245,0.031014715433439668,0.019615570397431014,0.0,0,0.0,26.000000000000234,0.1,pulsed,0,0,0,,0.8740126928825783,-0.2544588126331641,0.0,0.0,0.0,0.0,0.0,0,2,-0.22022970150026222,-0.020777708827802947,2.1924301190683126e-08,0.5653483112688563,0.3860576232599846,0.11428571428571428,0.11428571428571428,0.11428571428571428,0.0,0.512644324392088,0.09992488160720199,0.025730693998670784,2.7880286251141806e-05,4.0,12.0,patchy,10.0,0,0.0,0.2404696331460759,0.40770020093171644,0.4745005931226892,0.1099740216205007,0,0.0,0.0,0.0,0,0.0,0,0,0,0,0,0,0.0,0.0,0,0,0,0,0,0.0,0.0,0.0,0,0,0.6-P0.2,1,0.01232139222222222,0.0004500000000000254,0.01760069413333245,0.013461793022222196,0.0,0.0006904007999999824,468,0,0,0,0,0.0011404007999999825,0.012321392222222272,0.0,0.0,0.0006904007999999824,0.0,0.0,561,0.6-P1.1,none,native,0,0,0,0,0,0.0,0.0,0.0,0.0,0.0,0,0.0,0,0,0.6-P2.2,full,cue_reversal,0,0,0,0,0.0,0.0,0,0,0,0,0.0,0.0,0.0,0.0,[0. 0. 0. 0. 0. 0. 0. 0.],0,0,0,0.0,0.0,0.0,0.0,0.11882117791506987,2,1,2,3,0.612538895925497,0.025761004072463727,0.009596137504722598,0.12157785251841405,7.512369969101274,3.5001145364671133,1.0742693060013293,0,0,0.6-F2.0,full,0,0,0.0,0.0,0,0,0,0,0,0.0,0.0,0.0,0,0.0,0.0,0.0,0.0,0.0,0.0,0.0,0.0,0,0,0,0,0.0,0.0,0,0,0,0,0,0,0,0,0,0.6.1-D1.4,off,0,0,0,0,0,0,0.0,0.0,0.0,0.0,0,0,0.0,0.0,0,0,0,0,0,0.0,0,0.0,468,0,0,0.8,0.0,0.0,0.0,0.0,0,0,0,0,0.0,0.0,0,0,0,0.0,0.0,0.0,0.0,0.0,0,0,0.0,0,0.0,0.0,0,0,0,0,0,0,0.0,0.0,0.0,0.0,0,0,0.6.2-M1.1,efficient2,0,0,0.0,0.0,0.0,0.0,0.0,0.0,0.0,0.0,0.0,0.0,468,no_tissue,efficient2,0.6.3-NG1.0,prepared_no_tissue,1,1,0,0,0,0,0,0,0,0,0,0.3986154466888173,0.2859200484172775,0.0009619923601593872,0.9776720510726831,0.0,0.039400885917374166,0.6322658499901554,0.0006904007999999824,1.362083333333345e-06,0.0,0.0,0.0,0.0,0.0,0.0,0.0,0.006599572222222225,0.0023,0.00198,0.0,0.0,0.0,0.0,0.0,0.0,0.0,0.0,0.0,26.0,24.456581246167353,0.612538895925497,468,True,-1.0441050694254272e-05,screening,prepared_no_tissue,cue_reversal,2.7126035690307617
SOMA-CELL 0.6.3,8003,26.000000000000234,1,0,0,0,0,0.9984102184352991,0.9984102184352991,0.2689343641312879,0.7304947271022812,0.446729467709853,1.7591831575505856,0.0,440,0.0,0.0,0.7964292427155004,0.0,4.479858587637572,1.0928229155540723,17.13973588688924,-1.3449461025771825e-05,0.0,0.0008294431205517057,0,0,0,624.0,624,1,1,39.0,2.0616237434969307,1.9741463084734754,0,1,1,0.05555555555555555,0.0,0,0,0,0,0,0,0,0.012638176105202818,0.012638176105202818,1.2638176105202819,0.05210555430125303,0.9992814851860957,0.005640390985816692,0.0009642706717286707,0.05529898642570204,4.095082940361036e-05,0.00013691973365361442,0.061698941027038864,0.037307034898925236,0.01616126855044169,0.0,0,0.0,26.000000000000234,0.1,pulsed,0,0,0,,0.9299264012228701,-0.11125680492775998,0.0,0.0,0.0,0.0,0.0,0,7,-0.14929828893043579,-0.05432089135801242,1.5021310685117032e-07,0.8112271608361046,0.7831354156813923,0.11428571428571428,0.11428571428571428,0.11428571428571428,0.0,0.8495937696516438,0.21805794570201362,0.09034746000309316,4.809032057384588e-05,4.0,12.0,patchy,10.0,0,0.0,0.511406835528433,0.028268885674249348,0.32800975289390716,0.40981176572781247,0,0.0,0.0,0.0,0,0.0,0,0,0,0,0,0,0.0,0.0,0,0,0,0,0,0.0,0.0,0.0,0,0,0.6-P0.2,1,0.01232077388888889,0.0004500000000000254,0.017568175244443776,0.013461174688888865,0.0,0.0006904007999999824,468,0,0,0,0,0.0011404007999999825,0.01232077388888899,0.0,0.0,0.0006904007999999824,0.0,0.0,561,0.6-P1.1,none,native,0,0,0,0,0,0.0,0.0,0.0,0.0,0.0,0,0.0,0,0,0.6-P2.2,full,cue_reversal,0,0,0,0,0.0,0.0,0,0,0,0,0.0,0.0,0.0,0.0,[0. 0. 0. 0. 0. 0. 0. 0.],0,0,0,0.0,0.0,0.0,0.0,0.09048924928963892,2,1,2,3,1.0676152002347488,0.09038397512200189,0.05306584183056827,0.10170393956313768,7.175420213711735,3.3819816299889545,1.009652539996907,0,0,0.6-F2.0,full,0,0,0.0,0.0,0,0,0,0,0,0.0,0.0,0.0,0,0.0,0.0,0.0,0.0,0.0,0.0,0.0,0.0,0,0,0,0,0.0,0.0,0,0,0,0,0,0,0,0,0,0.6.1-D1.4,off,0,0,0,0,0,0,0.0,0.0,0.0,0.0,0,0,0.0,0.0,0,0,0,0,0,0.0,0,0.0,468,0,0,0.8,0.0,0.0,0.0,0.0,0,0,0,0,0.0,0.0,0,0,0,0.0,0.0,0.0,0.0,0.0,0,0,0.0,0,0.0,0.0,0,0,0,0,0,0,0.0,0.0,0.0,0.0,0,0,0.6.2-M1.1,efficient2,0,0,0.0,0.0,0.0,0.0,0.0,0.0,0.0,0.0,0.0,0.0,468,no_tissue,efficient2,0.6.3-NG1.0,prepared_no_tissue,1,1,0,0,0,0,0,0,0,0,0,0.2426515495917173,0.16426820868153952,0.0,0.954013632996126,0.0,0.009336155172879518,0.39607301049199395,0.0006904007999999824,1.362083333333345e-06,0.0,0.0,0.0,0.0,0.0,0.0,0.0,0.006598953888888895,0.0023,0.00198,0.0,0.0,0.0,0.0,0.0,0.0,0.0,0.0,0.0,26.0,25.358402853565906,1.0676152002347488,468,True,-1.3449461025771825e-05,screening,prepared_no_tissue,cue_reversal,2.2137160301208496
SOMA-CELL 0.6.3,8004,26.000000000000234,1,0,0,0,0,0.9981436090033922,0.9981436090033922,0.27380060868487416,0.7304694764990338,0.43912200910539484,1.7644950391327696,0.0,440,0.0,0.0,0.8049272650777606,0.0,4.523322701306401,1.1032404648848106,17.13473631377683,-1.391650897630825e-05,0.0,0.0008470654115088324,0,0,0,624.0,624,1,1,39.0,2.0595880235148827,1.9745519111094016,0,1,1,0.05555555555555555,0.0,0,0,0,0,0,0,0,0.021795993952389264,0.021795993952389264,2.1795993952389265,0.09551741071750769,0.9991528424040799,0.006439734420299214,0.0011261310459624225,0.09988232991106141,4.503848251525109e-05,0.00015650053827053476,0.06406953629518401,0.03858919830297604,0.016472389934393712,0.0,0,0.0,26.000000000000234,0.1,pulsed,0,0,0,,0.9278489966395362,-0.10829546131069258,0.0,0.0,0.0,0.0,0.0,0,5,-0.1519516797812053,-0.12930036733602215,2.232059052343016e-07,0.8109895479529428,0.8358958038093625,0.11428571428571428,0.11428571428571428,0.11428571428571428,0.0,0.8635861856833292,0.22207124888876864,0.13123091065974085,5.599859472853186e-05,4.0,12.0,patchy,10.0,0,0.0,0.5087418767485425,0.10141407880025868,0.2703195733613698,0.45741714090560853,0,0.0,0.0,0.0,0,0.0,0,0,0,0,0,0,0.0,0.0,0,0,0,0,0,0.0,0.0,0.0,0,0,0.6-P0.2,1,0.01232077388888889,0.0004500000000000254,0.017568459133332662,0.013461174688888865,0.0,0.0006904007999999824,468,0,0,0,0,0.0011404007999999825,0.012320773888888989,0.0,0.0,0.0006904007999999824,0.0,0.0,561,0.6-P1.1,none,native,0,0,0,0,0,0.0,0.0,0.0,0.0,0.0,0,0.0,0,0,0.6-P2.2,full,cue_reversal,0,0,0,0,0.0,0.0,0,0,0,0,0.0,0.0,0.0,0.0,[0. 0. 0. 0. 0. 0. 0. 0.],0,0,0,0.0,0.0,0.0,0.0,0.10604741925212449,2,1,2,3,1.0830399834839253,0.13384836174791362,0.08937698050960548,0.11565565589546835,7.161429785114323,3.377973747961589,0.968769614509707,0,0,0.6-F2.0,full,0,0,0.0,0.0,0,0,0,0,0,0.0,0.0,0.0,0,0.0,0.0,0.0,0.0,0.0,0.0,0.0,0.0,0,0,0,0,0.0,0.0,0,0,0,0,0,0,0,0,0,0.6.1-D1.4,off,0,0,0,0,0,0,0.0,0.0,0.0,0.0,0,0,0.0,0.0,0,0,0,0,0,0.0,0,0.0,468,0,0,0.8,0.0,0.0,0.0,0.0,0,0,0,0,0.0,0.0,0,0,0,0.0,0.0,0.0,0.0,0.0,0,0,0.0,0,0.0,0.0,0,0,0,0,0,0,0.0,0.0,0.0,0.0,0,0,0.6.2-M1.1,efficient2,0,0,0.0,0.0,0.0,0.0,0.0,0.0,0.0,0.0,0.0,0.0,468,no_tissue,efficient2,0.6.3-NG1.0,prepared_no_tissue,1,1,0,0,0,0,0,0,0,0,0,0.23743684903527162,0.16020074224751188,2.0631034504561717e-05,0.94149665673413,0.0,0.009994272250929534,0.3874677848428809,0.0006904007999999824,1.362083333333345e-06,0.0,0.0,0.0,0.0,0.0,0.0,0.0,0.006598953888888895,0.0023,0.00198,0.0,0.0,0.0,0.0,0.0,0.0,0.0,0.0,0.0,26.0,25.34528252744919,1.0830399834839253,468,True,-1.391650897630825e-05,screening,prepared_no_tissue,cue_reversal,2.39227032661438
SOMA-CELL 0.6.3,8001,26.000000000000234,1,0,0,0,0,0.9975424847136664,0.9975424847136664,0.0,0.7110027292009635,2.6287561115225946e-07,1.6873415595308203,0.0,440,0.0,0.0,0.5220940348230189,0.0,4.267298807871068,0.7166562924909482,17.15813972525264,-1.0804322194246652e-05,0.0,0.01109691881402053,0,0,0,624.0,624,1,1,39.0,1.9808161810014637,1.833718204009019,0,1,1,0.05555555555555555,0.0,0,0,0,0,0,0,0,0.0032411945108126606,0.0032411945108126606,0.32411945108126605,0.005266055113871772,0.9984915458511053,0.006268047908719126,0.0014912363233042767,0.005608189556332283,3.540102304651982e-05,0.0,0.05160016059579047,0.02844188907955896,0.017903768639773856,0.0,0,0.0,26.000000000000234,0.1,pulsed,0,0,0,,0.2462399038945919,0.14963275851547173,0.0,0.0,0.0,0.0,0.0,0,3,-0.45709978997622697,-0.024938135616635233,1.4752669466014565e-08,0.7103411692623921,0.33421052424667796,0.11428571428571428,0.11428571428571428,0.11428571428571428,0.0,0.4230996530216866,0.10683401628922964,0.020926532548521597,3.505084815526305e-05,4.0,12.0,patchy,10.0,0,0.0,0.3541893859716086,0.28915340663958605,0.4602263371275684,0.10223273605046734,0,0.0,0.0,0.0,0,0.0,0,0,0,0,0,0,0.0,0.0,0,0,0,0,0,0.0,0.0,0.0,0,0,0.6-P0.2,4,0.0351553735926413,0.007653169024533453,2.4222184147582415,0.24342735939381085,0.1888585001270311,0.011760316649607118,2333,349,343,0,0,0.19709614200612638,0.04633121738768458,0.1784585001270311,0.010400000000000001,0.0109844728545639,0.0007758437950432183,0.0,1185,0.6-P1.1,none,native,0,0,0,0,0,0.0,0.0,0.0,0.0,0.0,0,0.0,0,0,0.6-P2.2,full,cue_reversal,1,2,1,0,0.01018003160325323,0.011980790521254803,350,104,3,3,19.055555555555593,0.0,0.06804498158435543,0.019812359800570715,[0.0225 0.0225 0.0225 0.0225 0.0225 0.0225 0.0225 0.0225],60,0,0,0.22519300862001226,0.000970114031003174,0.0007758437950432177,1.5598267689644104e-05,0.08189045213788995,2,1,2,3,0.5195141283141221,0.03134607354531577,0.0050394196618496895,0.10633149995032301,7.60191204323036,3.4931991142087826,1.0790734674514788,344,344,0.6-F2.0,full,1,0,0.0,0.0,0,0,0,0,0,0.0,0.0,0.0,0,0.0,0.0,0.0,0.0,0.0,0.0,0.0,0.0,0,0,0,0,0.0,1.0,0,0,0,0,0,0,0,344,344,0.6.1-D1.4,off,1,0,0,0,0,0,0.0,0.0,0.0,0.0,0,0,0.0,0.0,0,0,0,0,0,0.0,0,0.0,468,0,0,0.8,0.0,0.0,1.0,0.0,0,0,0,0,0.0,0.0,0,0,0,1.0,0.0,0.0,0.0,0.0,0,0,0.0,343,0.17377850012703103,0.0,0,0,0,0,0,0,0.0,0.0,0.0,0.0,0,0,0.6.2-M1.1,efficient2,2,6,0.0,0.00468,0.0002801540000000001,0.0,0.0004080000000000001,3.1500000000000005e-07,0.0,0.0,0.0006881540000000003,3.1500000000000005e-07,468,no_tissue,efficient2,0.6.3-NG1.0,demand,0,0,0,0,1,1,0,0,1,1,0,0.03766806953921937,0.004381094240591108,0.0,0.6974804751652539,0.0,2.74211733186898e-05,0.04118293121709595,0.0006904007999999824,1.362083333333345e-06,0.0,0.0,0.0006881540000000003,3.1500000000000005e-07,0.0002801540000000001,0.0,0.0004080000000000001,0.006599533333333336,0.0002000000000000001,0.00198,0.0064,0.0021,0.0019,0.0064,0.0021,0.0019,0.0,19.055555555555593,0.05555555555555555,26.0,23.123147897707483,0.5195141283141221,468,True,-1.0804322194246652e-05,screening,demand,cue_reversal,6.218221664428711
SOMA-CELL 0.6.3,8002,26.000000000000234,1,0,0,0,0,0.9985984177070717,0.9985984177070717,0.024914348392501496,0.7179110750631887,0.13384688872860362,1.6768106005016252,0.0,440,0.0,0.0,0.5509211952472357,0.0,4.223221563581436,0.7456718413486927,17.149006404242517,-1.043414858870051e-05,0.0,0.010694660848738555,0,0,0,624.0,624,1,1,39.0,1.9722078445518008,1.813882483944135,0,1,1,0.05555555555555555,0.0,0,0,0,0,0,0,0,0.003043139423011206,0.003043139423011206,0.30431394230112063,0.008283035117530651,0.9958500556426265,0.004943622565657357,0.0008500396534106187,0.0021710268148406354,7.835551041044098e-05,0.0,0.06320814861890273,0.029371490632562332,0.019427163420466378,0.0,0,0.0,26.000000000000234,0.1,pulsed,0,0,0,,0.6126416685218813,-0.9674092620494961,0.0,0.0,0.0,0.0,0.0,0,2,-0.47500475050224145,-0.023365154818202765,1.714667008589608e-08,0.5652312856438987,0.36172087678349496,0.11428571428571428,0.11428571428571428,0.11428571428571428,0.0,0.43556556177022593,0.08698413821981288,0.022391012265250403,2.7880286251141806e-05,4.0,12.0,patchy,10.0,0,0.0,0.23711587439014511,0.39795707401266533,0.46367490345661766,0.11313423243661183,0,0.0,0.0,0.0,0,0.0,0,0,0,0,0,0,0.0,0.0,0,0,0,0,0,0.0,0.0,0.0,0,0,0.6-P0.2,1,0.010221365,0.0004500000000000254,2.385614547662655,0.24194905974764327,0.1962920079312979,0.011365554793631568,2207,339,313,0,3,0.1959735154955042,0.045975544252139226,0.1849623194011259,0.03494982055288823,0.010561196094380663,0.000804358699250905,0.0,1126,0.6-P1.1,none,native,0,0,0,0,0,0.0,0.0,0.0,0.0,0.0,0,0.0,0,0,0.6-P2.2,full,cue_reversal,0,0,1,0,0.0,0.0,0,0,0,0,0.0,0.0,0.0,0.0,[0. 0. 0. 0. 0. 0. 0. 0.],0,0,0,0.0,0.0,0.0,0.0,0.11587134401005746,2,1,2,3,0.5225193899162458,0.022421322339043398,0.006363512275510255,0.12238942404944564,7.589448731723136,3.5130552798545027,1.0776089877347497,314,314,0.6-F2.0,full,0,0,0.0,0.0,0,0,0,0,0,0.0,0.0,0.0,0,0.0,0.0,0.0,0.0,0.0,0.0,0.0,0.0,0,0,0,0,0.0,0.0,0,0,0,0,0,0,0,314,314,0.6.1-D1.4,off,0,0,0,0,0,0,0.0,0.0,0.0,0.0,0,0,0.0,0.0,0,0,0,0,0,0.0,0,0.0,468,0,0,0.8,0.0,0.0,0.0,0.0,0,0,0,0,0.0,0.0,0,0,0,0.0,0.0,0.0,0.0,0.0,0,0,0.0,0,0.0,0.0,0,0,0,0,0,0,0.0,0.0,0.0,0.0,0,0,0.6.2-M1.1,efficient2,0,0,0.0,0.0,0.0,0.0,0.0,0.0,0.0,0.0,0.0,0.0,468,no_tissue,efficient2,0.6.3-NG1.0,demand,0,0,0,0,0,1,1,0,1,0,1,0.03625449499149826,0.0032785060933686397,0.0,0.6985068114257239,0.0,2.8227134815225243e-05,0.041851420095763064,0.0006904007999999824,1.362083333333345e-06,0.02454982055288822,0.00753095757835228,0.0004121540000000001,3.1500000000000005e-07,0.00026015400000000007,0.0,0.000152,0.006599545000000003,0.0002000000000000001,0.00198,0.0064,0.0021,0.0019,0.0064,0.0021,0.0019,0.0,17.38888888888888,0.05555555555555555,26.0,23.899876416391574,0.5225193899162458,468,True,-1.043414858870051e-05,screening,demand,cue_reversal,5.96432089805603
SOMA-CELL 0.6.3,8003,26.000000000000234,1,0,0,0,0,0.9984173953200717,0.9984173953200717,0.24477250223791455,0.741692536982966,0.43640164116506885,1.7632096582036363,0.0,440,0.0,0.0,0.7968421671773017,0.0,4.488785651603808,1.0944242355890872,17.139603521078964,-1.3771318723598824e-05,0.0,0.014081848821942427,0,0,0,624.0,624,1,1,39.0,2.0577053894257693,1.9702993313667871,0,1,1,0.05555555555555555,0.0,0,0,0,0,0,0,0,0.012838851912534009,0.012838851912534009,1.2838851912534008,0.05883968856516824,0.997414780439456,0.005617503351172507,0.0009599141342840518,0.05350384300556206,0.00015051008404223825,0.00019130441339224624,0.07160768000447101,0.03730310224034732,0.016260471234852126,0.0,0,0.0,26.000000000000234,0.1,pulsed,0,0,0,,0.9219575485797888,-0.21025478493205704,0.0,0.0,0.0,0.0,0.0,0,7,-0.15755510584654528,-0.05625083158636718,1.4906955423147676e-07,0.8112271608361046,0.7750953095233536,0.11428571428571428,0.11428571428571428,0.11428571428571428,0.0,0.8586461377366543,0.22339765421294464,0.08661580883420737,4.809032057384588e-05,4.0,12.0,patchy,10.0,0,0.0,0.5190161602305067,0.040912090227149735,0.32394826217235406,0.4234490490515774,0,0.0,0.0,0.0,0,0.0,0,0,0,0,0,0,0.0,0.0,0,0,0,0,0,0.0,0.0,0.0,0,0,0.6-P0.2,1,0.010220773888888892,0.0004500000000000254,0.8799880606497572,0.11493802763107373,0.06195549207081596,0.015286261270590256,2133,319,313,0,9,0.06442956437181831,0.05050846325925545,0.050036749700652014,0.03894424277094149,0.013942814671165574,0.0013434465994246823,0.0,1124,0.6-P1.1,none,native,0,0,0,0,0,0.0,0.0,0.0,0.0,0.0,0,0.0,0,0,0.6-P2.2,full,cue_reversal,0,0,1,0,0.0,0.0,0,0,0,0,0.0,0.0,0.0,0.0,[0. 0. 0. 0. 0. 0. 0. 0.],0,0,0,0.0,0.0,0.0,0.0,0.09285738910290173,2,1,2,3,1.08200727683069,0.08665232395311603,0.04938674763293023,0.10288989319176275,7.166367830212452,3.3766416125078242,1.0133841911657926,314,314,0.6-F2.0,full,0,0,0.0,0.0,0,0,0,0,0,0.0,0.0,0.0,0,0.0,0.0,0.0,0.0,0.0,0.0,0.0,0.0,0,0,0,0,0.0,0.0,0,0,0,0,0,0,0,314,314,0.6.1-D1.4,off,0,0,0,0,0,0,0.0,0.0,0.0,0.0,0,0,0.0,0.0,0,0,0,0,0,0.0,0,0.0,468,0,0,0.8,0.0,0.0,0.0,0.0,0,0,0,0,0.0,0.0,0,0,0,0.0,0.0,0.0,0.0,0.0,0,0,0.0,0,0.0,0.0,0,0,0,0,0,0,0.0,0.0,0.0,0.0,0,0,0.6.2-M1.1,efficient2,0,0,0.0,0.0,0.0,0.0,0.0,0.0,0.0,0.0,0.0,0.0,468,no_tissue,efficient2,0.6.3-NG1.0,demand,0,0,0,0,0,1,1,0,1,0,1,0.037193249676485685,0.004010734747658833,0.0,0.6655640446626374,0.0,2.988080140187737e-05,0.02121006881141704,0.0006904007999999824,1.362083333333345e-06,0.025004242770941487,0.007998349700651703,0.0009724080000000003,2.538000000000001e-05,0.00024369600000000014,0.0,0.0007287120000000002,0.006598953888888895,0.0002000000000000001,0.00198,0.0064,0.0021,0.0019,0.0064,0.0021,0.0019,0.0,17.38888888888888,0.05555555555555555,26.0,25.33090264906269,1.08200727683069,468,True,-1.3771318723598824e-05,screening,demand,cue_reversal,6.500057935714722
SOMA-CELL 0.6.3,8004,26.000000000000234,1,0,0,0,0,0.9981677036382215,0.9981677036382215,0.24997809245210417,0.7317577548154034,0.43138822247651304,1.7586099755404916,0.0,440,0.0,0.0,0.8020281809137408,0.0,4.539326959499571,1.0994334517017232,17.134837086781594,-1.4024506331367093e-05,0.0,0.014164535339705563,0,0,0,624.0,624,1,1,39.0,2.0579010693922073,1.9697200832239126,0,1,1,0.05555555555555555,0.0,0,0,0,0,0,0,0,0.02091421897273051,0.02091421897273051,2.091421897273051,0.08838641744957118,0.999135839232246,0.006423758193291947,0.0011115012546109484,0.09550773388281261,5.13622753715258e-05,0.00015526857073223642,0.0665695875121628,0.03864190273752531,0.016425903485528973,0.0,0,0.0,26.000000000000234,0.1,pulsed,0,0,0,,0.9212349858982191,-0.20619626763059035,0.0,0.0,0.0,0.0,0.0,0,5,-0.169499908560662,-0.10454257705765535,2.2178817318123884e-07,0.8109895479529428,0.824134159417364,0.11428571428571428,0.11428571428571428,0.11428571428571428,0.0,0.8663598731726524,0.23365283810991064,0.12897200931563527,5.599859472853186e-05,4.0,12.0,patchy,10.0,0,0.0,0.5107378211093554,0.0878979721737993,0.2820084180777532,0.4497226117920701,0,0.0,0.0,0.0,0,0.0,0,0,0,0,0,0,0.0,0.0,0,0,0,0,0,0.0,0.0,0.0,0,0,0.6-P0.2,4,0.03527833414104298,0.008449061603560404,0.9184791646188271,0.11993825251427867,0.05747840000000035,0.015192456769673743,2323,356,353,0,6,0.06953533368628964,0.05040291882798901,0.04707840000000035,0.013940000000000003,0.014007872082728036,0.0011845846869457072,0.0,1203,0.6-P1.1,none,native,0,0,0,0,0,0.0,0.0,0.0,0.0,0.0,0,0.0,0,0,0.6-P2.2,full,cue_reversal,1,2,1,0,0.00788538557561595,0.006430043730192727,370,244,5,5,19.611111111111164,0.0,0.06716594040843521,0.00815061146982918,[0.0225 0.0225 0.0225 0.0225 0.0225 0.0225 0.0225 0.0225],80,0,0,0.2646012094040432,0.002105191617357398,0.0011845846869457076,0.00029903086098579025,0.09778270907506392,2,1,2,3,1.0999747270314528,0.1290099935667455,0.08730828037197805,0.11388377370901594,7.158656105731117,3.3663920539953716,0.9710285158538127,354,354,0.6-F2.0,full,1,0,0.0,0.0,0,0,0,0,0,0.0,0.0,0.0,0,0.0,0.0,0.0,0.0,0.0,0.0,0.0,0.0,0,0,0,0,0.0,1.0,0,0,0,0,0,0,0,354,354,0.6.1-D1.4,off,1,0,0,0,0,0,0.0,0.0,0.0,0.0,0,0,0.0,0.0,0,0,0,0,0,0.0,0,0.0,468,0,0,0.8,0.0,0.0,1.0,0.0,0,0,0,0,0.0,0.0,0,0,0,1.0,0.0,0.0,0.0,0.0,0,0,0.0,353,0.04375200000000033,0.0,0,0,0,0,0,0,0.0,0.0,0.0,0.0,0,0,0.6.2-M1.1,efficient2,2,6,0.0035400000000000006,0.0033264,0.0003147740000000002,0.0,0.0009797128000000003,9.765e-06,0.0,2.3958000000000007e-05,0.0012944868000000003,3.372300000000001e-05,468,no_tissue,efficient2,0.6.3-NG1.0,demand,0,0,0,0,1,1,0,0,1,1,0,0.039131366196100706,0.005522465632958551,0.0,0.6645998211286384,0.0,3.2421085289647944e-05,0.02308050748996928,0.0006904007999999824,1.362083333333345e-06,0.0,0.0,0.0012944868000000003,3.372300000000001e-05,0.0003147740000000002,0.0,0.0009797128000000003,0.006598950000000006,0.0002000000000000001,0.00198,0.0064,0.0021,0.0019,0.0064,0.0021,0.0019,0.0,19.611111111111164,0.05555555555555555,26.0,25.323777876085863,1.0999747270314528,468,True,-1.4024506331367093e-05,screening,demand,cue_reversal,6.883464574813843
SOMA-CELL 0.6.3,8001,26.000000000000234,1,0,0,0,0,0.9986477750486726,0.9986477750486726,0.1492315874165357,0.7215409934093696,0.37430318882576374,1.704213607069344,0.0,440,0.0,0.0,0.5979644683106209,0.0,4.327884799366404,0.7981291471368489,17.15751723502336,-1.0803311660367854e-05,0.0,0.0008028687405756474,0,0,0,624.0,624,1,1,39.0,2.0248536453173087,1.9017868110823508,0,1,1,0.05555555555555555,0.0,0,0,0,0,0,0,0,0.0030433801291650546,0.0030433801291650546,0.3043380129165055,0.0062851115277549295,0.999294662991284,0.004863535647816466,0.0008200848681880779,0.008275894410686529,3.568376204563092e-05,0.00012131084183983256,0.05558892663473623,0.03103259997362288,0.018060242194396763,0.0,0,0.0,26.000000000000234,0.1,pulsed,0,0,0,,0.8739184431482668,-0.2622688855956287,0.0,0.0,0.0,0.0,0.0,0,3,-0.22569010460797675,-0.02106092511511134,2.8677685410958237e-08,0.6733888301680236,0.3769160205825773,0.11428571428571428,0.11428571428571428,0.11428571428571428,0.0,0.5435355030978346,0.12457416318054648,0.02543187195157366,3.505084815526305e-05,4.0,12.0,patchy,10.0,0,0.0,0.36374349991116633,0.2954383203940169,0.47285738340404115,0.09591157305114964,0,0.0,0.0,0.0,0,0.0,0,0,0,0,0,0,0.0,0.0,0,0,0,0,0,0.0,0.0,0.0,0,0,0.6-P0.2,1,0.01232139222222222,0.0004500000000000254,0.017602930244443545,0.013461793022222196,0.0,0.0006904007999999824,468,0,0,0,0,0.0011404007999999825,0.01232139222222227,0.0,0.0,0.0006904007999999824,0.0,0.0,561,0.6-P1.1,none,native,0,0,0,0,0,0.0,0.0,0.0,0.0,0.0,0,0.0,0,0,0.6-P2.2,full,cue_reversal,0,0,0,0,0.0,0.0,0,0,0,0,0.0,0.0,0.0,0.0,[0. 0. 0. 0. 0. 0. 0. 0.],0,0,0,0.0,0.0,0.0,0.0,0.06752648248235943,2,1,2,3,0.6680846620824074,0.025456876147547446,0.009460976991453759,0.10558641674118474,7.481476193154213,3.475458967317466,1.0745681280484265,0,0,0.6-F2.0,full,0,0,0.0,0.0,0,0,0,0,0,0.0,0.0,0.0,0,0.0,0.0,0.0,0.0,0.0,0.0,0.0,0.0,0,0,0,0,0.0,0.0,0,0,0,0,0,0,0,0,0,0.6.1-D1.4,off,0,0,0,0,0,0,0.0,0.0,0.0,0.0,0,0,0.0,0.0,0,0,0,0,0,0.0,0,0.0,468,0,0,0.8,0.0,0.0,0.0,0.0,0,0,0,0,0.0,0.0,0,0,0,0.0,0.0,0.0,0.0,0.0,0,0,0.0,0,0.0,0.0,0,0,0,0,0,0,0.0,0.0,0.0,0.0,0,0,0.6.2-M1.1,efficient2,0,0,0.0,0.0,0.0,0.0,0.0,0.0,0.0,0.0,0.0,0.0,468,no_tissue,efficient2,0.6.3-NG1.0,random_cost_matched,1,1,0,0,0,0,0,0,0,0,0,0.40066946086012123,0.28752217947089453,0.001255043779957756,0.9739512785693787,0.0,0.04026499042917563,0.6357442878908974,0.0006904007999999824,1.362083333333345e-06,0.0,0.0,0.0,0.0,0.0,0.0,0.0,0.006599572222222225,0.0023,0.00198,0.0,0.0,0.0,0.0,0.0,0.0,0.0,0.0,0.0,26.0,24.414719888810698,0.6680846620824074,468,True,-1.0803311660367854e-05,screening,random_cost_matched,cue_reversal,3.228238582611084
SOMA-CELL 0.6.3,8002,26.000000000000234,1,0,0,0,0,0.9913277288471151,0.9913277288471151,0.0,0.6802379231798392,5.1905692470466606e-08,1.5818161224535907,0.0,440,0.0,0.0,0.44155151144836463,0.0,4.201563963730386,0.6257530267995398,17.150177577144138,-1.1501962688953427e-05,0.0,0.018679853076314555,0,0,0,624.0,624,1,1,39.0,1.8457375133179783,1.6102453976017759,0,1,1,0.05555555555555555,0.0,0,0,0,0,0,0,0,0.008018155574263731,0.008018155574263731,0.8018155574263731,0.022896929776233615,0.9932903640107879,0.01649718849703779,0.0052788449267871145,0.005543171329051023,8.340567656583017e-05,0.0,0.03605089040143128,0.028412559430557708,0.018880277337050742,0.0,0,0.0,26.000000000000234,0.1,pulsed,0,0,0,,0.24541703911465404,0.11891987676967998,0.0,0.0,0.0,0.0,0.0,0,4,0.15065097485224443,-0.01858088427185903,-2.5240286471985394e-08,0.5568754938602805,0.3454893193781176,0.11428571428571428,0.11428571428571428,0.11428571428571428,0.0,0.3121526239661039,0.06783430509960219,0.02220619588776018,2.7880286251141806e-05,4.0,12.0,patchy,10.0,0,0.0,0.22782268158848415,0.3778650134160217,0.43787424930924934,0.12708770358268123,0,0.0,0.0,0.0,0,0.0,0,0,0,0,0,0,0.0,0.0,0,0,0,0,0,0.0,0.0,0.0,0,0,0.6-P0.2,10,0.059544976111111106,0.6508075051981934,4.374217376924945,0.7288988821093039,0.0,0.01854640079999971,3698,0,0,0,0,0.6693539059981929,0.05954497611111117,0.0,0.0,0.01854640079999971,0.0,0.0,1531,0.6-P1.1,none,native,0,0,0,0,0,0.0,0.0,0.0,0.0,0.0,0,0.0,0,0,0.6-P2.2,full,cue_reversal,1,0,1,0,0.0,0.0,0,0,0,0,0.0,3.0,0.0,0.0,[0.045 0.045 0.045 0.045 0.045 0.045 0.045 0.045],0,0,0,0.0,0.0,0.0,0.0,0.10803082446875353,2,1,2,3,0.37995661899191313,0.022236505961553157,0.006215536714283614,0.1252696634360911,7.712861669527259,3.5322051129747134,1.07779380411224,323,323,0.6-F2.0,full,1,0,0.0,0.0,0,0,0,0,0,0.0,0.0,0.0,0,0.0,0.0,0.0,0.0,0.0,0.0,0.0,0.0,0,0,0,0,0.0,1.0,0,0,0,0,0,0,0,323,323,0.6.1-D1.4,off,1,0,0,0,0,0,0.0,0.0,0.0,0.0,0,0,0.0,0.0,0,0,0,0,0,0.0,0,0.0,468,0,0,0.8,0.0,0.0,1.0,0.0,0,0,0,0,0.0,0.0,0,0,0,1.0,0.0,0.0,0.0,0.0,0,0,0.0,0,0.0,0.0,0,0,0,0,0,0,0.0,0.0,0.0,0.0,0,0,0.6.2-M1.1,efficient2,4,0,0.0,0.0,0.0,0.0,0.0,0.0,0.0,0.0,0.0,0.0,468,no_tissue,efficient2,0.6.3-NG1.0,random_cost_matched,1,0,1,0,0,1,0,0,0,0,0,0.8695078725549737,0.4982161405928796,2.1840898076208206e-05,0.9761306616506288,0.0,0.6613651038888768,0.9826978075437742,0.0006904007999999824,1.362083333333345e-06,0.0,0.0,0.0,0.0,0.0,0.0,0.0,0.006599545000000003,0.0023,0.00198,0.0,0.0,0.0,0.0,0.0,0.0,0.0,0.0,17.94444444444445,26.0,16.323742645944712,0.37995661899191313,468,True,-1.1501962688953427e-05,screening,random_cost_matched,cue_reversal,5.378068685531616
SOMA-CELL 0.6.3,8003,26.000000000000234,1,0,0,0,0,0.9984102184352991,0.9984102184352991,0.2689343641312879,0.7304947271022812,0.446729467709853,1.7591831575505856,0.0,440,0.0,0.0,0.7964292427155004,0.0,4.479858587637572,1.0928229155540723,17.13973588688924,-1.3449461025771825e-05,0.0,0.0008294431205517057,0,0,0,624.0,624,1,1,39.0,2.0616237434969307,1.9741463084734754,0,1,1,0.05555555555555555,0.0,0,0,0,0,0,0,0,0.012638176105202818,0.012638176105202818,1.2638176105202819,0.05210555430125303,0.9992814851860957,0.005640390985816692,0.0009642706717286707,0.05529898642570204,4.095082940361036e-05,0.00013691973365361442,0.061698941027038864,0.037307034898925236,0.01616126855044169,0.0,0,0.0,26.000000000000234,0.1,pulsed,0,0,0,,0.9299264012228701,-0.11125680492775998,0.0,0.0,0.0,0.0,0.0,0,7,-0.14929828893043579,-0.05432089135801242,1.5021310685117032e-07,0.8112271608361046,0.7831354156813923,0.11428571428571428,0.11428571428571428,0.11428571428571428,0.0,0.8495937696516438,0.21805794570201362,0.09034746000309316,4.809032057384588e-05,4.0,12.0,patchy,10.0,0,0.0,0.511406835528433,0.028268885674249348,0.32800975289390716,0.40981176572781247,0,0.0,0.0,0.0,0,0.0,0,0,0,0,0,0,0.0,0.0,0,0,0,0,0,0.0,0.0,0.0,0,0,0.6-P0.2,1,0.01232077388888889,0.0004500000000000254,0.017568175244443776,0.013461174688888865,0.0,0.0006904007999999824,468,0,0,0,0,0.0011404007999999825,0.01232077388888899,0.0,0.0,0.0006904007999999824,0.0,0.0,561,0.6-P1.1,none,native,0,0,0,0,0,0.0,0.0,0.0,0.0,0.0,0,0.0,0,0,0.6-P2.2,full,cue_reversal,0,0,0,0,0.0,0.0,0,0,0,0,0.0,0.0,0.0,0.0,[0. 0. 0. 0. 0. 0. 0. 0.],0,0,0,0.0,0.0,0.0,0.0,0.09048924928963892,2,1,2,3,1.0676152002347488,0.09038397512200189,0.05306584183056827,0.10170393956313768,7.175420213711735,3.3819816299889545,1.009652539996907,0,0,0.6-F2.0,full,0,0,0.0,0.0,0,0,0,0,0,0.0,0.0,0.0,0,0.0,0.0,0.0,0.0,0.0,0.0,0.0,0.0,0,0,0,0,0.0,0.0,0,0,0,0,0,0,0,0,0,0.6.1-D1.4,off,0,0,0,0,0,0,0.0,0.0,0.0,0.0,0,0,0.0,0.0,0,0,0,0,0,0.0,0,0.0,468,0,0,0.8,0.0,0.0,0.0,0.0,0,0,0,0,0.0,0.0,0,0,0,0.0,0.0,0.0,0.0,0.0,0,0,0.0,0,0.0,0.0,0,0,0,0,0,0,0.0,0.0,0.0,0.0,0,0,0.6.2-M1.1,efficient2,0,0,0.0,0.0,0.0,0.0,0.0,0.0,0.0,0.0,0.0,0.0,468,no_tissue,efficient2,0.6.3-NG1.0,random_cost_matched,1,1,0,0,0,0,0,0,0,0,0,0.2426515495917173,0.16426820868153952,0.0,0.954013632996126,0.0,0.009336155172879518,0.39607301049199395,0.0006904007999999824,1.362083333333345e-06,0.0,0.0,0.0,0.0,0.0,0.0,0.0,0.006598953888888895,0.0023,0.00198,0.0,0.0,0.0,0.0,0.0,0.0,0.0,0.0,0.0,26.0,25.358402853565906,1.0676152002347488,468,True,-1.3449461025771825e-05,screening,random_cost_matched,cue_reversal,3.4208176136016846
SOMA-CELL 0.6.3,8004,26.000000000000234,1,0,0,0,0,0.9981436090033922,0.9981436090033922,0.27380060868487416,0.7304694764990338,0.43912200910539484,1.7644950391327696,0.0,440,0.0,0.0,0.8049272650777606,0.0,4.523322701306401,1.1032404648848106,17.13473631377683,-1.391650897630825e-05,0.0,0.0008470654115088324,0,0,0,624.0,624,1,1,39.0,2.0595880235148827,1.9745519111094016,0,1,1,0.05555555555555555,0.0,0,0,0,0,0,0,0,0.021795993952389264,0.021795993952389264,2.1795993952389265,0.09551741071750769,0.9991528424040799,0.006439734420299214,0.0011261310459624225,0.09988232991106141,4.503848251525109e-05,0.00015650053827053476,0.06406953629518401,0.03858919830297604,0.016472389934393712,0.0,0,0.0,26.000000000000234,0.1,pulsed,0,0,0,,0.9278489966395362,-0.10829546131069258,0.0,0.0,0.0,0.0,0.0,0,5,-0.1519516797812053,-0.12930036733602215,2.232059052343016e-07,0.8109895479529428,0.8358958038093625,0.11428571428571428,0.11428571428571428,0.11428571428571428,0.0,0.8635861856833292,0.22207124888876864,0.13123091065974085,5.599859472853186e-05,4.0,12.0,patchy,10.0,0,0.0,0.5087418767485425,0.10141407880025868,0.2703195733613698,0.45741714090560853,0,0.0,0.0,0.0,0,0.0,0,0,0,0,0,0,0.0,0.0,0,0,0,0,0,0.0,0.0,0.0,0,0,0.6-P0.2,1,0.01232077388888889,0.0004500000000000254,0.017568459133332662,0.013461174688888865,0.0,0.0006904007999999824,468,0,0,0,0,0.0011404007999999825,0.012320773888888989,0.0,0.0,0.0006904007999999824,0.0,0.0,561,0.6-P1.1,none,native,0,0,0,0,0,0.0,0.0,0.0,0.0,0.0,0,0.0,0,0,0.6-P2.2,full,cue_reversal,0,0,0,0,0.0,0.0,0,0,0,0,0.0,0.0,0.0,0.0,[0. 0. 0. 0. 0. 0. 0. 0.],0,0,0,0.0,0.0,0.0,0.0,0.10604741925212449,2,1,2,3,1.0830399834839253,0.13384836174791362,0.08937698050960548,0.11565565589546835,7.161429785114323,3.377973747961589,0.968769614509707,0,0,0.6-F2.0,full,0,0,0.0,0.0,0,0,0,0,0,0.0,0.0,0.0,0,0.0,0.0,0.0,0.0,0.0,0.0,0.0,0.0,0,0,0,0,0.0,0.0,0,0,0,0,0,0,0,0,0,0.6.1-D1.4,off,0,0,0,0,0,0,0.0,0.0,0.0,0.0,0,0,0.0,0.0,0,0,0,0,0,0.0,0,0.0,468,0,0,0.8,0.0,0.0,0.0,0.0,0,0,0,0,0.0,0.0,0,0,0,0.0,0.0,0.0,0.0,0.0,0,0,0.0,0,0.0,0.0,0,0,0,0,0,0,0.0,0.0,0.0,0.0,0,0,0.6.2-M1.1,efficient2,0,0,0.0,0.0,0.0,0.0,0.0,0.0,0.0,0.0,0.0,0.0,468,no_tissue,efficient2,0.6.3-NG1.0,random_cost_matched,1,1,0,0,0,0,0,0,0,0,0,0.23743684903527162,0.16020074224751188,2.0631034504561717e-05,0.94149665673413,0.0,0.009994272250929534,0.3874677848428809,0.0006904007999999824,1.362083333333345e-06,0.0,0.0,0.0,0.0,0.0,0.0,0.0,0.006598953888888895,0.0023,0.00198,0.0,0.0,0.0,0.0,0.0,0.0,0.0,0.0,0.0,26.0,25.34528252744919,1.0830399834839253,468,True,-1.391650897630825e-05,screening,random_cost_matched,cue_reversal,3.395721912384033
SOMA-CELL 0.6.3,8001,26.000000000000234,1,0,0,0,0,0.9986433939736149,0.9986433939736149,0.48576365138069283,0.7260136969975686,0.5046778028039735,1.7115683165990656,0.0,440,0.0,0.0,0.6872009512187922,0.0,4.508385664367414,0.8950418832081195,17.156664267894246,-1.0853422651280198e-05,0.0,0.012169146716090864,0,0,0,624.0,624,1,1,39.0,2.047642979354208,1.9451128479464193,0,1,1,0.05555555555555555,0.0,0,0,0,0,0,0,0,0.0031612646571753,0.0031612646571753,0.31612646571753,0.006805167794097159,0.9991928173953317,0.004850989471300557,0.0008227436663101404,0.008662089475170658,3.1484265230282614e-05,0.0001263899297061228,0.05581796539332799,0.034749363662575306,0.018615390758827687,0.0,0,0.0,26.000000000000234,0.1,pulsed,0,0,0,,0.9682686665440832,-0.02779627165320088,0.0,0.0,0.0,0.0,0.0,0,0,0.021212581416361082,-0.010387602521343173,2.071386926110631e-08,0.5863001604577823,0.38731418507633314,0.11428571428571428,0.11428571428571428,0.11428571428571428,0.0,0.7612369878550631,0.18321434231170552,0.027348381279214747,2.6559205688544973e-05,4.0,12.0,patchy,10.0,0,0.0,0.3824293238726799,0.3315972700450373,0.5145753961720393,0.06797866513418133,0,0.0,0.0,0.0,0,0.0,0,0,0,0,0,0,0.0,0.0,0,0,0,0,0,0.0,0.0,0.0,0,0,0.6-P0.2,3,0.02679536995261263,0.008000109065691716,0.17693425545441838,0.04873331456889039,5.907446636637748e-05,0.013878761084220015,2319,215,463,0,0,0.020135294063373218,0.028598020505517203,5.907446636637748e-05,0.0,0.012076110531315343,0.0018026505529046707,0.0,1405,0.6-P1.1,none,native,0,0,0,0,0,0.0,0.0,0.0,0.0,0.0,0,0.0,0,0,0.6-P2.2,full,cue_reversal,1,2,1,0,0.002362761203304547,0.001737845383819157,926,0,0,0,25.72222222222245,8.277777777777551,0.07459011072538668,0.018114684761344597,[0.0225 0.0225 0.0225 0.0225 0.0225 0.0225 0.0225 0.0225],188,0,0,0.46505831603350606,0.0025015607465319464,0.0018026505529046713,8.419602532165138e-05,0.0648589306138526,2,1,2,3,0.9444309990792511,0.027368712366732342,0.0075697149469600615,0.09978389765201942,7.263772153179467,3.416812948418461,1.0726516187207855,468,468,0.6-F2.0,full,1,1,7.965711111111147e-05,0.00016293500000000053,0,0,0,0,0,0.0,0.0,0.0,0,0.0,0.0,0.0,0.78,0.0,0.78,0.0,0.0,1,1,0,0,0.0,1.0,0,0,7,0,0,0,0,468,468,0.6.1-D1.4,off,1,0,0,0,0,0,0.0,0.0,0.0,0.0,0,0,0.0,0.0,0,0,0,0,0,0.0,0,0.0,468,0,0,0.8,0.0,0.0,1.0,0.0,0,0,0,0,0.0,0.0,0,0,0,1.0,0.0,0.0,0.0,0.0,0,0,0.0,468,5.907446636637748e-05,0.0,0,0,0,0,0,0,0.0,0.0,0.0,0.0,0,0,0.6.2-M1.1,efficient2,2,0,0.0,0.0,0.0005216940000000006,0.0,0.0,3.465e-06,0.0,0.0,0.0005216940000000006,3.465e-06,468,no_tissue,efficient2,0.6.3-NG1.0,always_efficient2,0,0,1,0,0,1,0,0,0,0,0,0.0,0.0,0.0,0.0,0.0,0.0,0.0,0.0,0.0,0.0,0.0,0.0005216940000000006,3.465e-06,0.0005216940000000006,0.0,0.0,0.0,0.0,0.0,0.0,0.0,0.0,0.0,0.0,0.0,0.0,0.0,0.0,26.0,24.84244947140174,0.9444309990792511,468,True,-1.0853422651280198e-05,screening,always_efficient2,cue_reversal,9.525083780288696
SOMA-CELL 0.6.3,8002,26.000000000000234,1,0,0,0,0,0.9986143165225708,0.9986143165225708,0.08390724832932758,0.7087023165567351,0.2869663025202393,1.6657350618441615,0.0,440,0.0,0.0,0.5587397741416068,0.0,4.225209723792352,0.7503884335816924,17.14935074521339,-1.075836231123617e-05,0.0,0.012583477225307478,0,0,0,624.0,624,1,1,39.0,1.9788288615156053,1.8202229287561278,0,1,1,0.05555555555555555,0.0,0,0,0,0,0,0,0,0.0034484380532123554,0.0034484380532123554,0.34484380532123554,0.008271329377794876,0.999305631689808,0.004955129311730043,0.0008403905603599854,0.010211112052600427,3.661592718712093e-05,0.00012105193053767705,0.054518170074997534,0.02985762057763635,0.019409477069605,0.0,0,0.0,26.000000000000234,0.1,pulsed,0,0,0,,0.799015831370803,-0.5228484427048231,0.0,0.0,0.0,0.0,0.0,0,3,-0.3590211721464016,-0.020592307661868918,2.216304784415894e-08,0.5554619001685042,0.31942467285199105,0.11428571428571428,0.11428571428571428,0.11428571428571428,0.0,0.4519495583138229,0.07748039830546136,0.021862485373288484,3.2329186989282777e-05,4.0,12.0,patchy,10.0,0,0.0,0.22872685277965185,0.3985392435799029,0.4577768381028975,0.12161360266121239,0,0.0,0.0,0.0,0,0.0,0,0,0,0,0,0,0.0,0.0,0,0,0,0,0,0.0,0.0,0.0,0,0,0.6-P0.2,3,0.026431301780636348,0.007998322543328553,0.23850144428215203,0.048897754753005215,8.52862041385025e-05,0.01438284422490221,2511,313,463,0,0,0.02055470565094534,0.028343049102059915,8.52862041385025e-05,0.0,0.012471096903478588,0.0019117473214236228,0.0,1405,0.6-P1.1,none,native,0,0,0,0,0,0.0,0.0,0.0,0.0,0.0,0,0.0,0,0,0.6-P2.2,full,cue_reversal,1,2,1,0,0.004121439060309958,0.005792082216919892,926,0,0,0,25.72222222222245,8.277777777777551,0.07680241630620482,0.007542814419225848,[0.0225 0.0225 0.0225 0.0225 0.0225 0.0225 0.0225 0.0225],50,0,0,0.5216401572961779,0.002906807106652065,0.0019117473214236215,4.8839603727996074e-05,0.11851728603046524,2,1,2,3,0.5294013195497889,0.021891122442783885,0.007314559014152503,0.12465048920437152,7.5730620105121185,3.522553062700514,1.0781375146267116,468,468,0.6-F2.0,full,1,1,5.441333333333347e-05,0.00011129999999999976,0,0,0,0,0,0.0,0.0,0.0,0,0.0,0.0,0.0,0.78,0.0,0.78,0.0,0.0,1,1,0,0,0.0,1.0,0,0,5,0,0,0,0,468,468,0.6.1-D1.4,off,1,0,0,0,0,0,0.0,0.0,0.0,0.0,0,0,0.0,0.0,0,0,0,0,0,0.0,0,0.0,468,0,0,0.8,0.0,0.0,1.0,0.0,0,0,0,0,0.0,0.0,0,0,0,1.0,0.0,0.0,0.0,0.0,0,0,0.0,468,8.52862041385025e-05,0.0,0,0,0,0,0,0,0.0,0.0,0.0,0.0,0,0,0.6.2-M1.1,efficient2,2,0,0.0,0.0,0.0005210780000000007,0.0,0.0,2.205e-06,0.0,0.0,0.0005210780000000007,2.205e-06,468,no_tissue,efficient2,0.6.3-NG1.0,always_efficient2,0,0,1,0,0,1,0,0,0,0,0,0.0,0.0,0.0,0.0,0.0,0.0,0.0,0.0,0.0,0.0,0.0,0.0005210780000000007,2.205e-06,0.0005210780000000007,0.0,0.0,0.0,0.0,0.0,0.0,0.0,0.0,0.0,0.0,0.0,0.0,0.0,0.0,26.0,24.123340863269537,0.5294013195497889,468,True,-1.075836231123617e-05,screening,always_efficient2,cue_reversal,10.425888061523438
SOMA-CELL 0.6.3,8003,26.000000000000234,1,0,0,0,0,0.9983020179066651,0.9983020179066651,0.25777017696974214,0.7303258886863195,0.44011542124706626,1.757905045171807,0.0,440,0.0,0.0,0.7976777214259432,0.0,4.516230557037467,1.0936954981351346,17.139778146851732,-1.2955735130049106e-05,0.0,0.013289451624486713,0,0,0,624.0,624,1,1,39.0,2.0605053721472615,1.973193776874604,0,1,1,0.05555555555555555,0.0,0,0,0,0,0,0,0,0.016382682820520036,0.016382682820520036,1.6382682820520036,0.06822794664307048,0.9992268292106877,0.005992413734766905,0.0010299547265771375,0.07350367534690114,4.327803423301073e-05,0.0001451088354895407,0.06283863633177912,0.03788664890552399,0.01612701689448396,0.0,0,0.0,26.000000000000234,0.1,pulsed,0,0,0,,0.9257437253491471,-0.1974125030456711,0.0,0.0,0.0,0.0,0.0,0,7,-0.1598848901600059,-0.06872880882315462,2.0947118630222405e-07,0.8109903036030771,0.7925988996047959,0.11428571428571428,0.11428571428571428,0.11428571428571428,0.0,0.8583101853845522,0.2339416718250213,0.10294063456173841,5.6388178895250274e-05,4.0,12.0,patchy,10.0,0,0.0,0.49685702212480803,0.04404260462318918,0.30842669714830684,0.408509025534214,0,0.0,0.0,0.0,0,0.0,0,0,0,0,0,0,0.0,0.0,0,0,0,0,0,0.0,0.0,0.0,0,0,0.6-P0.2,3,0.026298726071317908,0.008000127796418191,0.2209876335853054,0.04959188142268166,2.9586965587375964e-05,0.01526344058935853,2459,122,463,0,0,0.021203011771513174,0.028388869651168516,2.9586965587375964e-05,0.0,0.013173297009507772,0.0020901435798507586,0.0,1405,0.6-P1.1,none,native,0,0,0,0,0,0.0,0.0,0.0,0.0,0.0,0,0.0,0,0,0.6-P2.2,full,cue_reversal,1,2,1,0,0.004727610739165045,0.005141324474866111,926,0,0,0,25.72222222222245,8.277777777777551,0.08658909611351337,0.009177327565384917,[0.0225 0.0225 0.0225 0.0225 0.0225 0.0225 0.0225 0.0225],104,0,0,0.460466078486008,0.003650164401826929,0.0020901435798507603,0.00010115736766949861,0.09529075719266791,2,1,2,3,1.0922267660359513,0.10296572573536027,0.06662673610775857,0.10189295860531605,7.166701116046674,3.366091610194196,0.9970593654382618,468,468,0.6-F2.0,full,1,1,0.00010973355555555605,0.00022445500000000152,0,0,0,0,0,0.0,0.0,0.0,0,0.0,0.0,0.0,0.78,0.0,0.78,0.0,0.0,1,1,0,0,0.0,1.0,0,0,5,0,0,0,0,468,468,0.6.1-D1.4,off,1,0,0,0,0,0,0.0,0.0,0.0,0.0,0,0,0.0,0.0,0,0,0,0,0,0.0,0,0.0,468,0,0,0.8,0.0,0.0,1.0,0.0,0,0,0,0,0.0,0.0,0,0,0,1.0,0.0,0.0,0.0,0.0,0,0,0.0,468,2.9586965587375964e-05,0.0,0,0,0,0,0,0,0.0,0.0,0.0,0.0,0,0,0.6.2-M1.1,efficient2,2,0,0.0,0.0,0.0005221560000000008,0.0,0.0,4.41e-06,0.0,0.0,0.0005221560000000008,4.41e-06,468,no_tissue,efficient2,0.6.3-NG1.0,always_efficient2,0,0,1,0,0,1,0,0,0,0,0,0.0,0.0,0.0,0.0,0.0,0.0,0.0,0.0,0.0,0.0,0.0,0.0005221560000000008,4.41e-06,0.0005221560000000008,0.0,0.0,0.0,0.0,0.0,0.0,0.0,0.0,0.0,0.0,0.0,0.0,0.0,0.0,26.0,25.34236637446727,1.0922267660359513,468,True,-1.2955735130049106e-05,screening,always_efficient2,cue_reversal,9.824230909347534
SOMA-CELL 0.6.3,8004,26.000000000000234,1,0,0,0,0,0.9983541175644342,0.9983541175644342,0.2676440342152975,0.7292645997729299,0.4446389954503598,1.7576444575369485,0.0,440,0.0,0.0,0.8014298715371124,0.0,4.5001614666929175,1.0990351777008265,17.13481527888099,-1.3606254075426705e-05,0.0,0.012184947910734038,0,0,0,624.0,624,1,1,39.0,2.055733889362116,1.9656029889781061,0,1,1,0.05555555555555555,0.0,0,0,0,0,0,0,0,0.01444205503817123,0.01444205503817123,1.444205503817123,0.060498017621707374,0.9992551163237012,0.005795462581726706,0.0009983262958131016,0.06407886689821206,4.175137267720213e-05,0.0001407461987017697,0.06185137671419333,0.037610165097134635,0.01647990518931369,0.0,0,0.0,26.000000000000234,0.1,pulsed,0,0,0,,0.928964403281427,-0.11250244359208565,0.0,0.0,0.0,0.0,0.0,0,5,-0.1512198791474651,-0.068301927024803,8.374179445192423e-08,0.8112265001833706,0.7956541497686712,0.11428571428571428,0.11428571428571428,0.11428571428571428,0.0,0.8641326320641963,0.22841808279192458,0.09688075837098371,3.628911511525945e-05,4.0,12.0,patchy,10.0,0,0.0,0.5200470460850273,0.08408554652266646,0.2918811024328268,0.45334835537186596,0,0.0,0.0,0.0,0,0.0,0,0,0,0,0,0,0.0,0.0,0,0,0,0,0,0.0,0.0,0.0,0,0,0.6-P0.2,3,0.026479649558194596,0.008000129697641134,0.19642682434339875,0.048241432465163256,2.927020270300203e-05,0.013732383006624809,2400,117,463,0,0,0.020085386290481875,0.028156046174681468,2.927020270300203e-05,0.0,0.012055986390137835,0.001676396616486975,0.0,1405,0.6-P1.1,none,native,0,0,0,0,0,0.0,0.0,0.0,0.0,0.0,0,0.0,0,0,0.6-P2.2,full,cue_reversal,1,2,1,0,0.0044963019906448624,0.005149972566187795,926,0,0,0,25.72222222222245,8.277777777777551,0.0821145565147476,0.009164907440333762,[0.0225 0.0225 0.0225 0.0225 0.0225 0.0225 0.0225 0.0225],78,0,0,0.3709118255334377,0.0025605665249093384,0.001676396616486975,0.00010153292229404761,0.10215921588048929,2,1,2,3,1.0925194505472715,0.09691202267983301,0.05879478956201863,0.1119014076514756,7.160880355085824,3.3716190377724025,1.0031192416290164,468,468,0.6-F2.0,full,1,1,0.00010973355555555605,0.00022445500000000152,0,0,0,0,0,0.0,0.0,0.0,0,0.0,0.0,0.0,0.78,0.0,0.78,0.0,0.0,1,1,0,0,0.0,1.0,0,0,6,0,0,0,0,468,468,0.6.1-D1.4,off,1,0,0,0,0,0,0.0,0.0,0.0,0.0,0,0,0.0,0.0,0,0,0,0,0,0.0,0,0.0,468,0,0,0.8,0.0,0.0,1.0,0.0,0,0,0,0,0.0,0.0,0,0,0,1.0,0.0,0.0,0.0,0.0,0,0,0.0,468,2.927020270300203e-05,0.0,0,0,0,0,0,0,0.0,0.0,0.0,0.0,0,0,0.6.2-M1.1,efficient2,2,0,0.0,0.0,0.0005221560000000008,0.0,0.0,4.41e-06,0.0,0.0,0.0005221560000000008,4.41e-06,468,no_tissue,efficient2,0.6.3-NG1.0,always_efficient2,0,0,1,0,0,1,0,0,0,0,0,0.0,0.0,0.0,0.0,0.0,0.0,0.0,0.0,0.0,0.0,0.0,0.0005221560000000008,4.41e-06,0.0005221560000000008,0.0,0.0,0.0,0.0,0.0,0.0,0.0,0.0,0.0,0.0,0.0,0.0,0.0,0.0,26.0,25.34928541025796,1.0925194505472715,468,True,-1.3606254075426705e-05,screening,always_efficient2,cue_reversal,10.34775996208191
SOMA-CELL 0.6.3,8001,26.000000000000234,1,0,0,0,0,0.9975424847136664,0.9975424847136664,0.0,0.7110027292009635,2.6287561115225946e-07,1.6873415595308203,0.0,440,0.0,0.0,0.5220940348230189,0.0,4.267298807871068,0.7166562924909482,17.15813972525264,-1.0804322194246652e-05,0.0,0.01109691881402053,0,0,0,624.0,624,1,1,39.0,1.9808161810014637,1.833718204009019,0,1,1,0.05555555555555555,0.0,0,0,0,0,0,0,0,0.0032411945108126606,0.0032411945108126606,0.32411945108126605,0.005266055113871772,0.9984915458511053,0.006268047908719126,0.0014912363233042767,0.005608189556332283,3.540102304651982e-05,0.0,0.05160016059579047,0.02844188907955896,0.017903768639773856,0.0,0,0.0,26.000000000000234,0.1,pulsed,0,0,0,,0.2462399038945919,0.14963275851547173,0.0,0.0,0.0,0.0,0.0,0,3,-0.45709978997622697,-0.024938135616635233,1.4752669466014565e-08,0.7103411692623921,0.33421052424667796,0.11428571428571428,0.11428571428571428,0.11428571428571428,0.0,0.4230996530216866,0.10683401628922964,0.020926532548521597,3.505084815526305e-05,4.0,12.0,patchy,10.0,0,0.0,0.3541893859716086,0.28915340663958605,0.4602263371275684,0.10223273605046734,0,0.0,0.0,0.0,0,0.0,0,0,0,0,0,0,0.0,0.0,0,0,0,0,0,0.0,0.0,0.0,0,0,0.6-P0.2,4,0.0351553735926413,0.007653169024533453,2.4222184147582415,0.24342735939381085,0.1888585001270311,0.011760316649607118,2333,349,343,0,0,0.19709614200612638,0.04633121738768458,0.1784585001270311,0.010400000000000001,0.0109844728545639,0.0007758437950432183,0.0,1185,0.6-P1.1,none,native,0,0,0,0,0,0.0,0.0,0.0,0.0,0.0,0,0.0,0,0,0.6-P2.2,full,cue_reversal,1,2,1,0,0.01018003160325323,0.011980790521254803,350,104,3,3,19.055555555555593,0.0,0.06804498158435543,0.019812359800570715,[0.0225 0.0225 0.0225 0.0225 0.0225 0.0225 0.0225 0.0225],60,0,0,0.22519300862001226,0.000970114031003174,0.0007758437950432177,1.5598267689644104e-05,0.08189045213788995,2,1,2,3,0.5195141283141221,0.03134607354531577,0.0050394196618496895,0.10633149995032301,7.60191204323036,3.4931991142087826,1.0790734674514788,344,344,0.6-F2.0,full,1,0,0.0,0.0,0,0,0,0,0,0.0,0.0,0.0,0,0.0,0.0,0.0,0.0,0.0,0.0,0.0,0.0,0,0,0,0,0.0,1.0,0,0,0,0,0,0,0,344,344,0.6.1-D1.4,off,1,0,0,0,0,0,0.0,0.0,0.0,0.0,0,0,0.0,0.0,0,0,0,0,0,0.0,0,0.0,468,0,0,0.8,0.0,0.0,1.0,0.0,0,0,0,0,0.0,0.0,0,0,0,1.0,0.0,0.0,0.0,0.0,0,0,0.0,343,0.17377850012703103,0.0,0,0,0,0,0,0,0.0,0.0,0.0,0.0,0,0,0.6.2-M1.1,efficient2,2,6,0.0,0.00468,0.0002801540000000001,0.0,0.0004080000000000001,3.1500000000000005e-07,0.0,0.0,0.0006881540000000003,3.1500000000000005e-07,468,no_tissue,efficient2,0.6.3-NG1.0,demand_no_reabsorption,0,0,0,0,1,1,0,0,1,1,0,0.03766806953921937,0.004381094240591108,0.0,0.6974804751652539,0.0,2.74211733186898e-05,0.04118293121709595,0.0006904007999999824,1.362083333333345e-06,0.0,0.0,0.0006881540000000003,3.1500000000000005e-07,0.0002801540000000001,0.0,0.0004080000000000001,0.006599533333333336,0.0002000000000000001,0.00198,0.0064,0.0021,0.0019,0.0064,0.0021,0.0019,0.0,19.055555555555593,0.05555555555555555,26.0,23.123147897707483,0.5195141283141221,468,True,-1.0804322194246652e-05,screening,demand_no_reabsorption,cue_reversal,3.4982078075408936
SOMA-CELL 0.6.3,8002,26.000000000000234,1,0,0,0,0,0.998652056977205,0.998652056977205,0.02678105917369124,0.7095729888813894,0.1414443689670623,1.6716882929115273,0.0,440,0.0,0.0,0.5480051383633788,0.0,4.226191854103854,0.7427069743577199,17.14901182777396,-1.0433962380318462e-05,0.0,0.01103362177100145,0,0,0,624.0,624,1,1,39.0,1.979526812151843,1.82061390448326,0,1,1,0.05555555555555555,0.0,0,0,0,0,0,0,0,0.001953247360143176,0.001953247360143176,0.1953247360143176,-0.0007217121476617345,0.9993559680261931,0.004875360572194688,0.0008174862516359578,0.0029299766099733313,3.6067886398353675e-05,0.00012216783856017292,0.055413790526355367,0.029308310764810448,0.01941631810494407,0.0,0,0.0,26.000000000000234,0.1,pulsed,0,0,0,,0.6246276955537295,-0.9711459485279621,0.0,0.0,0.0,0.0,0.0,0,2,-0.47500475050224145,-0.023319799932909054,1.7166368514597438e-08,0.5652312856438987,0.36172087678349496,0.11428571428571428,0.11428571428571428,0.11428571428571428,0.0,0.43556556177022593,0.08698413821981288,0.022391012265250403,2.7880286251141806e-05,4.0,12.0,patchy,10.0,0,0.0,0.23814570615399938,0.3967771343795565,0.4634274815495006,0.11216256537154844,0,0.0,0.0,0.0,0,0.0,0,0,0,0,0,0,0.0,0.0,0,0,0,0,0,0.0,0.0,0.0,0,0,0.6-P0.2,4,0.034692764974756915,0.007917419830162153,2.4198536778515063,0.2460044829476428,0.19161136182277322,0.011782936319953027,2343,366,343,0,0,0.20002893869550373,0.045975544252139226,0.18121136182277323,0.010400000000000001,0.010900157042570814,0.0008827792773822129,0.0,1185,0.6-P1.1,none,native,0,0,0,0,0,0.0,0.0,0.0,0.0,0.0,0,0.0,0,0,0.6-P2.2,full,cue_reversal,1,2,1,0,0.008129730886178087,0.009074968717508168,350,98,4,4,19.055555555555593,0.0,0.06828654803744166,0.013602116236399705,[0.0225 0.0225 0.0225 0.0225 0.0225 0.0225 0.0225 0.0225],0,0,0,0.2603495107650167,0.0009688375140208842,0.0008827792773822151,1.780382044458626e-05,0.11452992754297826,2,1,2,3,0.5225193899162458,0.022421322339043398,0.006363512275510255,0.12238942404944564,7.589448731723136,3.5130552798545027,1.0776089877347497,344,344,0.6-F2.0,full,1,0,0.0,0.0,0,0,0,0,0,0.0,0.0,0.0,0,0.0,0.0,0.0,0.0,0.0,0.0,0.0,0.0,0,0,0,0,0.0,1.0,0,0,0,0,0,0,0,344,344,0.6.1-D1.4,off,1,0,0,0,0,0,0.0,0.0,0.0,0.0,0,0,0.0,0.0,0,0,0,0,0,0.0,0,0.0,468,0,0,0.8,0.0,0.0,1.0,0.0,0,0,0,0,0.0,0.0,0,0,0,1.0,0.0,0.0,0.0,0.0,0,0,0.0,343,0.17653136182277318,0.0,0,0,0,0,0,0,0.0,0.0,0.0,0.0,0,0,0.6.2-M1.1,efficient2,2,6,0.0,0.00468,0.0003001540000000002,0.0,0.00038400000000000006,3.1500000000000005e-07,0.0,0.0,0.0006841540000000002,3.1500000000000005e-07,468,no_tissue,efficient2,0.6.3-NG1.0,demand_no_reabsorption,0,0,0,0,1,1,0,0,1,0,1,0.03625449499149826,0.0032785060933686397,0.0,0.6985068114257239,0.0,2.8227134815225243e-05,0.041851420095763064,0.0006904007999999824,1.362083333333345e-06,0.0,0.0,0.0006841540000000002,3.1500000000000005e-07,0.0003001540000000002,0.0,0.00038400000000000006,0.006599545000000003,0.0002000000000000001,0.00198,0.0064,0.0021,0.0019,0.0064,0.0021,0.0019,0.0,19.055555555555593,0.05555555555555555,26.0,23.904671281362443,0.5225193899162458,468,True,-1.0433962380318462e-05,screening,demand_no_reabsorption,cue_reversal,3.6705217361450195
SOMA-CELL 0.6.3,8003,26.000000000000234,1,0,0,0,0,0.9984174494074615,0.9984174494074615,0.24794030036636547,0.7322205842943516,0.43806496095504355,1.7567945931421178,0.0,440,0.0,0.0,0.7920775555481308,0.0,4.4960308404433125,1.0874271047062019,17.139851579035582,-1.377105695965497e-05,0.0,0.01447733310981518,0,0,0,624.0,624,1,1,39.0,2.061635947078564,1.9740629289911282,0,1,1,0.05555555555555555,0.0,0,0,0,0,0,0,0,0.012349368787992154,0.012349368787992154,1.2349368787992154,0.0506214331854003,0.9992611296030163,0.005618647220885946,0.0009598813020885301,0.053871679800330446,4.629965955560964e-05,0.00013636609271506364,0.0627783818536324,0.03723764172529264,0.01622176982410289,0.0,0,0.0,26.000000000000234,0.1,pulsed,0,0,0,,0.9233977488758298,-0.125758712029281,0.0,0.0,0.0,0.0,0.0,0,7,-0.166103793044352,-0.05602141082747268,1.4908519710542973e-07,0.8112271608361046,0.7750953095233536,0.11428571428571428,0.11428571428571428,0.11428571428571428,0.0,0.8586461377366543,0.22339765421294464,0.08661580883420737,4.809032057384588e-05,4.0,12.0,patchy,10.0,0,0.0,0.5157840176622313,0.03621057387958437,0.32501540392206996,0.41822164667775785,0,0.0,0.0,0.0,0,0.0,0,0,0,0,0,0,0.0,0.0,0,0,0,0,0,0.0,0.0,0.0,0,0,0.6-P0.2,4,0.035162405362157007,0.008448956189930797,0.9415274940099699,0.12037411843008977,0.05747840000000035,0.01574435687800052,2393,356,353,0,6,0.06986565517083435,0.05050846325925545,0.04707840000000035,0.013940000000000003,0.014338298980902477,0.0014060578970980446,0.0,1203,0.6-P1.1,none,native,0,0,0,0,0,0.0,0.0,0.0,0.0,0.0,0,0.0,0,0,0.6-P2.2,full,cue_reversal,1,2,1,0,0.007048570473319428,0.005477774894683226,370,256,5,5,19.611111111111164,0.0,0.06952173385677761,0.007234964225674489,[0.0225 0.0225 0.0225 0.0225 0.0225 0.0225 0.0225 0.0225],94,0,0,0.30875331822123825,0.0024068860810233183,0.0014060578970980474,0.0002999710224804068,0.08994687360505633,2,1,2,3,1.08200727683069,0.08665232395311603,0.04938674763293023,0.10288989319176275,7.166367830212452,3.3766416125078242,1.0133841911657926,354,354,0.6-F2.0,full,1,0,0.0,0.0,0,0,0,0,0,0.0,0.0,0.0,0,0.0,0.0,0.0,0.0,0.0,0.0,0.0,0.0,0,0,0,0,0.0,1.0,0,0,0,0,0,0,0,354,354,0.6.1-D1.4,off,1,0,0,0,0,0,0.0,0.0,0.0,0.0,0,0,0.0,0.0,0,0,0,0,0,0.0,0,0.0,468,0,0,0.8,0.0,0.0,1.0,0.0,0,0,0,0,0.0,0.0,0,0,0,1.0,0.0,0.0,0.0,0.0,0,0,0.0,353,0.04375200000000033,0.0,0,0,0,0,0,0,0.0,0.0,0.0,0.0,0,0,0.6.2-M1.1,efficient2,2,6,0.0035400000000000006,0.0033264,0.00029446600000000017,0.0,0.0010282936000000002,9.135000000000001e-06,0.0,2.514600000000001e-05,0.0013227596000000004,3.428100000000001e-05,468,no_tissue,efficient2,0.6.3-NG1.0,demand_no_reabsorption,0,0,0,0,1,1,0,0,1,0,1,0.037193249676485685,0.004010734747658833,0.0,0.6655640446626374,0.0,2.988080140187737e-05,0.02121006881141704,0.0006904007999999824,1.362083333333345e-06,0.0,0.0,0.0013227596000000004,3.428100000000001e-05,0.00029446600000000017,0.0,0.0010282936000000002,0.006598953888888895,0.0002000000000000001,0.00198,0.0064,0.0021,0.0019,0.0064,0.0021,0.0019,0.0,19.611111111111164,0.05555555555555555,26.0,25.33693877257066,1.08200727683069,468,True,-1.377105695965497e-05,screening,demand_no_reabsorption,cue_reversal,3.6648571491241455
SOMA-CELL 0.6.3,8004,26.000000000000234,1,0,0,0,0,0.9981677036382215,0.9981677036382215,0.24997809245210417,0.7317577548154034,0.43138822247651304,1.7586099755404916,0.0,440,0.0,0.0,0.8020281809137408,0.0,4.539326959499571,1.0994334517017232,17.134837086781594,-1.4024506331367093e-05,0.0,0.014164535339705563,0,0,0,624.0,624,1,1,39.0,2.0579010693922073,1.9697200832239126,0,1,1,0.05555555555555555,0.0,0,0,0,0,0,0,0,0.02091421897273051,0.02091421897273051,2.091421897273051,0.08838641744957118,0.999135839232246,0.006423758193291947,0.0011115012546109484,0.09550773388281261,5.13622753715258e-05,0.00015526857073223642,0.0665695875121628,0.03864190273752531,0.016425903485528973,0.0,0,0.0,26.000000000000234,0.1,pulsed,0,0,0,,0.9212349858982191,-0.20619626763059035,0.0,0.0,0.0,0.0,0.0,0,5,-0.169499908560662,-0.10454257705765535,2.2178817318123884e-07,0.8109895479529428,0.824134159417364,0.11428571428571428,0.11428571428571428,0.11428571428571428,0.0,0.8663598731726524,0.23365283810991064,0.12897200931563527,5.599859472853186e-05,4.0,12.0,patchy,10.0,0,0.0,0.5107378211093554,0.0878979721737993,0.2820084180777532,0.4497226117920701,0,0.0,0.0,0.0,0,0.0,0,0,0,0,0,0,0.0,0.0,0,0,0,0,0,0.0,0.0,0.0,0,0,0.6-P0.2,4,0.03527833414104298,0.008449061603560404,0.9184791646188271,0.11993825251427867,0.05747840000000035,0.015192456769673743,2323,356,353,0,6,0.06953533368628964,0.05040291882798901,0.04707840000000035,0.013940000000000003,0.014007872082728036,0.0011845846869457072,0.0,1203,0.6-P1.1,none,native,0,0,0,0,0,0.0,0.0,0.0,0.0,0.0,0,0.0,0,0,0.6-P2.2,full,cue_reversal,1,2,1,0,0.00788538557561595,0.006430043730192727,370,244,5,5,19.611111111111164,0.0,0.06716594040843521,0.00815061146982918,[0.0225 0.0225 0.0225 0.0225 0.0225 0.0225 0.0225 0.0225],80,0,0,0.2646012094040432,0.002105191617357398,0.0011845846869457076,0.00029903086098579025,0.09778270907506392,2,1,2,3,1.0999747270314528,0.1290099935667455,0.08730828037197805,0.11388377370901594,7.158656105731117,3.3663920539953716,0.9710285158538127,354,354,0.6-F2.0,full,1,0,0.0,0.0,0,0,0,0,0,0.0,0.0,0.0,0,0.0,0.0,0.0,0.0,0.0,0.0,0.0,0.0,0,0,0,0,0.0,1.0,0,0,0,0,0,0,0,354,354,0.6.1-D1.4,off,1,0,0,0,0,0,0.0,0.0,0.0,0.0,0,0,0.0,0.0,0,0,0,0,0,0.0,0,0.0,468,0,0,0.8,0.0,0.0,1.0,0.0,0,0,0,0,0.0,0.0,0,0,0,1.0,0.0,0.0,0.0,0.0,0,0,0.0,353,0.04375200000000033,0.0,0,0,0,0,0,0,0.0,0.0,0.0,0.0,0,0,0.6.2-M1.1,efficient2,2,6,0.0035400000000000006,0.0033264,0.0003147740000000002,0.0,0.0009797128000000003,9.765e-06,0.0,2.3958000000000007e-05,0.0012944868000000003,3.372300000000001e-05,468,no_tissue,efficient2,0.6.3-NG1.0,demand_no_reabsorption,0,0,0,0,1,1,0,0,1,1,0,0.039131366196100706,0.005522465632958551,0.0,0.6645998211286384,0.0,3.2421085289647944e-05,0.02308050748996928,0.0006904007999999824,1.362083333333345e-06,0.0,0.0,0.0012944868000000003,3.372300000000001e-05,0.0003147740000000002,0.0,0.0009797128000000003,0.006598950000000006,0.0002000000000000001,0.00198,0.0064,0.0021,0.0019,0.0064,0.0021,0.0019,0.0,19.611111111111164,0.05555555555555555,26.0,25.323777876085863,1.0999747270314528,468,True,-1.4024506331367093e-05,screening,demand_no_reabsorption,cue_reversal,3.6465609073638916
SOMA-CELL 0.6.3,8001,26.000000000000234,1,0,0,0,0,0.9986521059705136,0.9986521059705136,0.292966926587026,0.7255780095196485,0.45529418918864006,1.7178268219235184,0.0,440,0.0,0.0,0.6419829836727209,0.0,4.430358069728864,0.8449771586928011,17.157202845144095,-1.0804724944080135e-05,0.0,0.010460516334402845,0,0,0,624.0,624,1,1,39.0,2.044288606934166,1.9384710576861646,0,1,1,0.05555555555555555,0.0,0,0,0,0,0,0,0,0.002873895983334799,0.002873895983334799,0.2873895983334799,0.006654830511820161,0.9992251066700816,0.004828859404542862,0.0008174565186439541,0.007340484976812242,3.5700658998310464e-05,0.00012413385037330423,0.055241852326381485,0.03284924322192571,0.01837923211335393,0.0,0,0.0,26.000000000000234,0.1,pulsed,0,0,0,,0.936513168329378,-0.16515359565087803,0.0,0.0,0.0,0.0,0.0,0,3,-0.07070698232492073,-0.00952727007980956,2.697743769527528e-08,0.6923870561973445,0.3268177116852317,0.11428571428571428,0.11428571428571428,0.11428571428571428,0.0,0.6698727613177331,0.15191754120073744,0.021386907509159756,3.505084815526305e-05,4.0,12.0,patchy,10.0,0,0.0,0.3684664066794896,0.31456306567630266,0.49174616131392584,0.0781225189813228,0,0.0,0.0,0.0,0,0.0,0,0,0,0,0,0,0.0,0.0,0,0,0,0,0,0.0,0.0,0.0,0,0,0.6-P0.2,4,0.03489858266938407,0.007908978467073958,2.308927098409129,0.23743593028547605,0.1835070958435907,0.011121273305429683,2249,351,343,0,0,0.19136411022008926,0.04607182006538712,0.1731070958435907,0.010400000000000001,0.010348035909426857,0.0007732373960028263,0.0,1185,0.6-P1.1,none,native,0,0,0,0,0,0.0,0.0,0.0,0.0,0.0,0,0.0,0,0,0.6-P2.2,full,cue_reversal,1,2,1,0,0.006080373034080015,0.0034262793922764222,0,46,3,3,19.055555555555593,0.0,0.06852938733938466,0.01354606015872002,"[0.0225, 0.0225, 0.0225, 0.0225, 0.0225, 0.0225, 0.0225, 0.0225]",76,0,0,0.2115795634923293,0.0009518047857693641,0.0007732373960028258,4.062644628766623e-05,0.06651229934355825,2,1,2,3,0.8217652983224968,0.021411911705133468,0.005421584397547085,0.10060189684011535,7.355138934934315,3.4481155892972746,1.0786130924908404,344,344,0.6-F2.0,full,1,0,0.0,0.0,0,0,0,0,0,0.0,0.0,0.0,0,0.0,0.0,0.0,0.0,0.0,0.0,0.0,0.0,0,0,0,0,0.0,1.0,0,0,0,0,0,0,0,344,344,0.6.1-D1.4,off,1,0,0,0,0,0,0.0,0.0,0.0,0.0,0,0,0.0,0.0,0,0,0,0,0,0.0,0,0.0,468,0,0,0.8,0.0,0.0,1.0,0.0,0,0,0,0,0.0,0.0,0,0,0,1.0,0.0,0.0,0.0,0.0,0,0,0.0,343,0.1684270958435907,0.0,0,0,0,0,0,0,0.0,0.0,0.0,0.0,0,0,0.6.2-M1.1,efficient2,2,6,0.0,0.00468,0.0,0.0,0.00017600000000000005,0.0,0.0,0.0,0.00017600000000000005,0.0,468,no_tissue,efficient2,0.6.3-NG1.0,demand_no_prediction,0,0,0,0,1,1,0,0,1,1,0,0.03766806953921937,0.004381094240591108,0.0,0.6974804751652539,0.0,2.74211733186898e-05,0.04118293121709595,0.0006904007999999824,1.362083333333345e-06,0.0,0.0,0.00017600000000000005,0.0,0.0,0.0,0.00017600000000000005,0.006599599444444447,0.0002000000000000001,0.00198,0.0064,0.0021,0.0019,0.0064,0.0021,0.0019,0.0,19.055555555555593,0.05555555555555555,26.0,24.59581709537428,0.8217652983224968,468,True,-1.0804724944080135e-05,screening,demand_no_prediction,cue_reversal,3.4557809829711914
SOMA-CELL 0.6.3,8002,26.000000000000234,1,0,0,0,0,0.9985537046562895,0.9985537046562895,0.024837884002125565,0.7178690353585696,0.13288683158804607,1.676808710811279,0.0,440,0.0,0.0,0.5510368938207036,0.0,4.229466281528648,0.7457897628358644,17.149006154561054,-1.0436839637861794e-05,0.0,0.010436969159559396,0,0,0,624.0,624,1,1,39.0,1.9718623771221695,1.8135728513949656,0,1,1,0.05555555555555555,0.0,0,0,0,0,0,0,0,0.0046020624567682635,0.0046020624567682635,0.46020624567682633,0.016258954569616933,0.995812977787755,0.005049511621432997,0.0008771771141548588,0.009767156692850871,7.97116494500352e-05,0.0,0.06343827011842766,0.02946119271980242,0.019497110065258772,0.0,0,0.0,26.000000000000234,0.1,pulsed,0,0,0,,0.6116385983276937,-0.9689775050459638,0.0,0.0,0.0,0.0,0.0,0,2,-0.47728808583387133,-0.06176700735077699,1.7073314836226293e-08,0.565231285742306,0.3962819021264048,0.11428571428571428,0.11428571428571428,0.11428571428571428,0.0,0.435565575609731,0.08698414677640443,0.028753878985000713,2.7880286251141806e-05,4.0,12.0,patchy,10.0,0,0.0,0.22499372185069355,0.4056442985928207,0.4612008771239753,0.1251527977840068,0,0.0,0.0,0.0,0,0.0,0,0,0,0,0,0,0.0,0.0,0,0,0,0,0,0.0,0.0,0.0,0,0,0.6-P0.2,1,0.010221365,0.0004500000000000254,2.385373869432592,0.24168618499367256,0.19628635578026113,0.011108682224025498,2155,325,313,0,3,0.195710981939065,0.045975203054607706,0.18495747782128935,0.03494865994836004,0.010303504117777921,0.0008051781062475766,0.0,1126,0.6-P1.1,none,native,0,0,0,0,0,0.0,0.0,0.0,0.0,0.0,0,0.0,0,0,0.6-P2.2,full,cue_reversal,0,0,1,0,0.0,0.0,0,0,0,0,0.0,0.0,0.0,0.0,"[0.0, 0.0, 0.0, 0.0, 0.0, 0.0, 0.0, 0.0]",0,0,0,0.0,0.0,0.0,0.0,0.12883448518454185,2,1,2,3,0.5225194123123424,0.028784189058793694,0.012519331393250005,0.1223894011111144,7.589448717883632,3.513055271297911,1.0712461210149993,314,314,0.6-F2.0,full,0,0,0.0,0.0,0,0,0,0,0,0.0,0.0,0.0,0,0.0,0.0,0.0,0.0,0.0,0.0,0.0,0.0,0,0,0,0,0.0,0.0,0,0,0,0,0,0,0,314,314,0.6.1-D1.4,off,0,0,0,0,0,0,0.0,0.0,0.0,0.0,0,0,0.0,0.0,0,0,0,0,0,0.0,0,0.0,468,0,0,0.8,0.0,0.0,0.0,0.0,0,0,0,0,0.0,0.0,0,0,0,0.0,0.0,0.0,0.0,0.0,0,0,0.0,0,0.0,0.0,0,0,0,0,0,0,0.0,0.0,0.0,0.0,0,0,0.6.2-M1.1,efficient2,0,0,0.0,0.0,0.0,0.0,0.0,0.0,0.0,0.0,0.0,0.0,468,no_tissue,efficient2,0.6.3-NG1.0,demand_no_prediction,0,0,0,0,0,1,1,0,1,0,1,0.03625449499149826,0.0032785060933686397,0.0,0.6985068114257239,0.0,2.8227134815225243e-05,0.041851420095763064,0.0006904007999999824,1.362083333333345e-06,0.024548659948360037,0.007527742400305411,0.000152,0.0,0.0,0.0,0.000152,0.006599545000000003,0.0002000000000000001,0.00198,0.0064,0.0021,0.0019,0.0064,0.0021,0.0019,0.0,17.38888888888888,0.05555555555555555,26.0,23.89915562144296,0.5225194123123424,468,True,-1.0436839637861794e-05,screening,demand_no_prediction,cue_reversal,3.4096760749816895
SOMA-CELL 0.6.3,8003,26.000000000000234,1,0,0,0,0,0.9983933564266219,0.9983933564266219,0.24493333922717245,0.7416658108993471,0.43543152708493377,1.7632173630451466,0.0,440,0.0,0.0,0.7969005371399869,0.0,4.4929985895094315,1.0945338806022424,17.139597822229955,-1.3772939901457448e-05,0.0,0.013838457530037523,0,0,0,624.0,624,1,1,39.0,2.057524534413066,1.970125895379751,0,1,1,0.05555555555555555,0.0,0,0,0,0,0,0,0,0.01387359992274489,0.01387359992274489,1.387359992274489,0.06347250586708167,0.9974029468418393,0.005673593852724417,0.0009745064298445282,0.05858042036848933,0.00015004931057964444,0.00019300858512288365,0.07167210797314295,0.037348341763381324,0.016113448282448883,0.0,0,0.0,26.000000000000234,0.1,pulsed,0,0,0,,0.9216320979960768,-0.20994084443423158,0.0,0.0,0.0,0.0,0.0,0,7,-0.15825016533159994,-0.06929269635297454,1.4905753756117428e-07,0.8112271608361046,0.7828392051697877,0.11428571428571428,0.11428571428571428,0.11428571428571428,0.0,0.8586460390212232,0.2233975942245667,0.09094424930514683,4.809032057384588e-05,4.0,12.0,patchy,10.0,0,0.0,0.49210538103482276,0.04911458551864764,0.30261436030300193,0.40768185818417463,0,0.0,0.0,0.0,0,0.0,0,0,0,0,0,0,0.0,0.0,0,0,0,0,0,0.0,0.0,0.0,0,0,0.6-P0.2,1,0.010220773888888892,0.0004500000000000254,0.8797441651350483,0.11469148653616508,0.061960730020641216,0.015043100190648856,2085,319,313,0,9,0.06418616377859881,0.05050532275756632,0.050036740966160786,0.038940871490465434,0.013699422812437285,0.0013436773782115707,0.0,1124,0.6-P1.1,none,native,0,0,0,0,0,0.0,0.0,0.0,0.0,0.0,0,0.0,0,0,0.6-P2.2,full,cue_reversal,0,0,1,0,0.0,0.0,0,0,0,0,0.0,0.0,0.0,0.0,"[0.0, 0.0, 0.0, 0.0, 0.0, 0.0, 0.0, 0.0]",0,0,0,0.0,0.0,0.0,0.0,0.10841963190857466,2,1,2,3,1.082007118126881,0.09098076442405564,0.05357432880720373,0.10223086727317107,7.166367928927725,3.376641672495704,1.0090557506948534,314,314,0.6-F2.0,full,0,0,0.0,0.0,0,0,0,0,0,0.0,0.0,0.0,0,0.0,0.0,0.0,0.0,0.0,0.0,0.0,0.0,0,0,0,0,0.0,0.0,0,0,0,0,0,0,0,314,314,0.6.1-D1.4,off,0,0,0,0,0,0,0.0,0.0,0.0,0.0,0,0,0.0,0.0,0,0,0,0,0,0.0,0,0.0,468,0,0,0.8,0.0,0.0,0.0,0.0,0,0,0,0,0.0,0.0,0,0,0,0.0,0.0,0.0,0.0,0.0,0,0,0.0,0,0.0,0.0,0,0,0,0,0,0,0.0,0.0,0.0,0.0,0,0,0.6.2-M1.1,efficient2,0,0,0.0,0.0,0.0,0.0,0.0,0.0,0.0,0.0,0.0,0.0,468,no_tissue,efficient2,0.6.3-NG1.0,demand_no_prediction,0,0,0,0,0,1,1,0,1,0,1,0.037193249676485685,0.004010734747658833,0.0,0.6655640446626374,0.0,2.988080140187737e-05,0.02121006881141704,0.0006904007999999824,1.362083333333345e-06,0.02500087149046543,0.007998340966160478,0.0007287120000000002,1.7820000000000006e-05,0.0,0.0,0.0007287120000000002,0.006598953888888895,0.0002000000000000001,0.00198,0.0064,0.0021,0.0019,0.0064,0.0021,0.0019,0.0,17.38888888888888,0.05555555555555555,26.0,25.329846713643995,1.082007118126881,468,True,-1.3772939901457448e-05,screening,demand_no_prediction,cue_reversal,3.5706048011779785
SOMA-CELL 0.6.3,8004,26.000000000000234,1,0,0,0,0,0.9981680557442889,0.9981680557442889,0.2508021332204596,0.7317583507146906,0.43173327945325524,1.7586161014387796,0.0,440,0.0,0.0,0.8020288954234092,0.0,4.539326090139802,1.0994342227599174,17.13483708062781,-1.4024376945087624e-05,0.0,0.013181245314120476,0,0,0,624.0,624,1,1,39.0,2.057904729607958,1.9697234363690925,0,1,1,0.05555555555555555,0.0,0,0,0,0,0,0,0,0.020913501190908308,0.020913501190908308,2.091350119090831,0.08837907725051712,0.9991359128797398,0.006422611763580367,0.0011112874653066102,0.09550563999091485,5.1354040150181374e-05,0.00015524679340907628,0.06656524612624026,0.03863887414355122,0.016425935096373957,0.0,0,0.0,26.000000000000234,0.1,pulsed,0,0,0,,0.9215022135404217,-0.20516613529627215,0.0,0.0,0.0,0.0,0.0,0,5,-0.16869653183418998,-0.10414750246583244,2.2180691580266367e-07,0.8109895479529428,0.824134107507423,0.11428571428571428,0.11428571428571428,0.11428571428571428,0.0,0.8663598731726524,0.23365283810991064,0.12897191716784273,5.599859472853186e-05,4.0,12.0,patchy,10.0,0,0.0,0.50835579528493,0.09225813533651815,0.2770330619228594,0.45098765031560456,0,0.0,0.0,0.0,0,0.0,0,0,0,0,0,0,0.0,0.0,0,0,0,0,0,0.0,0.0,0.0,0,0,0.6-P0.2,4,0.03527188010308499,0.00844906332791515,0.9174615311697204,0.1189482970941872,0.05747840000000035,0.014208953663185711,2293,356,353,0,6,0.06855204526381045,0.05039625183037675,0.04707840000000035,0.013940000000000003,0.013024581935894279,0.0011843717272914326,0.0,1203,0.6-P1.1,none,native,0,0,0,0,0,0.0,0.0,0.0,0.0,0.0,0,0.0,0,0,0.6-P2.2,full,cue_reversal,1,2,1,0,0.007882426636652836,0.006445423678009044,370,0,0,0,19.611111111111164,0.0,0.06716593721162104,0.008149568602278123,"[0.0225, 0.0225, 0.0225, 0.0225, 0.0225, 0.0225, 0.0225, 0.0225]",80,0,0,0.2645179684536466,0.0021050104395644413,0.0011843717272914326,0.00029208415158403804,0.10413875588685963,2,1,2,3,1.0999747270314528,0.129009901418953,0.0873081907356488,0.11363799603713251,7.158656105731117,3.3663920539953716,0.9710286080016053,354,354,0.6-F2.0,full,1,0,0.0,0.0,0,0,0,0,0,0.0,0.0,0.0,0,0.0,0.0,0.0,0.0,0.0,0.0,0.0,0.0,0,0,0,0,0.0,1.0,0,0,0,0,0,0,0,354,354,0.6.1-D1.4,off,1,0,0,0,0,0,0.0,0.0,0.0,0.0,0,0,0.0,0.0,0,0,0,0,0,0.0,0,0.0,468,0,0,0.8,0.0,0.0,1.0,0.0,0,0,0,0,0.0,0.0,0,0,0,1.0,0.0,0.0,0.0,0.0,0,0,0.0,353,0.04375200000000033,0.0,0,0,0,0,0,0,0.0,0.0,0.0,0.0,0,0,0.6.2-M1.1,efficient2,2,6,0.0035400000000000006,0.0033264,0.0003147740000000002,0.0,0.0,9.765e-06,0.0,0.0,0.0003147740000000002,9.765e-06,468,no_tissue,efficient2,0.6.3-NG1.0,demand_no_plasticity,0,0,0,0,1,1,0,0,1,1,0,0.039131366196100706,0.005522465632958551,0.0,0.6645998211286384,0.0,3.2421085289647944e-05,0.02308050748996928,0.0006904007999999824,1.362083333333345e-06,0.0,0.0,0.0003147740000000002,9.765e-06,0.0003147740000000002,0.0,0.0,0.006598950000000006,0.0002000000000000001,0.00198,0.0064,0.0021,0.0019,0.0064,0.0021,0.0019,0.0,19.611111111111164,0.05555555555555555,26.0,25.324391486319062,1.0999747270314528,468,True,-1.4024376945087624e-05,screening,demand_no_plasticity,cue_reversal,4.020798206329346
SOMA-CELL 0.6.3,8001,26.000000000000234,1,0,0,0,0,0.9986691676711943,0.9986691676711943,0.13240786307409974,0.7206262699852315,0.35925340650680737,1.7093023123661197,0.0,440,0.0,0.0,0.6029973871576308,0.0,4.34997085788581,0.8047714088566742,17.15733842390395,-1.0798556314028929e-05,0.0,0.010567079842433012,0,0,0,624.0,624,1,1,39.0,2.0214674101665757,1.9013316404456846,0,1,1,0.05555555555555555,0.0,0,0,0,0,0,0,0,0.002153256531732723,0.002153256531732723,0.2153256531732723,0.0026114553040418585,0.9993189066139289,0.004795964499661895,0.0008071022258303843,0.003948670589594247,3.507466315982154e-05,0.00011915913573811046,0.05496281301141743,0.030958450000762534,0.0181729998747118,0.0,0,0.0,26.000000000000234,0.1,pulsed,0,0,0,,0.8608129535177574,-0.4937008422837337,0.0,0.0,0.0,0.0,0.0,0,3,-0.2516176380710199,-0.01050701150639064,2.6716396812118735e-08,0.711894329071332,0.3260611860128219,0.11428571428571428,0.11428571428571428,0.11428571428571428,0.0,0.5660438746508053,0.13649012685594533,0.01991466808184496,3.505084815526305e-05,4.0,12.0,patchy,10.0,0,0.0,0.3671111517797,0.3035066653745125,0.4819380614726272,0.08844545546143319,0,0.0,0.0,0.0,0,0.0,0,0,0,0,0,0,0.0,0.0,0,0,0,0,0,0.0,0.0,0.0,0,0,0.6-P0.2,4,0.03478977475622572,0.007907935212811554,2.3689675537132926,0.24184419087715472,0.18791718499397567,0.011229295914144318,2305,368,343,0,0,0.19587973559035413,0.0459644552868008,0.17751718499397567,0.010400000000000001,0.010454615383569394,0.0007746805305749239,0.0,1185,0.6-P1.1,none,native,0,0,0,0,0,0.0,0.0,0.0,0.0,0.0,0,0.0,0,0,0.6-P2.2,full,cue_reversal,1,2,1,0,0.006521869864006479,0.004763055966325209,350,0,0,0,19.055555555555593,0.0,0.06791268351776389,0.012011923420768813,"[0.0225, 0.0225, 0.0225, 0.0225, 0.0225, 0.0225, 0.0225, 0.0225]",72,0,0,0.21781844488551186,0.0009597451260597167,0.0007746805305749242,2.8197778655729007e-05,0.06996107725648298,2,1,2,3,0.6921144605099565,0.03033420907863905,0.004060302539221646,0.10330969479797868,7.458967821601242,3.463543003642067,1.0800853319181551,344,344,0.6-F2.0,full,1,0,0.0,0.0,0,0,0,0,0,0.0,0.0,0.0,0,0.0,0.0,0.0,0.0,0.0,0.0,0.0,0.0,0,0,0,0,0.0,1.0,0,0,0,0,0,0,0,344,344,0.6.1-D1.4,off,1,0,0,0,0,0,0.0,0.0,0.0,0.0,0,0,0.0,0.0,0,0,0,0,0,0.0,0,0.0,468,0,0,0.8,0.0,0.0,1.0,0.0,0,0,0,0,0.0,0.0,0,0,0,1.0,0.0,0.0,0.0,0.0,0,0,0.0,343,0.1728371849939756,0.0,0,0,0,0,0,0,0.0,0.0,0.0,0.0,0,0,0.6.2-M1.1,efficient2,2,6,0.0,0.00468,0.0002803080000000001,0.0,0.0,6.300000000000001e-07,0.0,0.0,0.0002803080000000001,6.300000000000001e-07,468,no_tissue,efficient2,0.6.3-NG1.0,demand_no_plasticity,0,0,0,0,1,1,0,0,1,1,0,0.03766806953921937,0.004381094240591108,0.0,0.6974804751652539,0.0,2.74211733186898e-05,0.04118293121709595,0.0006904007999999824,1.362083333333345e-06,0.0,0.0,0.0002803080000000001,6.300000000000001e-07,0.0002803080000000001,0.0,0.0,0.006599568333333336,0.0002000000000000001,0.00198,0.0064,0.0021,0.0019,0.0064,0.0021,0.0019,0.0,19.055555555555593,0.05555555555555555,26.0,24.388661311714866,0.6921144605099565,468,True,-1.0798556314028929e-05,screening,demand_no_plasticity,cue_reversal,3.7399306297302246
SOMA-CELL 0.6.3,8002,26.000000000000234,1,0,0,0,0,0.9978389817096838,0.9978389817096838,0.0,0.7136047238498745,4.860710215546417e-05,1.673244468590655,0.0,440,0.0,0.0,0.5259659886015835,0.0,4.2274238992213435,0.7188456672127224,17.149214281508787,-1.0442159020129793e-05,0.0,0.01054896037458388,0,0,0,624.0,624,1,1,39.0,1.9515577329610005,1.7889435172151849,0,1,1,0.05555555555555555,0.0,0,0,0,0,0,0,0,0.0057271537121720865,0.0057271537121720865,0.5727153712172086,0.011786935808785058,0.9898884652694334,0.0059242385738573575,0.0013111252483565834,0.0033535499382122535,8.439960337229274e-05,0.0,0.05888649461486454,0.028759499698298958,0.01946097225483861,0.0,0,0.0,26.000000000000234,0.1,pulsed,0,0,0,,0.24590911854477784,0.15101665642172832,0.0,0.0,0.0,0.0,0.0,0,2,-0.5188606199082965,-0.03440687328040329,1.3961628936249526e-08,0.5652312856731109,0.36698824445919054,0.11428571428571428,0.11428571428571428,0.11428571428571428,0.0,0.404328474692936,0.09426917470226547,0.02351134709775511,2.7880286251141806e-05,4.0,12.0,patchy,10.0,0,0.0,0.24092170564022966,0.40048877504248764,0.46872684153648636,0.10922305254322176,0,0.0,0.0,0.0,0,0.0,0,0,0,0,0,0,0.0,0.0,0,0,0,0,0,0.0,0.0,0.0,0,0,0.6-P0.2,1,0.010221361111111112,0.00044708886666669186,2.395890073338894,0.24270846036409888,0.1971997125551331,0.011221957583800039,2195,339,313,0,3,0.19674012528667104,0.045968335077427994,0.18587753566523654,0.0349405171372867,0.010415500754769944,0.0008064568290300945,0.0,1126,0.6-P1.1,none,native,0,0,0,0,0,0.0,0.0,0.0,0.0,0.0,0,0.0,0,0,0.6-P2.2,full,cue_reversal,0,0,1,0,0.0,0.0,0,0,0,0,0.0,0.0,0.0,0.0,"[0.0, 0.0, 0.0, 0.0, 0.0, 0.0, 0.0, 0.0]",0,0,0,0.0,0.0,0.0,0.0,0.11530387549159939,2,1,2,3,0.4985673393214085,0.023541657171548127,0.007447569448173502,0.12220810417909374,7.6206858188004265,3.5057702433720497,1.076488652902245,314,314,0.6-F2.0,full,0,0,0.0,0.0,0,0,0,0,0,0.0,0.0,0.0,0,0.0,0.0,0.0,0.0,0.0,0.0,0.0,0.0,0,0,0,0,0.0,0.0,0,0,0,0,0,0,0,314,314,0.6.1-D1.4,off,0,0,0,0,0,0,0.0,0.0,0.0,0.0,0,0,0.0,0.0,0,0,0,0,0,0.0,0,0.0,468,0,0,0.8,0.0,0.0,0.0,0.0,0,0,0,0,0.0,0.0,0,0,0,0.0,0.0,0.0,0.0,0.0,0,0,0.0,0,0.0,0.0,0,0,0,0,0,0,0.0,0.0,0.0,0.0,0,0,0.6.2-M1.1,efficient2,0,0,0.0,0.0,0.0,0.0,0.0,0.0,0.0,0.0,0.0,0.0,468,no_tissue,efficient2,0.6.3-NG1.0,demand_no_plasticity,0,0,0,0,0,1,1,0,1,0,1,0.03625449499149826,0.0032785060933686397,0.0,0.6985068114257239,0.0,2.8227134815225243e-05,0.041851420095763064,0.0006904007999999824,1.362083333333345e-06,0.0245405171372867,0.0075251136189077375,0.00026015400000000007,3.1500000000000005e-07,0.00026015400000000007,0.0,0.0,0.006599541111111114,0.0002000000000000001,0.00198,0.0064,0.0021,0.0019,0.0064,0.0021,0.0019,0.0,17.38888888888888,0.05555555555555555,26.0,23.39947584444792,0.4985673393214085,468,True,-1.0442159020129793e-05,screening,demand_no_plasticity,cue_reversal,3.6432318687438965
SOMA-CELL 0.6.3,8003,26.000000000000234,1,0,0,0,0,0.99843359414536,0.99843359414536,0.2453940643215103,0.7416963209810216,0.4372314643813935,1.7632223294372795,0.0,440,0.0,0.0,0.7967975388540378,0.0,4.48663574899247,1.094357398887456,17.1396059904367,-1.3769558584897368e-05,0.0,0.013351060021259414,0,0,0,624.0,624,1,1,39.0,2.0578929292074704,1.9704787635030396,0,1,1,0.05555555555555555,0.0,0,0,0,0,0,0,0,0.012298933894760434,0.012298933894760434,1.2298933894760433,0.05596015221826202,0.9974479358570189,0.00557506383517702,0.0009500811823776092,0.05089548214563792,0.00014584203496420634,0.00019000202587093556,0.07151987378388716,0.037258589605105134,0.01615022488089111,0.0,0,0.0,26.000000000000234,0.1,pulsed,0,0,0,,0.922375598572302,-0.2094547664807745,0.0,0.0,0.0,0.0,0.0,0,7,-0.15662555311325474,-0.04992729983633335,1.4909197894204103e-07,0.8112271608361046,0.7694633774160088,0.11428571428571428,0.11428571428571428,0.11428571428571428,0.0,0.8586461377366543,0.22339765421294464,0.08439660016350557,4.809032057384588e-05,4.0,12.0,patchy,10.0,0,0.0,0.5032060254282907,0.039200839185692775,0.3149912781978755,0.4107718399299894,0,0.0,0.0,0.0,0,0.0,0,0,0,0,0,0,0.0,0.0,0,0,0,0,0,0.0,0.0,0.0,0,0,0.6-P0.2,1,0.010220773888888892,0.0004500000000000254,0.879249429105422,0.11420055338031532,0.06197478188455224,0.014555832877536238,2113,319,313,0,9,0.06369876560893352,0.05050178777138179,0.05003673921726856,0.03893720739662065,0.013212026391664376,0.0013438064858718613,0.0,1124,0.6-P1.1,none,native,0,0,0,0,0,0.0,0.0,0.0,0.0,0.0,0,0.0,0,0,0.6-P2.2,full,cue_reversal,0,0,1,0,0.0,0.0,0,0,0,0,0.0,0.0,0.0,0.0,"[0.0, 0.0, 0.0, 0.0, 0.0, 0.0, 0.0, 0.0]",0,0,0,0.0,0.0,0.0,0.0,0.09734925146979806,2,1,2,3,1.08200727683069,0.08443311528241423,0.04724054231538345,0.10219730337526925,7.166367830212452,3.3766416125078242,1.0156033998364946,314,314,0.6-F2.0,full,0,0,0.0,0.0,0,0,0,0,0,0.0,0.0,0.0,0,0.0,0.0,0.0,0.0,0.0,0.0,0.0,0.0,0,0,0,0,0.0,0.0,0,0,0,0,0,0,0,314,314,0.6.1-D1.4,off,0,0,0,0,0,0,0.0,0.0,0.0,0.0,0,0,0.0,0.0,0,0,0,0,0,0.0,0,0.0,468,0,0,0.8,0.0,0.0,0.0,0.0,0,0,0,0,0.0,0.0,0,0,0,0.0,0.0,0.0,0.0,0.0,0,0,0.0,0,0.0,0.0,0,0,0,0,0,0,0.0,0.0,0.0,0.0,0,0,0.6.2-M1.1,efficient2,0,0,0.0,0.0,0.0,0.0,0.0,0.0,0.0,0.0,0.0,0.0,468,no_tissue,efficient2,0.6.3-NG1.0,demand_no_plasticity,0,0,0,0,0,1,1,0,1,0,1,0.037193249676485685,0.004010734747658833,0.0,0.6655640446626374,0.0,2.988080140187737e-05,0.02121006881141704,0.0006904007999999824,1.362083333333345e-06,0.024997207396620647,0.007998339217268254,0.00024369600000000014,7.560000000000004e-06,0.00024369600000000014,0.0,0.0,0.006598953888888895,0.0002000000000000001,0.00198,0.0064,0.0021,0.0019,0.0064,0.0021,0.0019,0.0,17.38888888888888,0.05555555555555555,26.0,25.332258294136484,1.08200727683069,468,True,-1.3769558584897368e-05,screening,demand_no_plasticity,cue_reversal,3.531249761581421
SOMA-CELL 0.6.3,8004,26.000000000000234,1,0,0,0,0,0.9981207981992175,0.9981207981992175,0.25014689479991203,0.7317164345825848,0.4297608458936777,1.758619546372316,0.0,440,0.0,0.0,0.8021736608371615,0.0,4.546148729549391,1.0996474850452558,17.134829464354425,-1.4029886820310367e-05,0.0,0.013849589548862258,0,0,0,624.0,624,1,1,39.0,2.05753442775983,1.9693688836787056,0,1,1,0.05555555555555555,0.0,0,0,0,0,0,0,0,0.022613214002381636,0.022613214002381636,2.2613214002381636,0.09707548404720547,0.9991137450110119,0.00654141339172067,0.0011399816458664512,0.1038131401236748,5.178265149124966e-05,0.00015841359645734376,0.06675101819661107,0.03874856576254315,0.016409336385132357,0.0,0,0.0,26.000000000000234,0.1,pulsed,0,0,0,,0.9206585833912875,-0.2058895857153502,0.0,0.0,0.0,0.0,0.0,0,5,-0.17035691980438228,-0.13370761272984888,2.2174704455262408e-07,0.8109895479529428,0.8334921046365511,0.11428571428571428,0.11428571428571428,0.11428571428571428,0.0,0.8663597884636011,0.2336527839716796,0.13601557398233127,5.599859472853186e-05,4.0,12.0,patchy,10.0,0,0.0,0.5099633828709543,0.08612018313259479,0.2828226016562639,0.4479851714112437,0,0.0,0.0,0.0,0,0.0,0,0,0,0,0,0,0.0,0.0,0,0,0,0,0,0.0,0.0,0.0,0,0,0.6-P0.2,4,0.03527571055783608,0.008449045888051968,0.9181574753935877,0.11962014724535291,0.05747840000000035,0.014876990799463427,2261,356,353,0,6,0.06922037021864341,0.05039977702670949,0.04707840000000035,0.013940000000000003,0.013692924330590384,0.001184066468873044,0.0,1203,0.6-P1.1,none,native,0,0,0,0,0,0.0,0.0,0.0,0.0,0.0,0,0.0,0,0,0.6-P2.2,full,cue_reversal,1,2,1,0,0.008336455700331294,0.006919024864047082,0,244,5,5,19.611111111111164,0.0,0.06713211974605403,0.008310441394849315,"[0.0225, 0.0225, 0.0225, 0.0225, 0.0225, 0.0225, 0.0225, 0.0225]",80,0,0,0.26441114220568257,0.002104749577540895,0.0011840664688730436,0.000299579631237819,0.09851533618996927,2,1,2,3,1.0999745881841703,0.13605355823344148,0.094120122264551,0.11389416567898326,7.158656190439622,3.36639210813304,0.9639849511871167,354,354,0.6-F2.0,full,1,0,0.0,0.0,0,0,0,0,0,0.0,0.0,0.0,0,0.0,0.0,0.0,0.0,0.0,0.0,0.0,0.0,0,0,0,0,0.0,1.0,0,0,0,0,0,0,0,354,354,0.6.1-D1.4,off,1,0,0,0,0,0,0.0,0.0,0.0,0.0,0,0,0.0,0.0,0,0,0,0,0,0.0,0,0.0,468,0,0,0.8,0.0,0.0,1.0,0.0,0,0,0,0,0.0,0.0,0,0,0,1.0,0.0,0.0,0.0,0.0,0,0,0.0,353,0.04375200000000033,0.0,0,0,0,0,0,0,0.0,0.0,0.0,0.0,0,0,0.6.2-M1.1,efficient2,2,6,0.0035400000000000006,0.0033264,0.0,0.0,0.0009797128000000003,0.0,0.0,2.3958000000000007e-05,0.0009797128000000003,2.3958000000000007e-05,468,no_tissue,efficient2,0.6.3-NG1.0,demand_no_prediction,0,0,0,0,1,1,0,0,1,1,0,0.039131366196100706,0.005522465632958551,0.0,0.6645998211286384,0.0,3.2421085289647944e-05,0.02308050748996928,0.0006904007999999824,1.362083333333345e-06,0.0,0.0,0.0009797128000000003,2.3958000000000007e-05,0.0,0.0,0.0009797128000000003,0.006598950000000006,0.0002000000000000001,0.00198,0.0064,0.0021,0.0019,0.0064,0.0021,0.0019,0.0,19.611111111111164,0.05555555555555555,26.0,25.321166083246997,1.0999745881841703,468,True,-1.4029886820310367e-05,screening,demand_no_prediction,cue_reversal,3.7468767166137695
SOMA-CELL 0.6.3,9004,26.000000000000234,1,0,0,0,0,0.9925549139639386,0.9925549139639386,0.0,0.6786694473167795,1.7936234914440604e-18,1.5851710482471673,0.0,440,0.0,0.0,0.3629768540594462,0.0,4.035782149424932,0.5379754369328045,17.1535944854165,-1.0708179519980376e-05,0.0,0.0008397705708871855,0,0,0,624.0,624,1,1,39.0,1.85135682092573,1.6140688574216309,0,1,1,0.05555555555555555,0.0,0,0,0,0,0,0,0,0.006569526653542988,0.006569526653542988,0.6569526653542987,0.01924621614832752,0.9946498025253288,0.01274295683214271,0.004529053951793956,0.005400037654408754,7.157468549095293e-05,0.0,0.039264457327812675,0.024204381549793402,0.01719443557602455,0.0,0,0.0,26.000000000000234,0.1,pulsed,0,0,0,,0.2456526233477426,0.13210925593375614,0.0,0.0,0.0,0.0,0.0,0,1,0.1451182655644558,-0.039147772468241256,2.2194999763089108e-08,0.6410184946946608,0.3995433521207662,0.11428571428571428,0.11428571428571428,0.11428571428571428,0.0,0.1009055388701958,0.018804635295108375,0.0255143458607986,3.923781441808605e-05,4.0,12.0,patchy,10.0,0,0.0,0.2515748024672073,0.27916347904062466,0.33924911864650376,0.19832338430969265,0,0.0,0.0,0.0,0,0.0,0,0,0,0,0,0,0.0,0.0,0,0,0,0,0,0.0,0.0,0.0,0,0,0.6-P0.2,1,0.012320151666666671,0.0004244716000000235,0.019217154288884538,0.013435024066666652,0.0,0.0006904007999999824,468,0,0,0,0,0.0011148723999999867,0.012320151666666695,0.0,0.0,0.0006904007999999824,0.0,0.0,561,0.6-P1.1,none,native,0,0,0,0,0,0.0,0.0,0.0,0.0,0.0,0,0.0,0,0,0.6-P2.2,full,cue_reversal,0,0,0,0,0.0,0.0,0,0,0,0,0.0,0.0,0.0,0.0,"[0.0, 0.0, 0.0, 0.0, 0.0, 0.0, 0.0, 0.0]",0,0,0,0.0,0.0,0.0,0.0,0.11347519974544663,2,1,2,3,0.11967977617292355,0.025544743853179203,0.004545412817695313,0.12469870499757746,7.924111319821812,3.5812399250977527,1.0744856541392016,0,0,0.6-F2.0,full,0,0,0.0,0.0,0,0,0,0,0,0.0,0.0,0.0,0,0.0,0.0,0.0,0.0,0.0,0.0,0.0,0.0,0,0,0,0,0.0,0.0,0,0,0,0,0,0,0,0,0,0.6.1-D1.4,off,0,0,0,0,0,0,0.0,0.0,0.0,0.0,0,0,0.0,0.0,0,0,0,0,0,0.0,0,0.0,468,0,0,0.8,0.0,0.0,0.0,0.0,0,0,0,0,0.0,0.0,0,0,0,0.0,0.0,0.0,0.0,0.0,0,0,0.0,0,0.0,0.0,0,0,0,0,0,0,0.0,0.0,0.0,0.0,0,0,0.6.2-M1.1,efficient2,0,0,0.0,0.0,0.0,0.0,0.0,0.0,0.0,0.0,0.0,0.0,468,no_tissue,efficient2,0.6.3-NG1.0,random_cost_matched,1,1,0,0,0,0,0,0,0,0,0,0.8605573950219954,0.49123476811715644,0.0,0.9546679088611962,0.0,0.6516856523736456,0.9663965225334499,0.0006904007999999824,1.362083333333345e-06,0.0,0.0,0.0,0.0,0.0,0.0,0.0,0.0065983316666666765,0.0023,0.00198,0.0,0.0,0.0,0.0,0.0,0.0,0.0,0.0,0.0,26.0,19.606152502183058,0.11967977617292355,468,True,-1.0708179519980376e-05,confirmation,random_cost_matched,cue_reversal,1.9970624446868896
SOMA-CELL 0.6.3,9004,26.000000000000234,1,0,0,0,0,0.9925549139639386,0.9925549139639386,0.0,0.6786694473167795,1.7936234914440604e-18,1.5851710482471673,0.0,440,0.0,0.0,0.3629768540594462,0.0,4.035782149424932,0.5379754369328045,17.1535944854165,-1.0708179519980376e-05,0.0,0.0008397705708871855,0,0,0,624.0,624,1,1,39.0,1.85135682092573,1.6140688574216309,0,1,1,0.05555555555555555,0.0,0,0,0,0,0,0,0,0.006569526653542988,0.006569526653542988,0.6569526653542987,0.01924621614832752,0.9946498025253288,0.01274295683214271,0.004529053951793956,0.005400037654408754,7.157468549095293e-05,0.0,0.039264457327812675,0.024204381549793402,0.01719443557602455,0.0,0,0.0,26.000000000000234,0.1,pulsed,0,0,0,,0.2456526233477426,0.13210925593375614,0.0,0.0,0.0,0.0,0.0,0,1,0.1451182655644558,-0.039147772468241256,2.2194999763089108e-08,0.6410184946946608,0.3995433521207662,0.11428571428571428,0.11428571428571428,0.11428571428571428,0.0,0.1009055388701958,0.018804635295108375,0.0255143458607986,3.923781441808605e-05,4.0,12.0,patchy,10.0,0,0.0,0.2515748024672073,0.27916347904062466,0.33924911864650376,0.19832338430969265,0,0.0,0.0,0.0,0,0.0,0,0,0,0,0,0,0.0,0.0,0,0,0,0,0,0.0,0.0,0.0,0,0,0.6-P0.2,1,0.012320151666666671,0.0004244716000000235,0.019217154288884538,0.013435024066666652,0.0,0.0006904007999999824,468,0,0,0,0,0.0011148723999999867,0.012320151666666695,0.0,0.0,0.0006904007999999824,0.0,0.0,561,0.6-P1.1,none,native,0,0,0,0,0,0.0,0.0,0.0,0.0,0.0,0,0.0,0,0,0.6-P2.2,full,cue_reversal,0,0,0,0,0.0,0.0,0,0,0,0,0.0,0.0,0.0,0.0,"[0.0, 0.0, 0.0, 0.0, 0.0, 0.0, 0.0, 0.0]",0,0,0,0.0,0.0,0.0,0.0,0.11347519974544663,2,1,2,3,0.11967977617292355,0.025544743853179203,0.004545412817695313,0.12469870499757746,7.924111319821812,3.5812399250977527,1.0744856541392016,0,0,0.6-F2.0,full,0,0,0.0,0.0,0,0,0,0,0,0.0,0.0,0.0,0,0.0,0.0,0.0,0.0,0.0,0.0,0.0,0.0,0,0,0,0,0.0,0.0,0,0,0,0,0,0,0,0,0,0.6.1-D1.4,off,0,0,0,0,0,0,0.0,0.0,0.0,0.0,0,0,0.0,0.0,0,0,0,0,0,0.0,0,0.0,468,0,0,0.8,0.0,0.0,0.0,0.0,0,0,0,0,0.0,0.0,0,0,0,0.0,0.0,0.0,0.0,0.0,0,0,0.0,0,0.0,0.0,0,0,0,0,0,0,0.0,0.0,0.0,0.0,0,0,0.6.2-M1.1,efficient2,0,0,0.0,0.0,0.0,0.0,0.0,0.0,0.0,0.0,0.0,0.0,468,no_tissue,efficient2,0.6.3-NG1.0,prepared_no_tissue,1,1,0,0,0,0,0,0,0,0,0,0.8605573950219954,0.49123476811715644,0.0,0.9546679088611962,0.0,0.6516856523736456,0.9663965225334499,0.0006904007999999824,1.362083333333345e-06,0.0,0.0,0.0,0.0,0.0,0.0,0.0,0.0065983316666666765,0.0023,0.00198,0.0,0.0,0.0,0.0,0.0,0.0,0.0,0.0,0.0,26.0,19.606152502183058,0.11967977617292355,468,True,-1.0708179519980376e-05,confirmation,prepared_no_tissue,cue_reversal,1.9640250205993652
SOMA-CELL 0.6.3,9006,26.000000000000234,1,0,0,0,0,0.9894004070720229,0.9894004070720229,0.0,0.675926309082756,3.452729791387387e-23,1.5731030754329844,0.0,440,0.0,0.0,0.3299685837553753,0.0,4.02143407664594,0.4964507125958458,17.145198940518046,-1.1767052814803947e-05,0.0,0.0008553559691480449,0,0,0,624.0,624,1,1,39.0,1.8355147177773163,1.5962854614152047,0,1,1,0.05555555555555555,0.0,0,0,0,0,0,0,0,0.017347085623933365,0.017347085623933365,1.7347085623933365,0.06727101635343782,0.9921142680872324,0.01716908777056048,0.006458284094180938,0.048225462729553525,0.00011970786341012497,0.0,0.03507502776191135,0.024533918678015666,0.016114465101102943,0.0,0,0.0,26.000000000000234,0.1,pulsed,0,0,0,,0.2452659922856098,0.12713086734345966,0.0,0.0,0.0,0.0,0.0,0,1,-0.22558311485969473,-0.18423402867886512,2.5447997222512054e-08,0.6075569364915876,0.5828646262749636,0.11428571428571428,0.11428571428571428,0.11428571428571428,0.0,0.05103798375344727,2.9875976418139225e-05,0.04668591302607473,7.302579941913245e-05,4.0,12.0,patchy,10.0,0,0.0,0.238980906769516,0.30957983770773156,0.18277330223433733,0.36434251701644854,0,0.0,0.0,0.0,0,0.0,0,0,0,0,0,0,0.0,0.0,0,0,0,0,0,0.0,0.0,0.0,0,0,0.6-P0.2,1,0.012320151666666671,0.00041663393333335626,0.020243888622217314,0.013427186399999987,0.0,0.0006904007999999824,468,0,0,0,0,0.0011070347333333214,0.012320151666666695,0.0,0.0,0.0006904007999999824,0.0,0.0,561,0.6-P1.1,none,native,0,0,0,0,0,0.0,0.0,0.0,0.0,0.0,0,0.0,0,0,0.6-P2.2,full,cue_reversal,0,0,0,0,0.0,0.0,0,0,0,0,0.0,0.0,0.0,0.0,"[0.0, 0.0, 0.0, 0.0, 0.0, 0.0, 0.0, 0.0]",0,0,0,0.0,0.0,0.0,0.0,0.11990001958955854,2,1,2,3,0.051028069516346614,0.04672570323959352,0.02836568499419775,0.13735716952677582,7.973980494224864,3.600019523439409,1.0533141336119898,0,0,0.6-F2.0,full,0,0,0.0,0.0,0,0,0,0,0,0.0,0.0,0.0,0,0.0,0.0,0.0,0.0,0.0,0.0,0.0,0.0,0,0,0,0,0.0,0.0,0,0,0,0,0,0,0,0,0,0.6.1-D1.4,off,0,0,0,0,0,0,0.0,0.0,0.0,0.0,0,0,0.0,0.0,0,0,0,0,0,0.0,0,0.0,468,0,0,0.8,0.0,0.0,0.0,0.0,0,0,0,0,0.0,0.0,0,0,0,0.0,0.0,0.0,0.0,0.0,0,0,0.0,0,0.0,0.0,0,0,0,0,0,0,0.0,0.0,0.0,0.0,0,0,0.6.2-M1.1,efficient2,0,0,0.0,0.0,0.0,0.0,0.0,0.0,0.0,0.0,0.0,0.0,468,no_tissue,efficient2,0.6.3-NG1.0,random_cost_matched,1,1,0,0,0,0,0,0,0,0,0,0.8849444502587257,0.5102566712018062,2.9840534557960992e-05,0.9447060607752314,0.0,0.6883327710482465,0.9738265650230655,0.0006904007999999824,1.362083333333345e-06,0.0,0.0,0.0,0.0,0.0,0.0,0.0,0.0065983316666666765,0.0023,0.00198,0.0,0.0,0.0,0.0,0.0,0.0,0.0,0.0,0.0,26.0,18.551668296581205,0.051028069516346614,468,True,-1.1767052814803947e-05,confirmation,random_cost_matched,cue_reversal,1.9868037700653076
SOMA-CELL 0.6.3,9004,26.000000000000234,1,0,0,0,0,0.9927821622366779,0.9927821622366779,0.0,0.6381803869268051,2.2253399932672826e-18,1.5495874364651099,0.0,440,0.0,0.0,0.3331650300505568,0.0,3.7368201468096434,0.5018580931572708,16.912375203665473,-1.059830780292259e-05,0.0,8.101294379539153e-05,0,0,0,496.0,496,1,1,31.0,1.8366929005595118,1.5983105305052114,0,1,1,0.05555555555555555,0.0,0,0,0,0,0,0,0,0.01001364006630607,0.01001364006630607,1.001364006630607,0.03340718824963878,0.9950210555778685,0.01260142547081802,0.00439031053320258,0.023571707088314776,6.685433911235275e-05,0.0,0.03935107805165104,0.02327734808724452,0.017042257447526327,0.0,0,0.0,26.000000000000234,0.1,pulsed,0,0,0,,0.24568215040196165,0.1357577911012674,0.0,0.0,0.0,0.0,0.0,0,1,-0.13063579261549974,-0.03325688591177741,1.0262152651754921e-08,0.25557154296213064,0.4064204689484691,0.11428571428571428,0.11428571428571428,0.11428571428571428,0.0,0.020480074040570298,0.0033810631005004753,0.027473216666327294,2.2791843625524777e-05,4.0,4.0,patchy,10.0,0,0.0,0.2361217847200754,0.283341273171627,0.31460879555178145,0.22418090923040163,0,0.0,0.0,0.0,0,0.0,0,0,0,0,0,0,0.0,0.0,0,0,0,0,0,0.0,0.0,0.0,0,0,0.6-P0.2,0,0.0,0.0,0.0,0.0,0.0,0.0,0,0,0,0,0,0.0,0.0,0.0,0.0,0.0,0.0,0.0,0,0.6-P1.1,none,native,0,0,0,0,0,0.0,0.0,0.0,0.0,0.0,0,0.0,0,0,0.6-P2.2,none,cue_reversal,0,0,0,0,0.0,0.0,0,0,0,0,0.0,0.0,0.0,0.0,"[0.0, 0.0, 0.0, 0.0, 0.0, 0.0, 0.0, 0.0]",0,0,0,0.0,0.0,0.0,0.0,0.1087955418614956,2,1,2,3,0.02384186354434552,0.027492490263052543,0.009868527636718026,0.13639886657870018,8.004527889521341,3.596642290843544,1.0725267833336727,0,0,0.6-F2.0,full,0,0,0.0,0.0,0,0,0,0,0,0.0,0.0,0.0,0,0.0,0.0,0.0,0.0,0.0,0.0,0.0,0.0,0,0,0,0,0.0,0.0,0,0,0,0,0,0,0,0,0,0.6.1-D1.4,active,0,0,0,0,0,0,0.0,0.0,0.0,0.0,0,0,0.0,0.0,0,0,0,0,0,0.0,0,0.0,468,0,0,0.8,0.0,0.0,0.0,0.0,0,0,0,0,0.0,0.0,0,0,0,0.0,0.0,0.0,0.0,0.0,0,0,0.0,0,0.0,0.0,0,0,0,0,0,0,0.0,0.0,0.0,0.0,0,0,0.6.2-M1.1,no_tissue,0,0,0.0,0.0,0.0,0.0,0.0,0.0,0.0,0.0,0.0,0.0,468,no_tissue,efficient2,0.6.3-NG1.0,always_no_tissue,0,1,0,0,0,0,0,0,0,0,0,0.0,0.0,0.0,0.0,0.0,0.0,0.0,0.0,0.0,0.0,0.0,0.0,0.0,0.0,0.0,0.0,0.0,0.0,0.0,0.0,0.0,0.0,0.0,0.0,0.0,0.0,0.0,0.0,26.0,20.432086418053856,0.02384186354434552,468,True,-1.059830780292259e-05,confirmation,always_no_tissue,cue_reversal,2.7579874992370605
SOMA-CELL 0.6.3,9001,26.000000000000234,1,0,0,0,0,0.998681739650194,0.998681739650194,0.3617125146359607,0.7233993004766429,0.4771143697887489,1.7033232284102011,0.0,440,0.0,0.0,0.6470962839811997,0.0,4.440134741637547,0.8480472109146175,17.14198166405172,-1.0353982165867137e-05,0.0,0.011509808193292134,0,0,0,624.0,624,1,1,39.0,2.0363347355153176,1.9236544521975711,0,1,1,0.05555555555555555,0.0,0,0,0,0,0,0,0,0.001836124909531204,0.001836124909531204,0.1836124909531204,0.0009249341729092198,0.9992112745448045,0.004782811120549975,0.0007994727390093775,0.00218865918038264,3.489005416745368e-05,0.0001232387985457993,0.05533918190711126,0.033415722827767946,0.018213151510359574,0.0,0,0.0,26.000000000000234,0.1,pulsed,0,0,0,,0.9516877292152961,-0.11931007941846082,0.0,0.0,0.0,0.0,0.0,0,3,-0.011836723904434826,-0.003984124187427422,5.22585258434691e-08,0.5938869416288365,0.27406057940347817,0.11428571428571428,0.11428571428571428,0.11428571428571428,0.0,0.6949384702085784,0.16071321005772923,0.015613968523929657,4.023397997564293e-05,4.0,12.0,patchy,10.0,0,0.0,0.3332036820008607,0.3024194230134725,0.4549999223155793,0.09304446145552715,0,0.0,0.0,0.0,0,0.0,0,0,0,0,0,0,0.0,0.0,0,0,0,0,0,0.0,0.0,0.0,0,0,0.6-P0.2,4,0.03460987999184518,0.008445646902324497,2.349166685421385,0.2415572783547156,0.18608213737495927,0.012419614085589085,2348,371,343,0,0,0.19547871010791726,0.04607856824679863,0.17568213737495927,0.010400000000000001,0.011350925830635824,0.0010686882549532622,0.0,1185,0.6-P1.1,none,native,0,0,0,0,0,0.0,0.0,0.0,0.0,0.0,0,0.0,0,0,0.6-P2.2,full,cue_reversal,1,2,1,0,0.005180663241928572,0.002201121378016482,350,32,3,3,19.055555555555593,0.0,0.06927935822228219,0.017191449297337555,"[0.0225, 0.0225, 0.0225, 0.0225, 0.0225, 0.0225, 0.0225, 0.0225]",14,0,0,0.2956411773402422,0.001692574308630607,0.0010686882549532624,4.043354666429003e-05,0.07827423552913541,2,1,2,3,0.8556201253121607,0.01564552347807661,0.0009859824809439741,0.11316871216410507,7.330079438532941,3.4393342414905446,1.0843860314760705,344,344,0.6-F2.0,full,1,0,0.0,0.0,0,0,0,0,0,0.0,0.0,0.0,0,0.0,0.0,0.0,0.0,0.0,0.0,0.0,0.0,0,0,0,0,0.0,1.0,0,0,0,0,0,0,0,344,344,0.6.1-D1.4,off,1,0,0,0,0,0,0.0,0.0,0.0,0.0,0,0,0.0,0.0,0,0,0,0,0,0.0,0,0.0,468,0,0,0.8,0.0,0.0,1.0,0.0,0,0,0,0,0.0,0.0,0,0,0,1.0,0.0,0.0,0.0,0.0,0,0,0.0,343,0.17100213737495934,0.0,0,0,0,0,0,0,0.0,0.0,0.0,0.0,0,0,0.6.2-M1.1,efficient2,2,6,0.0,0.00468,0.00028061600000000013,0.0,0.00012800000000000002,1.2600000000000002e-06,0.0,0.0,0.00040861600000000015,1.2600000000000002e-06,468,no_tissue,efficient2,0.6.3-NG1.0,demand,0,0,0,0,1,1,0,0,1,1,0,0.03921958788989791,0.005591278554120373,0.0,0.698480554382137,0.0,2.5932514653201517e-05,0.04420108643638453,0.0006904007999999824,1.362083333333345e-06,0.0,0.0,0.00040861600000000015,1.2600000000000002e-06,0.00028061600000000013,0.0,0.00012800000000000002,0.006599615000000002,0.0002000000000000001,0.00198,0.0064,0.0021,0.0019,0.0064,0.0021,0.0019,0.0,19.055555555555593,0.05555555555555555,26.0,24.67190084455059,0.8556201253121607,468,True,-1.0353982165867137e-05,confirmation,demand,cue_reversal,5.8641746044158936
SOMA-CELL 0.6.3,9001,26.000000000000234,1,0,0,0,0,0.9958996557450044,0.9958996557450044,0.0,0.6975320369512477,9.318650805166736e-11,1.638142656793591,0.0,440,0.0,0.0,0.4499282469123903,0.0,4.165557411684469,0.6350206936404642,17.143743728122267,-1.0348328302711707e-05,0.0,0.0008492365793015087,0,0,0,624.0,624,1,1,39.0,1.9256501426200197,1.7329227353747836,0,1,1,0.05555555555555555,0.0,0,0,0,0,0,0,0,0.003934230511449158,0.003934230511449158,0.39342305114491577,0.005868153348330256,0.9971917775125093,0.008406239207028526,0.002490165889002884,0.0034334372556302935,4.234101073203055e-05,0.0,0.04730792142015835,0.026684050479281463,0.018483734996508783,0.0,0,0.0,26.000000000000234,0.1,pulsed,0,0,0,,0.24604475270860648,0.14321710680110802,0.0,0.0,0.0,0.0,0.0,0,4,-0.20713320609132838,-0.01619194253275865,3.031173824076737e-08,0.5866622179784992,0.2993712878317288,0.11428571428571428,0.11428571428571428,0.11428571428571428,0.0,0.2774858119189722,0.0869090107542858,0.01750491481920312,4.023397997564293e-05,4.0,12.0,patchy,10.0,0,0.0,0.3154021282418132,0.3308941141395849,0.4656805324381604,0.07287701269808715,0,0.0,0.0,0.0,0,0.0,0,0,0,0,0,0,0.0,0.0,0,0,0,0,0,0.0,0.0,0.0,0,0,0.6-P0.2,1,0.012321345555555554,0.0004388033333333579,0.01789174246666451,0.013450549688888865,0.0,0.0006904007999999824,468,0,0,0,0,0.0011292041333333177,0.012321345555555585,0.0,0.0,0.0006904007999999824,0.0,0.0,561,0.6-P1.1,none,native,0,0,0,0,0,0.0,0.0,0.0,0.0,0.0,0,0.0,0,0,0.6-P2.2,full,cue_reversal,0,0,0,0,0.0,0.0,0,0,0,0,0.0,0.0,0.0,0.0,"[0.0, 0.0, 0.0, 0.0, 0.0, 0.0, 0.0, 0.0]",0,0,0,0.0,0.0,0.0,0.0,0.0827045750011835,2,1,2,3,0.3643632677191111,0.01753646977335007,0.002876928776217435,0.12289331171493983,7.747532096822548,3.513138440793988,1.082495085180797,0,0,0.6-F2.0,full,0,0,0.0,0.0,0,0,0,0,0,0.0,0.0,0.0,0,0.0,0.0,0.0,0.0,0.0,0.0,0.0,0.0,0,0,0,0,0.0,0.0,0,0,0,0,0,0,0,0,0,0.6.1-D1.4,off,0,0,0,0,0,0,0.0,0.0,0.0,0.0,0,0,0.0,0.0,0,0,0,0,0,0.0,0,0.0,468,0,0,0.8,0.0,0.0,0.0,0.0,0,0,0,0,0.0,0.0,0,0,0,0.0,0.0,0.0,0.0,0.0,0,0,0.0,0,0.0,0.0,0,0,0,0,0,0,0.0,0.0,0.0,0.0,0,0,0.6.2-M1.1,efficient2,0,0,0.0,0.0,0.0,0.0,0.0,0.0,0.0,0.0,0.0,0.0,468,no_tissue,efficient2,0.6.3-NG1.0,prepared_no_tissue,1,1,0,0,0,0,0,0,0,0,0,0.7445872500203853,0.4007780550159005,7.512633110245281e-06,0.9784439640130657,0.0,0.4628216190511368,0.9215621044862392,0.0006904007999999824,1.362083333333345e-06,0.0,0.0,0.0,0.0,0.0,0.0,0.0,0.006599525555555558,0.0023,0.00198,0.0,0.0,0.0,0.0,0.0,0.0,0.0,0.0,0.0,26.0,21.901327026743765,0.3643632677191111,468,True,-1.0348328302711707e-05,confirmation,prepared_no_tissue,cue_reversal,3.2751054763793945
SOMA-CELL 0.6.3,9001,26.000000000000234,1,0,0,0,0,0.9986636515351623,0.9986636515351623,0.1668670857754436,0.7124540061350961,0.38374010258298247,1.6730380702824545,0.0,440,0.0,0.0,0.5927305898458399,0.0,4.279402244369323,0.7901205358783343,17.142376518675235,-1.1163903195665625e-05,0.0,0.012547472596187935,0,0,0,624.0,624,1,1,39.0,1.9941059462744783,1.8449126145235737,0,1,1,0.05555555555555555,0.0,0,0,0,0,0,0,0,0.002828743801682694,0.002828743801682694,0.2828743801682694,0.004642979799519736,0.9992779614852965,0.0048471785520535935,0.0008104498028736312,0.007207711911645751,3.6856550801648094e-05,0.0001201813978567371,0.054915492032882325,0.030962532088864587,0.01731338001698472,0.0,0,0.0,26.000000000000234,0.1,pulsed,0,0,0,,0.883914904282148,-0.22389413098273137,0.0,0.0,0.0,0.0,0.0,0,2,-0.19608884847155122,-0.024554267196464603,4.7418659989849925e-08,0.578925916025928,0.4224019209694695,0.11428571428571428,0.11428571428571428,0.11428571428571428,0.0,0.5207167866512857,0.10285955225280934,0.02862494630991402,3.8969860965673564e-05,4.0,12.0,patchy,10.0,0,0.0,0.3371208657080635,0.24759102416791617,0.40642049656370816,0.15157233691271196,0,0.0,0.0,0.0,0,0.0,0,0,0,0,0,0,0.0,0.0,0,0,0,0,0,0.0,0.0,0.0,0,0,0.6-P0.2,3,0.02656680902597012,0.007997731952616226,0.2413963140825957,0.048961649199805474,7.799475087341039e-05,0.014319113470346138,2509,289,463,0,0,0.02048774675196673,0.028473902447838748,7.799475087341039e-05,0.0,0.012412020048477425,0.0019070934218687146,0.0,1405,0.6-P1.1,none,native,0,0,0,0,0,0.0,0.0,0.0,0.0,0.0,0,0.0,0,0,0.6-P2.2,full,cue_reversal,1,2,1,0,0.0032940137798957367,0.0037126336304122054,926,0,0,0,25.72222222222245,8.277777777777551,0.07545914075344518,0.01486685384828277,"[0.0225, 0.0225, 0.0225, 0.0225, 0.0225, 0.0225, 0.0225, 0.0225]",84,0,0,0.5079161154673326,0.0028438518952547663,0.0019070934218687141,5.588384981428979e-05,0.1046414698083019,2,1,2,3,0.6235451018928443,0.028656183321164753,0.006030180831351165,0.11166344677052008,7.5042975950703825,3.497181089667106,1.0713750536900861,468,468,0.6-F2.0,full,1,1,6.166844444444465e-05,0.00012613999999999982,0,0,0,0,0,0.0,0.0,0.0,0,0.0,0.0,0.0,0.78,0.0,0.78,0.0,0.0,1,1,0,0,0.0,1.0,0,0,6,0,0,0,0,468,468,0.6.1-D1.4,off,1,0,0,0,0,0,0.0,0.0,0.0,0.0,0,0,0.0,0.0,0,0,0,0,0,0.0,0,0.0,468,0,0,0.8,0.0,0.0,1.0,0.0,0,0,0,0,0.0,0.0,0,0,0,1.0,0.0,0.0,0.0,0.0,0,0,0.0,468,7.799475087341039e-05,0.0,0,0,0,0,0,0,0.0,0.0,0.0,0.0,0,0,0.6.2-M1.1,efficient2,2,0,0.0,0.0,0.0005210780000000007,0.0,0.0,2.205e-06,0.0,0.0,0.0005210780000000007,2.205e-06,468,no_tissue,efficient2,0.6.3-NG1.0,always_efficient2,0,0,1,0,0,1,0,0,0,0,0,0.0,0.0,0.0,0.0,0.0,0.0,0.0,0.0,0.0,0.0,0.0,0.0005210780000000007,2.205e-06,0.0005210780000000007,0.0,0.0,0.0,0.0,0.0,0.0,0.0,0.0,0.0,0.0,0.0,0.0,0.0,0.0,26.0,24.382568119418828,0.6235451018928443,468,True,-1.1163903195665625e-05,confirmation,always_efficient2,cue_reversal,10.199410915374756
SOMA-CELL 0.6.3,9005,26.000000000000234,1,0,0,0,0,0.9978845398189259,0.9978845398189259,0.2414966448688089,0.7312602479020228,0.4101490486204835,1.750972352097787,0.0,440,0.0,0.0,0.7789786650607042,0.0,4.502723031849769,1.04689649767198,17.15993296985048,-1.2296071453476998e-05,0.0,0.0007665881928811333,0,0,0,624.0,624,1,1,39.0,2.063844479004594,1.9830104364534602,0,1,1,0.05555555555555555,0.0,0,0,0,0,0,0,0,0.031204051898741487,0.031204051898741487,3.1204051898741487,0.13701792923684497,0.9990227329732425,0.007159471958938222,0.001283455107673119,0.14580384266750238,4.9712314219984357e-05,0.00017399600674796709,0.06592626434566042,0.038957754269962085,0.015897430769205998,0.0,0,0.0,26.000000000000234,0.1,pulsed,0,0,0,,0.9118418465855265,-0.12944044742087346,0.0,0.0,0.0,0.0,0.0,0,5,-0.18538868837953804,-0.18621090556733427,5.8462100041482515e-08,0.8107273066093912,0.836664689287462,0.11428571428571428,0.11428571428571428,0.11428571428571428,0.0,0.8072594924170462,0.16427946052075554,0.16817387027342087,3.091270703417526e-05,4.0,12.0,patchy,10.0,0,0.0,0.3621924459097091,0.34015145093839005,0.030699993426927374,0.50906177213884,0,0.0,0.0,0.0,0,0.0,0,0,0,0,0,0,0.0,0.0,0,0,0,0,0,0.0,0.0,0.0,0,0,0.6-P0.2,1,0.01232077388888889,0.0004500000000000254,0.01756874691111044,0.013461174688888865,0.0,0.0006904007999999824,468,0,0,0,0,0.0011404007999999825,0.012320773888888989,0.0,0.0,0.0006904007999999824,0.0,0.0,561,0.6-P1.1,none,native,0,0,0,0,0,0.0,0.0,0.0,0.0,0.0,0,0.0,0,0,0.6-P2.2,full,cue_reversal,0,0,0,0,0.0,0.0,0,0,0,0,0.0,0.0,0.0,0.0,"[0.0, 0.0, 0.0, 0.0, 0.0, 0.0, 0.0, 0.0]",0,0,0,0.0,0.0,0.0,0.0,0.15043003629130725,2,1,2,3,0.9715221462253399,0.1681906769858826,0.12508437010510703,0.14095377055776306,7.242746897495629,3.4357404131065223,0.9318261297265793,0,0,0.6-F2.0,full,0,0,0.0,0.0,0,0,0,0,0,0.0,0.0,0.0,0,0.0,0.0,0.0,0.0,0.0,0.0,0.0,0.0,0,0,0,0,0.0,0.0,0,0,0,0,0,0,0,0,0,0.6.1-D1.4,off,0,0,0,0,0,0,0.0,0.0,0.0,0.0,0,0,0.0,0.0,0,0,0,0,0,0.0,0,0.0,468,0,0,0.8,0.0,0.0,0.0,0.0,0,0,0,0,0.0,0.0,0,0,0,0.0,0.0,0.0,0.0,0.0,0,0,0.0,0,0.0,0.0,0,0,0,0,0,0,0.0,0.0,0.0,0.0,0,0,0.6.2-M1.1,efficient2,0,0,0.0,0.0,0.0,0.0,0.0,0.0,0.0,0.0,0.0,0.0,468,no_tissue,efficient2,0.6.3-NG1.0,prepared_no_tissue,1,1,0,0,0,0,0,0,0,0,0,0.26584627275277145,0.18236009274716175,0.0,0.9334099509315515,0.0,0.019324731713576508,0.4281517250373172,0.0006904007999999824,1.362083333333345e-06,0.0,0.0,0.0,0.0,0.0,0.0,0.0,0.006598953888888895,0.0023,0.00198,0.0,0.0,0.0,0.0,0.0,0.0,0.0,0.0,0.0,26.0,25.29962852607189,0.9715221462253399,468,True,-1.2296071453476998e-05,confirmation,prepared_no_tissue,cue_reversal,1.9162964820861816
SOMA-CELL 0.6.3,9006,26.000000000000234,1,0,0,0,0,0.992239375177591,0.992239375177591,0.0,0.6457632577229673,4.70482298148506e-19,1.56522420283948,0.0,440,0.0,0.0,0.34527542380363374,0.0,3.7569151042676587,0.5189678442958765,16.902478223803666,-1.1273825172963825e-05,0.0,9.205100242089053e-05,0,0,0,496.0,496,1,1,31.0,1.874894850647937,1.6585163488900345,0,1,1,0.05555555555555555,0.0,0,0,0,0,0,0,0,0.011099549710802206,0.011099549710802206,1.1099549710802206,0.04011505148955139,0.9945612271866568,0.013315843774978825,0.004721754657097981,0.027089922171992648,7.274319079960365e-05,0.0,0.03875207473257248,0.023593045058228217,0.016217382882487003,0.0,0,0.0,26.000000000000234,0.1,pulsed,0,0,0,,0.24561624368811064,0.1338979809602354,0.0,0.0,0.0,0.0,0.0,0,1,-0.19948693182875676,-0.10754491375283672,9.417463712250002e-09,0.5973107149387621,0.5935243850406584,0.11428571428571428,0.11428571428571428,0.11428571428571428,0.0,0.04940657186905193,0.0026296935357559854,0.046404321787141226,3.047603138556232e-05,4.0,4.0,patchy,10.0,0,0.0,0.23333434713758172,0.3160383080566745,0.1845908139138779,0.36530995213935663,0,0.0,0.0,0.0,0,0.0,0,0,0,0,0,0,0.0,0.0,0,0,0,0,0,0.0,0.0,0.0,0,0,0.6-P0.2,0,0.0,0.0,0.0,0.0,0.0,0.0,0,0,0,0,0,0.0,0.0,0.0,0.0,0.0,0.0,0.0,0,0.6-P1.1,none,native,0,0,0,0,0,0.0,0.0,0.0,0.0,0.0,0,0.0,0,0,0.6-P2.2,none,cue_reversal,0,0,0,0,0.0,0.0,0,0,0,0,0.0,0.0,0.0,0.0,"[0.0, 0.0, 0.0, 0.0, 0.0, 0.0, 0.0, 0.0]",0,0,0,0.0,0.0,0.0,0.0,0.11882188393921335,2,1,2,3,0.052017254448253614,0.04642333274369553,0.014164804972320906,0.13326211222651954,7.97560259706162,3.5973969999656497,1.053595678212859,0,0,0.6-F2.0,full,0,0,0.0,0.0,0,0,0,0,0,0.0,0.0,0.0,0,0.0,0.0,0.0,0.0,0.0,0.0,0.0,0.0,0,0,0,0,0.0,0.0,0,0,0,0,0,0,0,0,0,0.6.1-D1.4,active,0,0,0,0,0,0,0.0,0.0,0.0,0.0,0,0,0.0,0.0,0,0,0,0,0,0.0,0,0.0,468,0,0,0.8,0.0,0.0,0.0,0.0,0,0,0,0,0.0,0.0,0,0,0,0.0,0.0,0.0,0.0,0.0,0,0,0.0,0,0.0,0.0,0,0,0,0,0,0,0.0,0.0,0.0,0.0,0,0,0.6.2-M1.1,no_tissue,0,0,0.0,0.0,0.0,0.0,0.0,0.0,0.0,0.0,0.0,0.0,468,no_tissue,efficient2,0.6.3-NG1.0,always_no_tissue,0,1,0,0,0,0,0,0,0,0,0,0.0,0.0,0.0,0.0,0.0,0.0,0.0,0.0,0.0,0.0,0.0,0.0,0.0,0.0,0.0,0.0,0.0,0.0,0.0,0.0,0.0,0.0,0.0,0.0,0.0,0.0,0.0,0.0,26.0,20.043564700217672,0.052017254448253614,468,True,-1.1273825172963825e-05,confirmation,always_no_tissue,cue_reversal,1.7056937217712402
SOMA-CELL 0.6.3,9004,26.000000000000234,1,0,0,0,0,0.9986677461522441,0.9986677461522441,0.12005866857381796,0.7147675009141926,0.3420026472628101,1.6862087973538784,0.0,440,0.0,0.0,0.5780646101742088,0.0,4.289139102308874,0.7745061808394887,17.15121191657924,-1.0683938299393958e-05,0.0,0.012404353319438054,0,0,0,624.0,624,1,1,39.0,2.000138716764029,1.8556790966107852,0,1,1,0.05555555555555555,0.0,0,0,0,0,0,0,0,0.002190689311561367,0.002190689311561367,0.2190689311561367,0.0034390613627821903,0.9993113316590883,0.0048164982738030885,0.0008079649011560568,0.004104217877952639,3.559210252599249e-05,0.00011892923878316364,0.05407096786665626,0.030402137461531163,0.01792223393134605,0.0,0,0.0,26.000000000000234,0.1,pulsed,0,0,0,,0.847637820896054,-0.5500991054059237,0.0,0.0,0.0,0.0,0.0,0,3,-0.30296456900233804,-0.011828991276124525,1.8480756127330377e-08,0.607228182603684,0.30542079632657704,0.11428571428571428,0.11428571428571428,0.11428571428571428,0.0,0.5107279035836204,0.10857372809242197,0.018183305652615042,3.267505243056967e-05,4.0,12.0,patchy,10.0,0,0.0,0.2806433928044756,0.2935286167325077,0.39841372340336695,0.13923457821091698,0,0.0,0.0,0.0,0,0.0,0,0,0,0,0,0,0.0,0.0,0,0,0,0,0,0.0,0.0,0.0,0,0,0.6-P0.2,3,0.02669457899021545,0.007999746343937143,0.21617467769556034,0.04888266794947704,7.872181181897871e-05,0.01410962080350585,2447,290,463,0,0,0.020356670350769674,0.028525997598707404,7.872181181897871e-05,0.0,0.01227820219501384,0.0018314186084920094,0.0,1405,0.6-P1.1,none,native,0,0,0,0,0,0.0,0.0,0.0,0.0,0.0,0,0.0,0,0,0.6-P2.2,full,cue_reversal,1,2,1,0,0.003577854047964176,0.004452883509911019,926,0,0,0,25.72222222222245,8.277777777777551,0.07804495191156517,0.013351722226401574,"[0.0225, 0.0225, 0.0225, 0.0225, 0.0225, 0.0225, 0.0225, 0.0225]",46,0,0,0.49213970996592776,0.0027400893901010524,0.0018314186084920077,5.574375566029389e-05,0.07321435547285172,2,1,2,3,0.6129125498805004,0.024572387448157023,0.0011220045181678825,0.11443186955909805,7.514285736041046,3.491464203042445,1.081816694347385,468,468,0.6-F2.0,full,1,1,6.076155555555575e-05,0.00012428499999999978,0,0,0,0,0,0.0,0.0,0.0,0,0.0,0.0,0.0,0.78,0.0,0.78,0.0,0.0,1,1,0,0,0.0,1.0,0,0,6,0,0,0,0,468,468,0.6.1-D1.4,off,1,0,0,0,0,0,0.0,0.0,0.0,0.0,0,0,0.0,0.0,0,0,0,0,0,0.0,0,0.0,468,0,0,0.8,0.0,0.0,1.0,0.0,0,0,0,0,0.0,0.0,0,0,0,1.0,0.0,0.0,0.0,0.0,0,0,0.0,468,7.872181181897871e-05,0.0,0,0,0,0,0,0,0.0,0.0,0.0,0.0,0,0,0.6.2-M1.1,efficient2,2,0,0.0,0.0,0.0005210780000000007,0.0,0.0,2.205e-06,0.0,0.0,0.0005210780000000007,2.205e-06,468,no_tissue,efficient2,0.6.3-NG1.0,always_efficient2,0,0,1,0,0,1,0,0,0,0,0,0.0,0.0,0.0,0.0,0.0,0.0,0.0,0.0,0.0,0.0,0.0,0.0005210780000000007,2.205e-06,0.0005210780000000007,0.0,0.0,0.0,0.0,0.0,0.0,0.0,0.0,0.0,0.0,0.0,0.0,0.0,0.0,26.0,24.227669890171565,0.6129125498805004,468,True,-1.0683938299393958e-05,confirmation,always_efficient2,cue_reversal,7.830484867095947
SOMA-CELL 0.6.3,9001,26.000000000000234,1,0,0,0,0,0.9958996557450044,0.9958996557450044,0.0,0.6975320369512477,9.318650805166736e-11,1.638142656793591,0.0,440,0.0,0.0,0.4499282469123903,0.0,4.165557411684469,0.6350206936404642,17.143743728122267,-1.0348328302711707e-05,0.0,0.0008492365793015087,0,0,0,624.0,624,1,1,39.0,1.9256501426200197,1.7329227353747836,0,1,1,0.05555555555555555,0.0,0,0,0,0,0,0,0,0.003934230511449158,0.003934230511449158,0.39342305114491577,0.005868153348330256,0.9971917775125093,0.008406239207028526,0.002490165889002884,0.0034334372556302935,4.234101073203055e-05,0.0,0.04730792142015835,0.026684050479281463,0.018483734996508783,0.0,0,0.0,26.000000000000234,0.1,pulsed,0,0,0,,0.24604475270860648,0.14321710680110802,0.0,0.0,0.0,0.0,0.0,0,4,-0.20713320609132838,-0.01619194253275865,3.031173824076737e-08,0.5866622179784992,0.2993712878317288,0.11428571428571428,0.11428571428571428,0.11428571428571428,0.0,0.2774858119189722,0.0869090107542858,0.01750491481920312,4.023397997564293e-05,4.0,12.0,patchy,10.0,0,0.0,0.3154021282418132,0.3308941141395849,0.4656805324381604,0.07287701269808715,0,0.0,0.0,0.0,0,0.0,0,0,0,0,0,0,0.0,0.0,0,0,0,0,0,0.0,0.0,0.0,0,0,0.6-P0.2,1,0.012321345555555554,0.0004388033333333579,0.01789174246666451,0.013450549688888865,0.0,0.0006904007999999824,468,0,0,0,0,0.0011292041333333177,0.012321345555555585,0.0,0.0,0.0006904007999999824,0.0,0.0,561,0.6-P1.1,none,native,0,0,0,0,0,0.0,0.0,0.0,0.0,0.0,0,0.0,0,0,0.6-P2.2,full,cue_reversal,0,0,0,0,0.0,0.0,0,0,0,0,0.0,0.0,0.0,0.0,"[0.0, 0.0, 0.0, 0.0, 0.0, 0.0, 0.0, 0.0]",0,0,0,0.0,0.0,0.0,0.0,0.0827045750011835,2,1,2,3,0.3643632677191111,0.01753646977335007,0.002876928776217435,0.12289331171493983,7.747532096822548,3.513138440793988,1.082495085180797,0,0,0.6-F2.0,full,0,0,0.0,0.0,0,0,0,0,0,0.0,0.0,0.0,0,0.0,0.0,0.0,0.0,0.0,0.0,0.0,0.0,0,0,0,0,0.0,0.0,0,0,0,0,0,0,0,0,0,0.6.1-D1.4,off,0,0,0,0,0,0,0.0,0.0,0.0,0.0,0,0,0.0,0.0,0,0,0,0,0,0.0,0,0.0,468,0,0,0.8,0.0,0.0,0.0,0.0,0,0,0,0,0.0,0.0,0,0,0,0.0,0.0,0.0,0.0,0.0,0,0,0.0,0,0.0,0.0,0,0,0,0,0,0,0.0,0.0,0.0,0.0,0,0,0.6.2-M1.1,efficient2,0,0,0.0,0.0,0.0,0.0,0.0,0.0,0.0,0.0,0.0,0.0,468,no_tissue,efficient2,0.6.3-NG1.0,random_cost_matched,1,1,0,0,0,0,0,0,0,0,0,0.7445872500203853,0.4007780550159005,7.512633110245281e-06,0.9784439640130657,0.0,0.4628216190511368,0.9215621044862392,0.0006904007999999824,1.362083333333345e-06,0.0,0.0,0.0,0.0,0.0,0.0,0.0,0.006599525555555558,0.0023,0.00198,0.0,0.0,0.0,0.0,0.0,0.0,0.0,0.0,0.0,26.0,21.901327026743765,0.3643632677191111,468,True,-1.0348328302711707e-05,confirmation,random_cost_matched,cue_reversal,2.0059282779693604
SOMA-CELL 0.6.3,9002,26.000000000000234,1,0,0,0,0,0.9928601670556623,0.9928601670556623,0.0,0.6787890033384749,2.1410442254738294e-17,1.5833327635485375,0.0,440,0.0,0.0,0.36959308468831137,0.0,4.049031997746785,0.5423681217849662,17.1595627605502,-1.1504562589692569e-05,0.0,0.012083625227750177,0,0,0,624.0,624,1,1,39.0,1.852936086278186,1.6125007909451539,0,1,1,0.05555555555555555,0.0,0,0,0,0,0,0,0,0.007553895559922752,0.007553895559922752,0.7553895559922752,0.0228834644246728,0.9947455132286877,0.012405908921628397,0.004342693047217001,0.011046198591027847,6.9803476046547e-05,0.0,0.0402288094004223,0.024495502214858723,0.016814649004431335,0.0,0,0.0,26.000000000000234,0.1,pulsed,0,0,0,,0.24568075991247418,0.13339104729383497,0.0,0.0,0.0,0.0,0.0,0,2,0.14614031266127656,-0.03343063379476353,1.1431660299093261e-08,0.5184244967420126,0.38454399572903,0.11428571428571428,0.11428571428571428,0.11428571428571428,0.0,0.10922345083849577,0.022546613768438136,0.025116576556958686,5.0146543080595296e-05,4.0,12.0,patchy,10.0,0,0.0,0.332274784098572,0.23007582329154833,0.38165589602286254,0.17572761206487242,0,0.0,0.0,0.0,0,0.0,0,0,0,0,0,0,0.0,0.0,0,0,0,0,0,0.0,0.0,0.0,0,0,0.6-P0.2,3,0.025961753726441564,0.007845109866070085,0.3406759530535405,0.04710074359150225,7.715670213012931e-05,0.013216723296860782,2806,295,463,0,0,0.019885183041811354,0.027215560549690914,7.715670213012931e-05,0.0,0.011962916473611406,0.0012538068232493768,0.0,1405,0.6-P1.1,none,native,0,0,0,0,0,0.0,0.0,0.0,0.0,0.0,0,0.0,0,0,0.6-P2.2,full,cue_reversal,1,2,1,0,0.010546569762173452,0.01070194150431184,926,0,0,0,25.72222222222245,8.277777777777551,0.07529780980800706,0.009581522338149913,"[0.0225, 0.0225, 0.0225, 0.0225, 0.0225, 0.0225, 0.0225, 0.0225]",74,0,0,0.31292888957099224,0.0025828664917836343,0.0012538068232493763,2.822923302646297e-05,0.09190760365092283,2,1,2,3,0.13174462730628544,0.02514201385760714,0.007918114018052213,0.12018156665628346,7.915789356443635,3.5774898611317743,1.0748834234430418,468,468,0.6-F2.0,full,1,1,3.1741111111111055e-05,6.492499999999987e-05,0,0,0,0,0,0.0,0.0,0.0,0,0.0,0.0,0.0,0.78,0.0,0.78,0.0,0.0,1,1,0,0,0.0,1.0,0,0,4,0,0,0,0,468,468,0.6.1-D1.4,off,1,0,0,0,0,0,0.0,0.0,0.0,0.0,0,0,0.0,0.0,0,0,0,0,0,0.0,0,0.0,468,0,0,0.8,0.0,0.0,1.0,0.0,0,0,0,0,0.0,0.0,0,0,0,1.0,0.0,0.0,0.0,0.0,0,0,0.0,468,7.715670213012931e-05,0.0,0,0,0,0,0,0,0.0,0.0,0.0,0.0,0,0,0.6.2-M1.1,efficient2,2,0,0.0,0.0,0.0005206160000000007,0.0,0.0,1.2600000000000002e-06,0.0,0.0,0.0005206160000000007,1.2600000000000002e-06,468,no_tissue,efficient2,0.6.3-NG1.0,always_efficient2,0,0,1,0,0,1,0,0,0,0,0,0.0,0.0,0.0,0.0,0.0,0.0,0.0,0.0,0.0,0.0,0.0,0.0005206160000000007,1.2600000000000002e-06,0.0005206160000000007,0.0,0.0,0.0,0.0,0.0,0.0,0.0,0.0,0.0,0.0,0.0,0.0,0.0,0.0,26.0,19.869538468541155,0.13174462730628544,468,True,-1.1504562589692569e-05,confirmation,always_efficient2,cue_reversal,5.414771795272827
SOMA-CELL 0.6.3,9003,26.000000000000234,1,0,0,0,0,0.9917866633551663,0.9917866633551663,0.0,0.7054902743341249,6.0014671398904414e-18,1.6604960464954828,0.0,440,0.0,0.0,0.41793799328484454,0.0,4.14669148262543,0.6153167692397736,17.154391685255348,-1.2105808643525506e-05,0.0,0.0008273996646128413,0,0,0,624.0,624,1,1,39.0,1.953450609583691,1.7993260019218034,0,1,1,0.05555555555555555,0.0,0,0,0,0,0,0,0,0.012640572906364094,0.012640572906364094,1.2640572906364094,0.046865207012064765,0.9941814264906521,0.013897685259928433,0.004998334501215517,0.033216786381323395,7.726902639909711e-05,0.0,0.04001771408640136,0.026897817034510368,0.01635701438579738,0.0,0,0.0,26.000000000000234,0.1,pulsed,0,0,0,,0.24556191748458886,0.13312261918357288,0.0,0.0,0.0,0.0,0.0,0,4,0.05343349322741455,-0.10030954044643708,1.3692010025425723e-08,0.806384719376537,0.5305453510552224,0.11428571428571428,0.11428571428571428,0.11428571428571428,0.0,0.2709202601145493,0.02040547466926,0.04134575217790917,2.787516616788166e-05,4.0,12.0,patchy,10.0,0,0.0,0.23533607963005138,0.3039155546652773,0.19499231745868928,0.35060765946458555,0,0.0,0.0,0.0,0,0.0,0,0,0,0,0,0,0.0,0.0,0,0,0,0,0,0.0,0.0,0.0,0,0,0.6-P0.2,1,0.012320645555555558,0.0004235758666666901,0.019166732044440943,0.013434622222222204,0.0,0.0006904007999999824,468,0,0,0,0,0.0011139766666666536,0.012320645555555591,0.0,0.0,0.0006904007999999824,0.0,0.0,561,0.6-P1.1,none,native,0,0,0,0,0,0.0,0.0,0.0,0.0,0.0,0,0.0,0,0,0.6-P2.2,full,cue_reversal,0,0,0,0,0.0,0.0,0,0,0,0,0.0,0.0,0.0,0.0,"[0.0, 0.0, 0.0, 0.0, 0.0, 0.0, 0.0, 0.0]",0,0,0,0.0,0.0,0.0,0.0,0.1227329492908957,2,1,2,3,0.2912958333494932,0.041375653612225255,0.021770913297705082,0.12183245079359105,7.754093940720464,3.579635149804443,1.058654342865236,0,0,0.6-F2.0,full,0,0,0.0,0.0,0,0,0,0,0,0.0,0.0,0.0,0,0.0,0.0,0.0,0.0,0.0,0.0,0.0,0.0,0,0,0,0,0.0,0.0,0,0,0,0,0,0,0,0,0,0.6.1-D1.4,off,0,0,0,0,0,0,0.0,0.0,0.0,0.0,0,0,0.0,0.0,0,0,0,0,0,0.0,0,0.0,468,0,0,0.8,0.0,0.0,0.0,0.0,0,0,0,0,0.0,0.0,0,0,0,0.0,0.0,0.0,0.0,0.0,0,0,0.0,0,0.0,0.0,0,0,0,0,0,0,0.0,0.0,0.0,0.0,0,0,0.6.2-M1.1,efficient2,0,0,0.0,0.0,0.0,0.0,0.0,0.0,0.0,0.0,0.0,0.0,468,no_tissue,efficient2,0.6.3-NG1.0,prepared_no_tissue,1,1,0,0,0,0,0,0,0,0,0,0.8531968689218871,0.48549355775907194,0.0,0.9400693269195787,0.0,0.6493701724448284,0.9565584730554763,0.0006904007999999824,1.362083333333345e-06,0.0,0.0,0.0,0.0,0.0,0.0,0.0,0.0065988255555555625,0.0023,0.00198,0.0,0.0,0.0,0.0,0.0,0.0,0.0,0.0,0.0,26.0,19.86029787110842,0.2912958333494932,468,True,-1.2105808643525506e-05,confirmation,prepared_no_tissue,cue_reversal,1.7951910495758057
SOMA-CELL 0.6.3,9003,26.000000000000234,1,0,0,0,0,0.9957077150193636,0.9957077150193636,0.0,0.719672885415314,5.130621170928196e-08,1.698788407455516,0.0,440,0.0,0.0,0.5836495941382658,0.0,4.331437597524967,0.826492044091136,17.149338306686868,-1.392486019824446e-05,0.0,0.013179557877679595,0,0,0,624.0,624,1,1,39.0,2.0164851673551074,1.9043363336087211,0,1,1,0.05555555555555555,0.0,0,0,0,0,0,0,0,0.030505958203023476,0.030505958203023476,3.0505958203023478,0.12381832765331906,0.9971716163299278,0.010074326890018288,0.002606983806607781,0.13451684016665072,5.6926263075058716e-05,0.0,0.059589232013540785,0.034635015388060277,0.015819360351179326,0.0,0,0.0,26.000000000000234,0.1,pulsed,0,0,0,,0.24597833804816424,0.15043677611035172,0.0,0.0,0.0,0.0,0.0,0,3,-0.43666413149491545,-0.4599969064991089,4.355235911492685e-08,0.8076837215489423,0.8114811926179627,0.11428571428571428,0.11428571428571428,0.11428571428571428,0.0,0.5316711440042067,0.06867641722595359,0.1332884164032351,3.2795419461176256e-05,4.0,12.0,patchy,10.0,0,0.0,0.35359564408866845,0.27568576924933214,0.0883216470613749,0.4543476747441789,0,0.0,0.0,0.0,0,0.0,0,0,0,0,0,0,0.0,0.0,0,0,0,0,0,0.0,0.0,0.0,0,0,0.6-P0.2,3,0.02620216465268191,0.007929173865823145,0.23766956167363912,0.049366218931660134,5.845545296360695e-05,0.015176424960191844,2489,220,463,0,0,0.021050968579578784,0.0283152503520814,5.845545296360695e-05,0.0,0.013063339260792275,0.002113085699399569,0.0,1405,0.6-P1.1,none,native,0,0,0,0,0,0.0,0.0,0.0,0.0,0.0,0,0.0,0,0,0.6-P2.2,full,cue_reversal,1,2,1,0,0.01028403239117719,0.01432928731468496,926,0,0,0,25.72222222222245,8.277777777777551,0.07572962659740579,0.0170292336364786,"[0.0225, 0.0225, 0.0225, 0.0225, 0.0225, 0.0225, 0.0225, 0.0225]",124,0,0,0.5256203978364609,0.0035482115780276972,0.002113085699399569,6.661373526241162e-05,0.1258870591276867,2,1,2,3,0.6003190149809169,0.1333169626524785,0.10309372849864272,0.1490726189239333,7.4933401728892095,3.531356908584791,0.9667115835967651,468,468,0.6-F2.0,full,1,1,7.25511111111114e-05,0.00014840000000000025,0,0,0,0,0,0.0,0.0,0.0,0,0.0,0.0,0.0,0.78,0.0,0.78,0.0,0.0,1,1,0,0,0.0,1.0,0,0,6,0,0,0,0,468,468,0.6.1-D1.4,off,1,0,0,0,0,0,0.0,0.0,0.0,0.0,0,0,0.0,0.0,0,0,0,0,0,0.0,0,0.0,468,0,0,0.8,0.0,0.0,1.0,0.0,0,0,0,0,0.0,0.0,0,0,0,1.0,0.0,0.0,0.0,0.0,0,0,0.0,468,5.845545296360695e-05,0.0,0,0,0,0,0,0,0.0,0.0,0.0,0.0,0,0,0.6.2-M1.1,efficient2,2,0,0.0,0.0,0.0005213860000000007,0.0,0.0,2.835e-06,0.0,0.0,0.0005213860000000007,2.835e-06,468,no_tissue,efficient2,0.6.3-NG1.0,always_efficient2,0,0,1,0,0,1,0,0,0,0,0,0.0,0.0,0.0,0.0,0.0,0.0,0.0,0.0,0.0,0.0,0.0,0.0005213860000000007,2.835e-06,0.0005213860000000007,0.0,0.0,0.0,0.0,0.0,0.0,0.0,0.0,0.0,0.0,0.0,0.0,0.0,0.0,26.0,23.515615960196296,0.6003190149809169,468,True,-1.392486019824446e-05,confirmation,always_efficient2,cue_reversal,6.070491790771484
SOMA-CELL 0.6.3,9006,26.000000000000234,1,0,0,0,0,0.9903969931884274,0.9903969931884274,0.0,0.6677973686755716,4.2397437729628014e-23,1.5409097468635724,0.0,440,0.0,0.0,0.3272199891019761,0.0,3.980762365948986,0.4923940854178422,17.145345266821305,-1.0755908945725423e-05,0.0,0.010954458047640126,0,0,0,624.0,624,1,1,39.0,1.8070740071548266,1.5404351821991278,0,1,1,0.05555555555555555,0.0,0,0,0,0,0,0,0,0.012830426547711845,0.012830426547711845,1.2830426547711846,0.04868022327638869,0.9931097397113953,0.01566453810223846,0.005848129098891694,0.029590139270766366,0.00010279260227734376,0.0,0.03510339400795142,0.023760879826877586,0.01659536170194813,0.0,0,0.0,26.000000000000234,0.1,pulsed,0,0,0,,0.24539973797115858,0.1284359169270236,0.0,0.0,0.0,0.0,0.0,0,1,-0.02541226142412536,-0.09652412659683783,7.613447449141039e-09,0.2270166071558594,0.5388212934615455,0.11428571428571428,0.11428571428571428,0.11428571428571428,0.0,0.01281568082532679,2.2668082307312828e-05,0.04003132833424213,4.3332253385694464e-05,4.0,12.0,patchy,10.0,0,0.0,0.19192285983892238,0.3435959967520869,0.22118363741292757,0.34521064823321623,0,0.0,0.0,0.0,0,0.0,0,0,0,0,0,0,0.0,0.0,0,0,0,0,0,0.0,0.0,0.0,0,0,0.6-P0.2,3,0.02595959133843123,0.007779826434253507,0.3270363145368332,0.04577387693004498,6.680014658502547e-05,0.011967659010775495,2732,251,463,0,0,0.018660339003308102,0.02711353792673688,6.680014658502547e-05,0.0,0.010813712422469804,0.0011539465883056912,0.0,1405,0.6-P1.1,none,native,0,0,0,0,0,0.0,0.0,0.0,0.0,0.0,0,0.0,0,0,0.6-P2.2,full,cue_reversal,1,2,1,0,0.011586755366261609,0.012469583579387312,926,0,0,0,25.72222222222245,8.277777777777551,0.07814075964535641,0.00959689258089625,"[0.0225, 0.0225, 0.0225, 0.0225, 0.0225, 0.0225, 0.0225, 0.0225]",32,0,0,0.30455854158093776,0.0014351737573721868,0.0011539465883056935,2.6992915872308107e-05,0.11378637264071308,2,1,2,3,0.012807631143466565,0.040062046098409666,0.013969270417616513,0.14131521321338195,8.01220040515359,3.600019738635128,1.059968671665758,468,468,0.6-F2.0,full,1,1,3.083422222222216e-05,6.306999999999988e-05,0,0,0,0,0,0.0,0.0,0.0,0,0.0,0.0,0.0,0.78,0.0,0.78,0.0,0.0,1,1,0,0,0.0,1.0,0,0,3,0,0,0,0,468,468,0.6.1-D1.4,off,1,0,0,0,0,0,0.0,0.0,0.0,0.0,0,0,0.0,0.0,0,0,0,0,0,0.0,0,0.0,468,0,0,0.8,0.0,0.0,1.0,0.0,0,0,0,0,0.0,0.0,0,0,0,1.0,0.0,0.0,0.0,0.0,0,0,0.0,468,6.680014658502547e-05,0.0,0,0,0,0,0,0,0.0,0.0,0.0,0.0,0,0,0.6.2-M1.1,efficient2,2,0,0.0,0.0,0.0005206160000000007,0.0,0.0,1.2600000000000002e-06,0.0,0.0,0.0005206160000000007,1.2600000000000002e-06,468,no_tissue,efficient2,0.6.3-NG1.0,always_efficient2,0,0,1,0,0,1,0,0,0,0,0,0.0,0.0,0.0,0.0,0.0,0.0,0.0,0.0,0.0,0.0,0.0,0.0005206160000000007,1.2600000000000002e-06,0.0005206160000000007,0.0,0.0,0.0,0.0,0.0,0.0,0.0,0.0,0.0,0.0,0.0,0.0,0.0,0.0,26.0,18.833378995331657,0.012807631143466565,468,True,-1.0755908945725423e-05,confirmation,always_efficient2,cue_reversal,6.112496376037598
SOMA-CELL 0.6.3,9004,26.000000000000234,1,0,0,0,0,0.9909946048081275,0.9909946048081275,0.0,0.6692243434042127,4.4415146724208025e-17,1.56209621799166,0.0,440,0.0,0.0,0.34203988888935827,0.0,3.9986556591292417,0.5131338327082622,17.154028111350563,-1.0964343598374171e-05,0.0,0.005755446711660637,0,0,0,624.0,624,1,1,39.0,1.814211047481851,1.5507430079895208,0,1,1,0.05555555555555555,0.0,0,0,0,0,0,0,0,0.009990204613625311,0.009990204613625311,0.9990204613625311,0.035648837138427876,0.9934736362597327,0.014822031186374308,0.005482538700937846,0.017271619734728304,9.283910056469349e-05,0.0,0.03624990929817213,0.023940186499598243,0.017033134861638564,0.0,0,0.0,26.000000000000234,0.1,pulsed,0,0,0,,0.24546831955204673,0.13005085694539315,0.0,0.0,0.0,0.0,0.0,0,0,-0.0157827852477664,-0.05013091860496244,1.502935914128044e-08,0.5193087300111116,0.4465937980925925,0.11428571428571428,0.11428571428571428,0.11428571428571428,0.0,0.044110120394218806,0.007467455317450608,0.03124522386014213,3.923781441808605e-05,4.0,12.0,patchy,10.0,0,0.0,0.2288301339127324,0.2888397185433717,0.31001716514867933,0.22995862781793952,0,0.0,0.0,0.0,0,0.0,0,0,0,0,0,0,0.0,0.0,0,0,0,0,0,0.0,0.0,0.0,0,0,0.6-P0.2,4,0.011732183225843958,0.008044034552207466,3.5135758309663787,0.2013968915845361,0.17542662731591938,0.0061940464905660434,2617,233,343,0,0,0.17867673991786945,0.022720151666666695,0.16502662731591938,0.010400000000000001,0.0056060780497433375,0.000587968440822706,0.0,1185,0.6-P1.1,none,native,0,0,0,0,0,0.0,0.0,0.0,0.0,0.0,0,0.0,0,0,0.6-P2.2,full,cue_reversal,1,2,1,0,0.014817454751447554,0.012632807187128168,350,104,3,3,19.055555555555593,0.0,0.06754293201451633,0.00925576501836105,"[0.0225, 0.0225, 0.0225, 0.0225, 0.0225, 0.0225, 0.0225, 0.0225]",0,0,0,0.17166333728166572,0.0005576772497431491,0.0005879684408227068,0.0,0.11046201889097841,2,1,2,3,0.051547177719288816,0.03127562185252273,0.010276290817038845,0.1289162132736908,7.980906738297789,3.592577105075411,1.068754776139858,344,344,0.6-F2.0,full,1,0,0.0,0.0,0,0,0,0,0,0.0,0.0,0.0,0,0.0,0.0,0.0,0.0,0.0,0.0,0.0,0.0,0,0,0,0,0.0,1.0,0,0,0,0,0,0,0,344,344,0.6.1-D1.4,off,1,0,0,0,0,0,0.0,0.0,0.0,0.0,0,0,0.0,0.0,0,0,0,0,0,0.0,0,0.0,468,0,0,0.8,0.0,0.0,1.0,0.0,0,0,0,0,0.0,0.0,0,0,0,1.0,0.0,0.0,0.0,0.0,0,0,0.0,343,0.16034662731591937,0.0,0,0,0,0,0,0,0.0,0.0,0.0,0.0,0,0,0.6.2-M1.1,efficient2,2,6,0.0,0.00468,0.00030000000000000014,0.0,0.00040800000000000005,0.0,0.0,0.0,0.0007080000000000002,0.0,468,no_tissue,efficient2,0.6.3-NG1.0,demand,0,0,0,0,1,1,0,0,1,1,0,0.03767524648459967,0.00438669225798774,0.0,0.6975072579698386,0.0,2.0545059744162617e-05,0.04381070393166779,0.0006904007999999824,1.362083333333345e-06,0.0,0.0,0.0007080000000000002,0.0,0.00030000000000000014,0.0,0.00040800000000000005,0.00019833166666666693,0.0002000000000000001,8.00000000000001e-05,0.0064,0.0021,0.0019,0.0064,0.0021,0.0019,0.0,19.055555555555593,0.05555555555555555,26.0,19.1641066415398,0.051547177719288816,468,True,-1.0964343598374171e-05,confirmation,demand,cue_reversal,3.9341235160827637
SOMA-CELL 0.6.3,9005,26.000000000000234,1,0,0,0,0,0.9979443175794486,0.9979443175794486,0.2312942861236483,0.7313120219405059,0.4076758929100282,1.7509630570161252,0.0,440,0.0,0.0,0.7790928465073803,0.0,4.493977656227041,1.047022652624334,17.1599316284978,-1.2307034612746293e-05,0.0,0.005016572772809248,0,0,0,624.0,624,1,1,39.0,2.0643077625792428,1.9834555747248253,0,1,1,0.05555555555555555,0.0,0,0,0,0,0,0,0,0.02910816670908355,0.02910816670908355,2.910816670908355,0.12628140567966928,0.9990504594993148,0.007010463557008914,0.0012471504459303081,0.1355640245660336,4.911995605280486e-05,0.00017012501831807037,0.06569415536940947,0.038823137496344175,0.015919767660314967,0.0,0,0.0,26.000000000000234,0.1,pulsed,0,0,0,,0.9090091334766627,-0.22995520603016514,0.0,0.0,0.0,0.0,0.0,0,5,-0.19373437440730165,-0.19455659159509792,5.840476272301792e-08,0.8107273066093912,0.836664689287462,0.11428571428571428,0.11428571428571428,0.11428571428571428,0.0,0.8072594924170462,0.16427946052075554,0.15955599095572287,3.091270703417526e-05,4.0,12.0,patchy,10.0,0,0.0,0.36998531853258465,0.3281078975331462,0.03073585305201751,0.5067536242499352,0,0.0,0.0,0.0,0,0.0,0,0,0,0,0,0,0.0,0.0,0,0,0,0,0,0.0,0.0,0.0,0,0,0.6-P0.2,4,0.011897981153674842,0.008449534095788216,1.8263148729252185,0.18070083256746267,0.1549901335940348,0.005363183723965129,1585,206,178,0,0,0.1579800586785738,0.02272077388888899,0.1445901335940348,0.010400000000000001,0.00494039098875108,0.0004227927352140482,0.0,888,0.6-P1.1,none,native,0,0,0,0,0,0.0,0.0,0.0,0.0,0.0,0,0.0,0,0,0.6-P2.2,full,cue_reversal,1,2,1,0,0.0426033274355177,0.006903033856753744,288,18,0,0,9.888888888888863,0.0,0.05557047688119942,0.0015863510644389671,"[0.0225, 0.0225, 0.0225, 0.0225, 0.0225, 0.0225, 0.0225, 0.0225]",0,0,0,0.1152816261171891,0.00035799018875098926,0.00042279273521404737,0.0,0.1390636525280069,2,1,2,3,0.9715221462253399,0.15957279766818475,0.11674770605526665,0.1409225393633998,7.242746897495629,3.4357404131065223,0.9404440090442774,179,179,0.6-F2.0,full,1,0,0.0,0.0,0,0,0,0,0,0.0,0.0,0.0,0,0.0,0.0,0.0,0.0,0.0,0.0,0.0,0.0,0,0,0,0,0.0,1.0,0,0,0,0,0,0,0,179,179,0.6.1-D1.4,off,1,0,0,0,0,0,0.0,0.0,0.0,0.0,0,0,0.0,0.0,0,0,0,0,0,0.0,0,0.0,468,0,0,0.8,0.0,0.0,1.0,0.0,0,0,0,0,0.0,0.0,0,0,0,1.0,0.0,0.0,0.0,0.0,0,0,0.0,178,0.13991013359403476,0.0,0,0,0,0,0,0,0.0,0.0,0.0,0.0,0,0,0.6.2-M1.1,efficient2,2,6,0.0,0.00468,0.00017,0.0,7.200000000000002e-05,0.0,0.0,0.0,0.00024200000000000003,0.0,468,no_tissue,efficient2,0.6.3-NG1.0,random_cost_matched,0,0,0,1,0,1,0,0,0,0,0,0.0020825096729541583,-0.023375642455095758,0.0,0.9097203669037341,0.0,1.8581989648076752e-06,0.0014221889089310823,0.0006904007999999824,1.362083333333345e-06,0.0,0.0,0.00024200000000000003,0.0,0.00017,0.0,7.200000000000002e-05,0.00019895388888888993,0.0002000000000000001,8.00000000000001e-05,0.0064,0.0021,0.0019,0.0064,0.0021,0.0019,0.0,9.888888888888863,0.05555555555555555,26.0,25.292822733461644,0.9715221462253399,468,True,-1.2307034612746293e-05,confirmation,random_cost_matched,cue_reversal,4.983544111251831
SOMA-CELL 0.6.3,9003,26.000000000000234,1,0,0,0,0,0.9911517230928966,0.9911517230928966,0.0,0.7058419888931721,3.737503101573993e-19,1.6581016438282878,0.0,440,0.0,0.0,0.4122522540469672,0.0,4.165257427638856,0.6080115447082877,17.154571531514023,-1.2214725945369764e-05,0.0,0.011809353081347245,0,0,0,624.0,624,1,1,39.0,1.9521511199089263,1.7997093621977351,0,1,1,0.05555555555555555,0.0,0,0,0,0,0,0,0,0.012909928942340596,0.012909928942340596,1.2909928942340596,0.048489501919040764,0.9936616554912857,0.014720925798867093,0.0053864577993925815,0.032381327134572424,8.576829889006071e-05,0.0,0.03875072425336833,0.02674373960846749,0.016333036118456087,0.0,0,0.0,26.000000000000234,0.1,pulsed,0,0,0,,0.24548602079253282,0.13118464006252994,0.0,0.0,0.0,0.0,0.0,0,4,0.09177304721229215,-0.12828192927298293,9.61954192788947e-09,0.8072641442006584,0.5368611987415985,0.11428571428571428,0.11428571428571428,0.11428571428571428,0.0,0.2765496208459018,0.026049151293078644,0.04115358996781631,2.787516616788166e-05,4.0,12.0,patchy,10.0,0,0.0,0.24173955325933275,0.2918805020312783,0.20058067197692114,0.34146688434654915,0,0.0,0.0,0.0,0,0.0,0,0,0,0,0,0,0.0,0.0,0,0,0,0,0,0.0,0.0,0.0,0,0,0.6-P0.2,4,0.034066358764807056,0.00799218831183485,1.259360624112736,0.11980261330432117,0.0649238384859874,0.012820227741691382,2506,235,348,0,0,0.07418838570722362,0.0456142275970976,0.0545238384859874,0.010400000000000001,0.011672358909400887,0.001147868832290495,0.0,1194,0.6-P1.1,none,native,0,0,0,0,0,0.0,0.0,0.0,0.0,0.0,0,0.0,0,0,0.6-P2.2,full,cue_reversal,1,2,1,0,0.015393086708090229,0.014974220580507056,360,114,5,5,19.33333333333338,0.0,0.06938360673323672,0.012328654878716466,"[0.0225, 0.0225, 0.0225, 0.0225, 0.0225, 0.0225, 0.0225, 0.0225]",50,0,0,0.3266283446400016,0.0018095667003531347,0.0011478688322904954,8.409604984585066e-06,0.12183638045651336,2,1,2,3,0.3025688707046643,0.04118349140213243,0.02151773121337952,0.1184865568241575,7.748464580207883,3.5739914738836673,1.0588465050753288,349,349,0.6-F2.0,full,1,0,0.0,0.0,0,0,0,0,0,0.0,0.0,0.0,0,0.0,0.0,0.0,0.0,0.0,0.0,0.0,0.0,0,0,0,0,0.0,1.0,0,0,0,0,0,0,0,349,349,0.6.1-D1.4,off,1,0,0,0,0,0,0.0,0.0,0.0,0.0,0,0,0.0,0.0,0,0,0,0,0,0.0,0,0.0,468,0,0,0.8,0.0,0.0,1.0,0.0,0,0,0,0,0.0,0.0,0,0,0,1.0,0.0,0.0,0.0,0.0,0,0,0.0,348,0.04984383848598738,0.0,0,0,0,0,0,0,0.0,0.0,0.0,0.0,0,0,0.6.2-M1.1,efficient2,2,6,0.0,0.00468,0.00030030800000000016,0.0,0.00040800000000000005,6.300000000000001e-07,0.0,0.0,0.0007083080000000002,6.300000000000001e-07,468,no_tissue,efficient2,0.6.3-NG1.0,demand,0,0,0,0,1,1,0,0,1,1,0,0.035400850156145205,0.0026126631217932607,0.0,0.6823343390030481,0.0,2.968485790986387e-05,0.03290065596848063,0.0006904007999999824,1.362083333333345e-06,0.0,0.0,0.0007083080000000002,6.300000000000001e-07,0.00030030800000000016,0.0,0.00040800000000000005,0.006598821666666674,0.0002000000000000001,0.00198,0.0063999999999999994,0.0021,0.0018999999999999998,0.0063999999999999994,0.0021,0.0018999999999999998,0.0,19.33333333333338,0.05555555555555555,26.0,19.431668705298016,0.3025688707046643,468,True,-1.2214725945369764e-05,confirmation,demand,cue_reversal,3.660951614379883
SOMA-CELL 0.6.3,9002,26.000000000000234,1,0,0,0,0,0.9983546146305484,0.9983546146305484,0.12126842423135485,0.7388794891812281,0.34047681239919364,1.7281374731761632,0.0,440,0.0,0.0,0.7054721186104032,0.0,4.4100178465824555,0.9800183872338384,17.1482526756008,-1.3641489889693048e-05,0.0,0.015042938458310291,0,0,0,624.0,624,1,1,39.0,2.0501900059560474,1.9597651564209704,0,1,1,0.05555555555555555,0.0,0,0,0,0,0,0,0,0.01592932984120364,0.01592932984120364,1.592932984120364,0.07027492794855858,0.9957403463544481,0.005856229588104743,0.000998024547054537,0.06568706950941781,0.00015496264764294668,0.00025313077324637265,0.07051399034423601,0.03551090837985419,0.01587628796495676,0.0,0,0.0,26.000000000000234,0.1,pulsed,0,0,0,,0.8469739419400496,-0.3513069540766645,0.0,0.0,0.0,0.0,0.0,0,3,-0.3470478131527117,-0.1227729106229041,2.0283283345963227e-07,0.8097693318422102,0.7231701759291899,0.11428571428571428,0.11428571428571428,0.11428571428571428,0.0,0.724536210579377,0.16539208231358488,0.07690983796352703,5.914342837608222e-05,4.0,12.0,patchy,10.0,0,0.0,0.3633189265792511,0.17046992583247533,0.2098351154590947,0.3608737484831741,0,0.0,0.0,0.0,0,0.0,0,0,0,0,0,0,0.0,0.0,0,0,0,0,0,0.0,0.0,0.0,0,0,0.6-P0.2,1,0.010220754444444449,0.0004500000000000254,0.8421579712920578,0.1161170012209729,0.061906776559482145,0.016261839703417783,2105,319,313,0,9,0.06537796849942021,0.05073903272155271,0.05002535793531708,0.03915904913779261,0.01490261056410242,0.0013592291393153648,0.0,1126,0.6-P1.1,none,native,0,0,0,0,0,0.0,0.0,0.0,0.0,0.0,0,0.0,0,0,0.6-P2.2,full,cue_reversal,0,0,1,0,0.0,0.0,0,0,0,0,0.0,0.0,0.0,0.0,"[0.0, 0.0, 0.0, 0.0, 0.0, 0.0, 0.0, 0.0]",0,0,0,0.0,0.0,0.0,0.0,0.10704908904795145,2,1,2,3,0.8898950177592658,0.07694311309722315,0.055045033267196015,0.1164448615543957,7.300478098583329,3.4346481811647043,1.023090162036473,314,314,0.6-F2.0,full,0,0,0.0,0.0,0,0,0,0,0,0.0,0.0,0.0,0,0.0,0.0,0.0,0.0,0.0,0.0,0.0,0.0,0,0,0,0,0.0,0.0,0,0,0,0,0,0,0,314,314,0.6.1-D1.4,off,0,0,0,0,0,0,0.0,0.0,0.0,0.0,0,0,0.0,0.0,0,0,0,0,0,0.0,0,0.0,468,0,0,0.8,0.0,0.0,0.0,0.0,0,0,0,0,0.0,0.0,0,0,0,0.0,0.0,0.0,0.0,0.0,0,0,0.0,0,0.0,0.0,0,0,0,0,0,0,0.0,0.0,0.0,0.0,0,0,0.6.2-M1.1,efficient2,0,0,0.0,0.0,0.0,0.0,0.0,0.0,0.0,0.0,0.0,0.0,468,no_tissue,efficient2,0.6.3-NG1.0,demand,0,0,0,0,0,1,1,0,1,0,1,0.038683977595745274,0.005173502524681312,0.0,0.6964963406522793,0.0,2.1106316178158363e-05,0.03195172128640876,0.0006904007999999824,1.362083333333345e-06,0.02521904913779261,0.007986957935316771,0.0009724080000000003,2.538000000000001e-05,0.00024369600000000014,0.0,0.0007287120000000002,0.006598934444444451,0.0002000000000000001,0.00198,0.0064,0.0021,0.0019,0.0064,0.0021,0.0019,0.0,17.38888888888888,0.05555555555555555,26.0,25.115162964260115,0.8898950177592658,468,True,-1.3641489889693048e-05,confirmation,demand,cue_reversal,6.564538478851318
SOMA-CELL 0.6.3,9002,26.000000000000234,1,0,0,0,0,0.9985171520492586,0.9985171520492586,0.10158811042452234,0.6944651703521714,0.3212446839229221,1.7036241095137665,0.0,440,0.0,0.0,0.620309668339075,0.0,4.087476722202473,0.8758098909647412,16.908449778290333,-1.2766133444586103e-05,0.0,7.83366361870043e-05,0,0,0,496.0,496,1,1,31.0,2.109113845755526,2.062502769083426,0,1,1,0.05555555555555555,0.0,0,0,0,0,0,0,0,0.009254778676967453,0.009254778676967453,0.9254778676967452,0.03500280789124056,0.9993386269535098,0.0053291782832973695,0.0008993627017101591,0.03886059454560232,3.8027124987576685e-05,0.0001274435028997439,0.057630705094444575,0.03197528548058184,0.01595057372767463,0.0,0,0.0,26.000000000000234,0.1,pulsed,0,0,0,,0.8277354366701961,-0.6255787784667701,0.0,0.0,0.0,0.0,0.0,0,3,-0.3806721159954789,-0.05799132802596246,6.93375522889314e-09,0.8075477924161133,0.6188024934565863,0.11428571428571428,0.11428571428571428,0.11428571428571428,0.0,0.5875863675040802,0.14104092783235317,0.051237657756409406,1.2258705694434546e-05,4.0,4.0,patchy,10.0,0,0.0,0.4437238488080902,0.06886129158503938,0.30481536592794745,0.3491709096904211,0,0.0,0.0,0.0,0,0.0,0,0,0,0,0,0,0.0,0.0,0,0,0,0,0,0.0,0.0,0.0,0,0,0.6-P0.2,0,0.0,0.0,0.0,0.0,0.0,0.0,0,0,0,0,0,0.0,0.0,0.0,0.0,0.0,0.0,0.0,0,0.6-P1.1,none,native,0,0,0,0,0,0.0,0.0,0.0,0.0,0.0,0,0.0,0,0,0.6-P2.2,none,cue_reversal,0,0,0,0,0.0,0.0,0,0,0,0,0.0,0.0,0.0,0.0,"[0.0, 0.0, 0.0, 0.0, 0.0, 0.0, 0.0, 0.0]",0,0,0,0.0,0.0,0.0,0.0,0.11044084027431841,2,1,2,3,0.7286109930251427,0.05125396006770025,0.031645430874232806,0.1153294306215199,7.437420541885883,3.458980280993645,1.0487623422435906,0,0,0.6-F2.0,full,0,0,0.0,0.0,0,0,0,0,0,0.0,0.0,0.0,0,0.0,0.0,0.0,0.0,0.0,0.0,0.0,0.0,0,0,0,0,0.0,0.0,0,0,0,0,0,0,0,0,0,0.6.1-D1.4,active,0,0,0,0,0,0,0.0,0.0,0.0,0.0,0,0,0.0,0.0,0,0,0,0,0,0.0,0,0.0,468,0,0,0.8,0.0,0.0,0.0,0.0,0,0,0,0,0.0,0.0,0,0,0,0.0,0.0,0.0,0.0,0.0,0,0,0.0,0,0.0,0.0,0,0,0,0,0,0,0.0,0.0,0.0,0.0,0,0,0.6.2-M1.1,no_tissue,0,0,0.0,0.0,0.0,0.0,0.0,0.0,0.0,0.0,0.0,0.0,468,no_tissue,efficient2,0.6.3-NG1.0,always_no_tissue,0,1,0,0,0,0,0,0,0,0,0,0.0,0.0,0.0,0.0,0.0,0.0,0.0,0.0,0.0,0.0,0.0,0.0,0.0,0.0,0.0,0.0,0.0,0.0,0.0,0.0,0.0,0.0,0.0,0.0,0.0,0.0,0.0,0.0,26.0,25.046386955608227,0.7286109930251427,468,True,-1.2766133444586103e-05,confirmation,always_no_tissue,cue_reversal,1.531994342803955
SOMA-CELL 0.6.3,9005,26.000000000000234,1,0,0,0,0,0.9978886103660061,0.9978886103660061,0.26605937318145595,0.6983669046565502,0.4226612322563272,1.722972042378381,0.0,440,0.0,0.0,0.7381255718789237,0.0,4.221661093226391,0.949742862378134,16.91871437694418,-1.094921242739133e-05,0.0,3.397468955193986e-05,0,0,0,496.0,496,1,1,31.0,2.120483841757348,2.0910887391347157,0,1,1,0.05555555555555555,0.0,0,0,0,0,0,0,0,0.030967431817051777,0.030967431817051777,3.0967431817051776,0.1349973953347982,0.9990288156722978,0.0072403775350578705,0.0012809828845849458,0.1445535941274302,4.99070120293815e-05,0.00017311951294992004,0.06583438974616428,0.037407260151386054,0.01598642975220414,0.0,0,0.0,26.000000000000234,0.1,pulsed,0,0,0,,0.9206067482158925,-0.17573635835456322,0.0,0.0,0.0,0.0,0.0,0,5,-0.15875852473146368,-0.15905439405586955,7.5145457448903e-11,0.8095806200421604,0.8501935552916208,0.11428571428571428,0.11428571428571428,0.11428571428571428,0.0,0.7255191653890108,0.15836988348499847,0.1688094373237149,1.192263999860721e-06,4.0,4.0,patchy,10.0,0,0.0,0.3646593272427579,0.32581820299518705,0.03639707987869072,0.5010081625327655,0,0.0,0.0,0.0,0,0.0,0,0,0,0,0,0,0.0,0.0,0,0,0,0,0,0.0,0.0,0.0,0,0,0.6-P0.2,0,0.0,0.0,0.0,0.0,0.0,0.0,0,0,0,0,0,0.0,0.0,0.0,0.0,0.0,0.0,0.0,0,0.6-P1.1,none,native,0,0,0,0,0,0.0,0.0,0.0,0.0,0.0,0,0.0,0,0,0.6-P2.2,none,cue_reversal,0,0,0,0,0.0,0.0,0,0,0,0,0.0,0.0,0.0,0.0,"[0.0, 0.0, 0.0, 0.0, 0.0, 0.0, 0.0, 0.0]",0,0,0,0.0,0.0,0.0,0.0,0.13627940250031337,2,1,2,3,0.8838827345308999,0.16881575166682425,0.12026122127059813,0.14455981101152762,7.349482495510145,3.466637363153227,0.9311905626762853,0,0,0.6-F2.0,full,0,0,0.0,0.0,0,0,0,0,0,0.0,0.0,0.0,0,0.0,0.0,0.0,0.0,0.0,0.0,0.0,0.0,0,0,0,0,0.0,0.0,0,0,0,0,0,0,0,0,0,0.6.1-D1.4,active,0,0,0,0,0,0,0.0,0.0,0.0,0.0,0,0,0.0,0.0,0,0,0,0,0,0.0,0,0.0,468,0,0,0.8,0.0,0.0,0.0,0.0,0,0,0,0,0.0,0.0,0,0,0,0.0,0.0,0.0,0.0,0.0,0,0,0.0,0,0.0,0.0,0,0,0,0,0,0,0.0,0.0,0.0,0.0,0,0,0.6.2-M1.1,no_tissue,0,0,0.0,0.0,0.0,0.0,0.0,0.0,0.0,0.0,0.0,0.0,468,no_tissue,efficient2,0.6.3-NG1.0,always_no_tissue,0,1,0,0,0,0,0,0,0,0,0,0.0,0.0,0.0,0.0,0.0,0.0,0.0,0.0,0.0,0.0,0.0,0.0,0.0,0.0,0.0,0.0,0.0,0.0,0.0,0.0,0.0,0.0,0.0,0.0,0.0,0.0,0.0,0.0,26.0,25.329354000309944,0.8838827345308999,468,True,-1.094921242739133e-05,confirmation,always_no_tissue,cue_reversal,1.522279977798462
SOMA-CELL 0.6.3,9003,26.000000000000234,1,0,0,0,0,0.9926147591167447,0.9926147591167447,0.0,0.644956270728717,3.0538378459492056e-19,1.5666660784463846,0.0,440,0.0,0.0,0.33293207418916015,0.0,3.753999966249431,0.47700490396214634,16.91561816500396,-1.0725825053015114e-05,0.0,6.988738033815549e-05,0,0,0,496.0,496,1,1,31.0,1.8704186145270505,1.649460154425535,0,1,1,0.05555555555555555,0.0,0,0,0,0,0,0,0,0.00732056358772009,0.00732056358772009,0.732056358772009,0.025140827616201504,0.9949644498035626,0.012614464082556587,0.004492513206604887,0.009864024343308048,6.613112321942557e-05,0.0,0.03790814221052666,0.022806813814849492,0.016799041490949965,0.0,0,0.0,26.000000000000234,0.1,pulsed,0,0,0,,0.24567246678609148,0.13400516863239748,0.0,0.0,0.0,0.0,0.0,0,0,-0.1472533614914309,-0.008179549041775539,8.719320375827016e-10,0.5451453025198935,0.27005173509099767,0.11428571428571428,0.11428571428571428,0.11428571428571428,0.0,0.042021107473987185,0.007124465594758118,0.016266843255397383,9.48753646895506e-06,4.0,4.0,patchy,10.0,0,0.0,0.19530453172567283,0.3252705736148601,0.241946784397904,0.3140168143457267,0,0.0,0.0,0.0,0,0.0,0,0,0,0,0,0,0.0,0.0,0,0,0,0,0,0.0,0.0,0.0,0,0,0.6-P0.2,0,0.0,0.0,0.0,0.0,0.0,0.0,0,0,0,0,0,0.0,0.0,0.0,0.0,0.0,0.0,0.0,0,0.6-P1.1,none,native,0,0,0,0,0,0.0,0.0,0.0,0.0,0.0,0,0.0,0,0,0.6-P2.2,none,cue_reversal,0,0,0,0,0.0,0.0,0,0,0,0,0.0,0.0,0.0,0.0,"[0.0, 0.0, 0.0, 0.0, 0.0, 0.0, 0.0, 0.0]",0,0,0,0.0,0.0,0.0,0.0,0.11911646149644174,2,1,2,3,0.049130881739918766,0.01628153458422392,0.002886612384746902,0.11872620325074042,8.007985186316189,3.5928949517315893,1.0837331567446027,0,0,0.6-F2.0,full,0,0,0.0,0.0,0,0,0,0,0,0.0,0.0,0.0,0,0.0,0.0,0.0,0.0,0.0,0.0,0.0,0.0,0,0,0,0,0.0,0.0,0,0,0,0,0,0,0,0,0,0.6.1-D1.4,active,0,0,0,0,0,0,0.0,0.0,0.0,0.0,0,0,0.0,0.0,0,0,0,0,0,0.0,0,0.0,468,0,0,0.8,0.0,0.0,0.0,0.0,0,0,0,0,0.0,0.0,0,0,0,0.0,0.0,0.0,0.0,0.0,0,0,0.0,0,0.0,0.0,0,0,0,0,0,0,0.0,0.0,0.0,0.0,0,0,0.6.2-M1.1,no_tissue,0,0,0.0,0.0,0.0,0.0,0.0,0.0,0.0,0.0,0.0,0.0,468,no_tissue,efficient2,0.6.3-NG1.0,always_no_tissue,0,1,0,0,0,0,0,0,0,0,0,0.0,0.0,0.0,0.0,0.0,0.0,0.0,0.0,0.0,0.0,0.0,0.0,0.0,0.0,0.0,0.0,0.0,0.0,0.0,0.0,0.0,0.0,0.0,0.0,0.0,0.0,0.0,0.0,26.0,20.034885335621908,0.049130881739918766,468,True,-1.0725825053015114e-05,confirmation,always_no_tissue,cue_reversal,1.4965579509735107
SOMA-CELL 0.6.3,9006,26.000000000000234,1,0,0,0,0,0.9894004070720229,0.9894004070720229,0.0,0.675926309082756,3.452729791387387e-23,1.5731030754329844,0.0,440,0.0,0.0,0.3299685837553753,0.0,4.02143407664594,0.4964507125958458,17.145198940518046,-1.1767052814803947e-05,0.0,0.0008553559691480449,0,0,0,624.0,624,1,1,39.0,1.8355147177773163,1.5962854614152047,0,1,1,0.05555555555555555,0.0,0,0,0,0,0,0,0,0.017347085623933365,0.017347085623933365,1.7347085623933365,0.06727101635343782,0.9921142680872324,0.01716908777056048,0.006458284094180938,0.048225462729553525,0.00011970786341012497,0.0,0.03507502776191135,0.024533918678015666,0.016114465101102943,0.0,0,0.0,26.000000000000234,0.1,pulsed,0,0,0,,0.2452659922856098,0.12713086734345966,0.0,0.0,0.0,0.0,0.0,0,1,-0.22558311485969473,-0.18423402867886512,2.5447997222512054e-08,0.6075569364915876,0.5828646262749636,0.11428571428571428,0.11428571428571428,0.11428571428571428,0.0,0.05103798375344727,2.9875976418139225e-05,0.04668591302607473,7.302579941913245e-05,4.0,12.0,patchy,10.0,0,0.0,0.238980906769516,0.30957983770773156,0.18277330223433733,0.36434251701644854,0,0.0,0.0,0.0,0,0.0,0,0,0,0,0,0,0.0,0.0,0,0,0,0,0,0.0,0.0,0.0,0,0,0.6-P0.2,1,0.012320151666666671,0.00041663393333335626,0.020243888622217314,0.013427186399999987,0.0,0.0006904007999999824,468,0,0,0,0,0.0011070347333333214,0.012320151666666695,0.0,0.0,0.0006904007999999824,0.0,0.0,561,0.6-P1.1,none,native,0,0,0,0,0,0.0,0.0,0.0,0.0,0.0,0,0.0,0,0,0.6-P2.2,full,cue_reversal,0,0,0,0,0.0,0.0,0,0,0,0,0.0,0.0,0.0,0.0,"[0.0, 0.0, 0.0, 0.0, 0.0, 0.0, 0.0, 0.0]",0,0,0,0.0,0.0,0.0,0.0,0.11990001958955854,2,1,2,3,0.051028069516346614,0.04672570323959352,0.02836568499419775,0.13735716952677582,7.973980494224864,3.600019523439409,1.0533141336119898,0,0,0.6-F2.0,full,0,0,0.0,0.0,0,0,0,0,0,0.0,0.0,0.0,0,0.0,0.0,0.0,0.0,0.0,0.0,0.0,0.0,0,0,0,0,0.0,0.0,0,0,0,0,0,0,0,0,0,0.6.1-D1.4,off,0,0,0,0,0,0,0.0,0.0,0.0,0.0,0,0,0.0,0.0,0,0,0,0,0,0.0,0,0.0,468,0,0,0.8,0.0,0.0,0.0,0.0,0,0,0,0,0.0,0.0,0,0,0,0.0,0.0,0.0,0.0,0.0,0,0,0.0,0,0.0,0.0,0,0,0,0,0,0,0.0,0.0,0.0,0.0,0,0,0.6.2-M1.1,efficient2,0,0,0.0,0.0,0.0,0.0,0.0,0.0,0.0,0.0,0.0,0.0,468,no_tissue,efficient2,0.6.3-NG1.0,prepared_no_tissue,1,1,0,0,0,0,0,0,0,0,0,0.8849444502587257,0.5102566712018062,2.9840534557960992e-05,0.9447060607752314,0.0,0.6883327710482465,0.9738265650230655,0.0006904007999999824,1.362083333333345e-06,0.0,0.0,0.0,0.0,0.0,0.0,0.0,0.0065983316666666765,0.0023,0.00198,0.0,0.0,0.0,0.0,0.0,0.0,0.0,0.0,0.0,26.0,18.551668296581205,0.051028069516346614,468,True,-1.1767052814803947e-05,confirmation,prepared_no_tissue,cue_reversal,2.157257080078125
SOMA-CELL 0.6.3,9002,26.000000000000234,1,0,0,0,0,0.988424286317103,0.988424286317103,0.0,0.7242322741558503,1.3941984325481589e-09,1.7152091600540185,0.0,440,0.0,0.0,0.6626569020280192,0.0,4.48038318479947,0.9452624046739028,17.14735612780997,-1.4896723229185227e-05,0.0,0.018686607478406062,0,0,0,624.0,624,1,1,39.0,2.0048562244051342,1.9188119541284316,0,1,1,0.05555555555555555,0.0,0,0,0,0,0,0,0,0.01475067727346252,0.01475067727346252,1.475067727346252,0.05908767630312879,0.9892433963850589,0.018086788402309137,0.007056505348394562,0.02831624388641797,0.00011348866518630218,0.0,0.03547041227632467,0.0357444256930416,0.01580669282734603,0.0,0,0.0,26.000000000000234,0.1,pulsed,0,0,0,,0.24507583851298825,0.12437676106655016,0.0,0.0,0.0,0.0,0.0,0,5,0.16171265008378286,-0.13917835484707447,9.716733241270907e-08,0.8097693318422102,0.6407396445387444,0.11428571428571428,0.11428571428571428,0.11428571428571428,0.0,0.7656001432240424,0.1831570677401223,0.05458692249480758,5.914342837608222e-05,4.0,12.0,patchy,10.0,0,0.0,0.4541709097630652,0.06003060582494688,0.327768402690189,0.3400628811097185,0,0.0,0.0,0.0,0,0.0,0,0,0,0,0,0,0.0,0.0,0,0,0,0,0,0.0,0.0,0.0,0,0,0.6-P0.2,10,0.05958604000000001,0.8844291457156721,2.7984182567333313,0.9625615865156693,0.0,0.01854640079999935,3698,0,0,0,0,0.9029755465156692,0.059586040000000215,0.0,0.0,0.01854640079999935,0.0,0.0,1531,0.6-P1.1,none,native,0,0,0,0,0,0.0,0.0,0.0,0.0,0.0,0,0.0,0,0,0.6-P2.2,full,cue_reversal,1,0,1,0,0.0,0.0,0,0,0,0,0.0,3.0,0.0,0.0,"[0.045, 0.045, 0.045, 0.045, 0.045, 0.045, 0.045, 0.045]",0,0,0,0.0,0.0,0.0,0.0,0.08476339107744486,2,1,2,3,0.9487239358304683,0.054620197628503925,0.033486488851130126,0.10534780265155547,7.259414155245834,3.4168833055855705,1.0454130775051924,323,323,0.6-F2.0,full,1,0,0.0,0.0,0,0,0,0,0,0.0,0.0,0.0,0,0.0,0.0,0.0,0.0,0.0,0.0,0.0,0.0,0,0,0,0,0.0,1.0,0,0,0,0,0,0,0,323,323,0.6.1-D1.4,off,1,0,0,0,0,0,0.0,0.0,0.0,0.0,0,0,0.0,0.0,0,0,0,0,0,0.0,0,0.0,468,0,0,0.8,0.0,0.0,1.0,0.0,0,0,0,0,0.0,0.0,0,0,0,1.0,0.0,0.0,0.0,0.0,0,0,0.0,0,0.0,0.0,0,0,0,0,0,0,0.0,0.0,0.0,0.0,0,0,0.6.2-M1.1,efficient2,4,0,0.0,0.0,0.0,0.0,0.0,0.0,0.0,0.0,0.0,0.0,468,no_tissue,efficient2,0.6.3-NG1.0,random_cost_matched,1,0,1,0,0,1,0,0,0,0,0,0.8897747477077563,0.51402430321205,0.0,0.9433975959734612,0.0,0.7073920360432975,0.9651139215010943,0.0006904007999999824,1.362083333333345e-06,0.0,0.0,0.0,0.0,0.0,0.0,0.0,0.0065989422222222285,0.0023,0.00198,0.0,0.0,0.0,0.0,0.0,0.0,0.0,0.0,17.94444444444445,26.0,17.91019271203714,0.9487239358304683,468,True,-1.4896723229185227e-05,confirmation,random_cost_matched,cue_reversal,5.508376121520996
SOMA-CELL 0.6.3,9006,26.000000000000234,1,0,0,0,0,0.9893089695760077,0.9893089695760077,0.0,0.6744096083978466,1.4503384704846863e-23,1.56739603736585,0.0,440,0.0,0.0,0.3288101251721552,0.0,4.013761348321037,0.4948516862211807,17.145248034067237,-1.163004609594509e-05,0.0,0.005837223791456381,0,0,0,624.0,624,1,1,39.0,1.8299634729335348,1.5876909082429997,0,1,1,0.05555555555555555,0.0,0,0,0,0,0,0,0,0.017207641515736234,0.017207641515736234,1.7207641515736234,0.0673194004990689,0.9920383688407545,0.017268949030145316,0.006514297033670699,0.04723611593304016,0.00012184455259927335,0.0,0.03465191145907964,0.024444555751674594,0.01609952608552251,0.0,0,0.0,26.000000000000234,0.1,pulsed,0,0,0,,0.24525566718310068,0.12680009098745987,0.0,0.0,0.0,0.0,0.0,0,1,-0.19781473990936116,-0.17557414850920366,1.8195768106610685e-08,0.5626806672598084,0.5731690676974356,0.11428571428571428,0.11428571428571428,0.11428571428571428,0.0,0.043078168216148446,2.9338307963119154e-05,0.04532558780520839,7.302579941913245e-05,4.0,12.0,patchy,10.0,0,0.0,0.23931821654806415,0.3094938905617444,0.1823626613989784,0.3646964995640522,0,0.0,0.0,0.0,0,0.0,0,0,0,0,0,0,0.0,0.0,0,0,0,0,0,0.0,0.0,0.0,0,0,0.6-P0.2,4,0.011735697047365046,0.008024700230879495,3.5636680381253383,0.1956871594111187,0.16967003775244835,0.006256724380426353,2649,227,348,0,0,0.17296700774445203,0.022720151666666695,0.15927003775244836,0.010400000000000001,0.005672269761124734,0.0005844546193016188,0.0,1194,0.6-P1.1,none,native,0,0,0,0,0,0.0,0.0,0.0,0.0,0.0,0,0.0,0,0,0.6-P2.2,full,cue_reversal,1,2,1,0,0.015998691547830693,0.0156059124913811,360,142,5,5,19.33333333333338,0.0,0.06772544228870328,0.006305454295591614,"[0.0225, 0.0225, 0.0225, 0.0225, 0.0225, 0.0225, 0.0225, 0.0225]",2,0,0,0.17379753491111746,0.0005118689611245366,0.0005844546193016194,0.0,0.11819139622624093,2,1,2,3,0.043067716310592766,0.045365378018727184,0.02703748202800944,0.13725063928524744,7.9819404797522795,3.6000200609398814,1.0546744588328563,349,349,0.6-F2.0,full,1,0,0.0,0.0,0,0,0,0,0,0.0,0.0,0.0,0,0.0,0.0,0.0,0.0,0.0,0.0,0.0,0.0,0,0,0,0,0.0,1.0,0,0,0,0,0,0,0,349,349,0.6.1-D1.4,off,1,0,0,0,0,0,0.0,0.0,0.0,0.0,0,0,0.0,0.0,0,0,0,0,0,0.0,0,0.0,468,0,0,0.8,0.0,0.0,1.0,0.0,0,0,0,0,0.0,0.0,0,0,0,1.0,0.0,0.0,0.0,0.0,0,0,0.0,348,0.15459003775244834,0.0,0,0,0,0,0,0,0.0,0.0,0.0,0.0,0,0,0.6.2-M1.1,efficient2,2,6,0.0,0.00468,0.00030000000000000014,0.0,0.0005200000000000001,0.0,0.0,0.0,0.0008200000000000002,0.0,468,no_tissue,efficient2,0.6.3-NG1.0,demand,0,0,0,0,1,1,0,0,1,1,0,0.03525470139807712,0.002498667090500152,0.0,0.6822128175111715,0.0,2.8152172771505453e-05,0.03469751025472245,0.0006904007999999824,1.362083333333345e-06,0.0,0.0,0.0008200000000000002,0.0,0.00030000000000000014,0.0,0.0005200000000000001,0.0001983316666666668,0.0002000000000000001,8.00000000000001e-05,0.0064,0.0021,0.0019,0.0064,0.0021,0.0019,0.0,19.33333333333338,0.05555555555555555,26.0,18.475192485215707,0.043067716310592766,468,True,-1.163004609594509e-05,confirmation,demand,cue_reversal,3.7862296104431152
SOMA-CELL 0.6.3,9003,26.000000000000234,1,0,0,0,0,0.9912133504153035,0.9912133504153035,0.0,0.7046943523606248,2.732546300455208e-19,1.6570993950894484,0.0,440,0.0,0.0,0.40894049495538015,0.0,4.154958398070941,0.6035258736953848,17.15470198345701,-1.2195784304225299e-05,0.0,0.01143553505162098,0,0,0,624.0,624,1,1,39.0,1.948385422514639,1.7921849856097134,0,1,1,0.05555555555555555,0.0,0,0,0,0,0,0,0,0.012622218878400995,0.012622218878400995,1.2622218878400995,0.04870575731155045,0.9937364047431388,0.014566354793466628,0.005348775646010322,0.03126902224786215,8.414057079462945e-05,0.0,0.038314821175189896,0.02646792647558191,0.016418219102875303,0.0,0,0.0,26.000000000000234,0.1,pulsed,0,0,0,,0.24549695222403375,0.13096734277041178,0.0,0.0,0.0,0.0,0.0,0,4,0.08953589081516997,-0.061427343329322544,9.294091065094434e-09,0.8065708666344507,0.5104974559814592,0.11428571428571428,0.11428571428571428,0.11428571428571428,0.0,0.2683137516545239,0.02059404922092187,0.039929408549805125,2.787516616788166e-05,4.0,12.0,patchy,10.0,0,0.0,0.23178405137384422,0.30141147861576195,0.20465848854153093,0.3404227210109643,0,0.0,0.0,0.0,0,0.0,0,0,0,0,0,0,0.0,0.0,0,0,0,0,0,0.0,0.0,0.0,0,0,0.6-P0.2,4,0.034042562352361215,0.008211244451005588,0.9972191336750146,0.09897260701233838,0.04436276462642494,0.012356035582546396,2366,208,322,0,0,0.05347255110359809,0.04550005590874031,0.03396276462642494,0.010400000000000001,0.011298542026167304,0.0010574935563790915,0.0,1147,0.6-P1.1,none,native,0,0,0,0,0,0.0,0.0,0.0,0.0,0.0,0,0.0,0,0,0.6-P2.2,full,cue_reversal,1,2,1,0,0.0167229544777198,0.015356692322500292,308,94,3,3,17.888888888888893,0.0,0.06547742625874453,0.01057783785008991,"[0.0225, 0.0225, 0.0225, 0.0225, 0.0225, 0.0225, 0.0225, 0.0225]",40,0,0,0.305185156547209,0.0015902080123625963,0.001057493556379092,6.808763039838752e-06,0.12486123756885337,2,1,2,3,0.2888778994411297,0.039959309984121255,0.02045253465927869,0.1189698337101352,7.756700449252797,3.5794465759445484,1.06007068649334,323,323,0.6-F2.0,full,1,0,0.0,0.0,0,0,0,0,0,0.0,0.0,0.0,0,0.0,0.0,0.0,0.0,0.0,0.0,0.0,0.0,0,0,0,0,0.0,1.0,0,0,0,0,0,0,0,323,323,0.6.1-D1.4,off,1,0,0,0,0,0,0.0,0.0,0.0,0.0,0,0,0.0,0.0,0,0,0,0,0,0.0,0,0.0,468,0,0,0.8,0.0,0.0,1.0,0.0,0,0,0,0,0.0,0.0,0,0,0,1.0,0.0,0.0,0.0,0.0,0,0,0.0,322,0.02928276462642493,0.0,0,0,0,0,0,0,0.0,0.0,0.0,0.0,0,0,0.6.2-M1.1,efficient2,2,6,0.0,0.00468,0.00027015400000000004,0.0,0.00032,3.1500000000000005e-07,0.0,0.0,0.0005901540000000001,3.1500000000000005e-07,468,no_tissue,efficient2,0.6.3-NG1.0,random_cost_matched,0,0,0,0,1,1,0,0,1,1,0,0.0731985018701415,0.03209483145871037,0.0,0.7481069552577227,0.0,1.9569464435909316e-05,0.09623027439410242,0.0006904007999999824,1.362083333333345e-06,0.0,0.0,0.0005901540000000001,3.1500000000000005e-07,0.00027015400000000004,0.0,0.00032,0.006598817777777785,0.0002000000000000001,0.00198,0.0064,0.0021,0.0019,0.0064,0.0021,0.0019,0.0,17.888888888888893,0.05555555555555555,26.0,19.383678250877093,0.2888778994411297,468,True,-1.2195784304225299e-05,confirmation,random_cost_matched,cue_reversal,3.640329599380493
SOMA-CELL 0.6.3,9005,26.000000000000234,1,0,0,0,0,0.9977984157402491,0.9977984157402491,0.20937652665354708,0.7321841857188227,0.3928677011939896,1.748634482866267,0.0,440,0.0,0.0,0.7744789316919769,0.0,4.535367204121833,1.0411715591394615,17.160069460124404,-1.193970461699223e-05,0.0,0.013383889376123715,0,0,0,624.0,624,1,1,39.0,2.060387692278252,1.9773466071559533,0,1,1,0.05555555555555555,0.0,0,0,0,0,0,0,0,0.03381900697895908,0.03381900697895908,3.381900697895908,0.14936363281717951,0.9989577049564473,0.007434434962576754,0.0013357644298593613,0.15846079167410393,5.722592901885416e-05,0.00017995481469296833,0.06903592074946346,0.03924450194391432,0.01594204287045393,0.0,0,0.0,26.000000000000234,0.1,pulsed,0,0,0,,0.8986595185213666,-0.26685643583574914,0.0,0.0,0.0,0.0,0.0,0,5,-0.21702142952404427,-0.21785371602940393,5.770179779224835e-08,0.8107273066093912,0.838706152734213,0.11428571428571428,0.11428571428571428,0.11428571428571428,0.0,0.8112067757058942,0.17439135181363188,0.18089781326816676,3.091270703417526e-05,4.0,12.0,patchy,10.0,0,0.0,0.37841807745500605,0.33105602971945597,0.022887794634620744,0.5152421615270976,0,0.0,0.0,0.0,0,0.0,0,0,0,0,0,0,0.0,0.0,0,0,0,0,0,0.0,0.0,0.0,0,0,0.6-P0.2,4,0.035236182110421344,0.008444504058798845,0.9365509816059885,0.1190326561734282,0.05747840000000035,0.014333570004206661,2417,356,353,0,6,0.06883060536670438,0.05020205080672387,0.04707840000000035,0.013940000000000003,0.013307701307904473,0.0010258686963021883,0.0,1203,0.6-P1.1,none,native,0,0,0,0,0,0.0,0.0,0.0,0.0,0.0,0,0.0,0,0,0.6-P2.2,full,cue_reversal,1,2,1,0,0.008762633656016705,0.007354968562544039,370,204,5,5,19.611111111111164,0.0,0.07135668259280666,0.0069454428322930604,"[0.0225, 0.0225, 0.0225, 0.0225, 0.0225, 0.0225, 0.0225, 0.0225]",56,0,0,0.2314561136078688,0.0015670322334470552,0.0010258686963021892,0.0002988766522996519,0.14934574722111701,2,1,2,3,0.9855813208070644,0.18091461998062827,0.13753693482881757,0.14093917679435017,7.238799597158485,3.4256289129727917,0.9191021867318335,354,354,0.6-F2.0,full,1,0,0.0,0.0,0,0,0,0,0,0.0,0.0,0.0,0,0.0,0.0,0.0,0.0,0.0,0.0,0.0,0.0,0,0,0,0,0.0,1.0,0,0,0,0,0,0,0,354,354,0.6.1-D1.4,off,1,0,0,0,0,0,0.0,0.0,0.0,0.0,0,0,0.0,0.0,0,0,0,0,0,0.0,0,0.0,468,0,0,0.8,0.0,0.0,1.0,0.0,0,0,0,0,0.0,0.0,0,0,0,1.0,0.0,0.0,0.0,0.0,0,0,0.0,353,0.04375200000000033,0.0,0,0,0,0,0,0,0.0,0.0,0.0,0.0,0,0,0.6.2-M1.1,efficient2,2,6,0.0035400000000000006,0.0033264,0.0003147740000000002,0.0,0.0008177768000000003,9.765e-06,0.0,1.9998000000000004e-05,0.0011325508000000005,2.9763000000000006e-05,468,no_tissue,efficient2,0.6.3-NG1.0,demand,0,0,0,0,1,1,0,0,1,1,0,0.036027193928039186,0.003101211263870564,0.0,0.6657527633725422,0.0,3.4338747688642515e-05,0.018421233762692342,0.0006904007999999824,1.362083333333345e-06,0.0,0.0,0.0011325508000000005,2.9763000000000006e-05,0.0003147740000000002,0.0,0.0008177768000000003,0.006598950000000006,0.0002000000000000001,0.00198,0.0064,0.0021,0.0019,0.0064,0.0021,0.0019,0.0,19.611111111111164,0.05555555555555555,26.0,25.25208145999044,0.9855813208070644,468,True,-1.193970461699223e-05,confirmation,demand,cue_reversal,6.909198045730591
SOMA-CELL 0.6.3,9001,26.000000000000234,1,0,0,0,0,0.9986570593055729,0.9986570593055729,0.3879382770887019,0.6880440475200728,0.4802911062348861,1.6852369475512292,0.0,440,0.0,0.0,0.6389992820059682,0.0,4.113415753564329,0.8425768511039631,16.89976894354981,-1.1225354683119804e-05,0.0,8.601304713486255e-05,0,0,0,496.0,496,1,1,31.0,2.0729146767932116,2.004900986737592,0,1,1,0.05555555555555555,0.0,0,0,0,0,0,0,0,0.0027643559775815236,0.0027643559775815236,0.27643559775815235,0.0047935610940876856,0.9992317444116446,0.004845681846678343,0.0008144504529828572,0.006790270837562476,3.563245887364408e-05,0.00012236020070927983,0.05533776514675058,0.032066850448445504,0.018308568702916816,0.0,0,0.0,26.000000000000234,0.1,pulsed,0,0,0,,0.9550767991298031,-0.09996164204633805,0.0,0.0,0.0,0.0,0.0,0,3,-0.016029056815351172,-0.004116348642888661,2.5548750037421283e-08,0.5638489575858369,0.3187900454251969,0.11428571428571428,0.11428571428571428,0.11428571428571428,0.0,0.6251662993264633,0.13508860346990975,0.02100125181335949,2.8334203667268465e-05,4.0,4.0,patchy,10.0,0,0.0,0.33373222264511776,0.30332894123736664,0.45622230783053414,0.09190674002277302,0,0.0,0.0,0.0,0,0.0,0,0,0,0,0,0,0.0,0.0,0,0,0,0,0,0.0,0.0,0.0,0,0,0.6-P0.2,0,0.0,0.0,0.0,0.0,0.0,0.0,0,0,0,0,0,0.0,0.0,0.0,0.0,0.0,0.0,0.0,0,0.6-P1.1,none,native,0,0,0,0,0,0.0,0.0,0.0,0.0,0.0,0,0.0,0,0,0.6-P2.2,none,cue_reversal,0,0,0,0,0.0,0.0,0,0,0,0,0.0,0.0,0.0,0.0,"[0.0, 0.0, 0.0, 0.0, 0.0, 0.0, 0.0, 0.0]",0,0,0,0.0,0.0,0.0,0.0,0.07912114120103989,2,1,2,3,0.7602332624495842,0.02102289216014839,0.007139410947966984,0.11508159216747366,7.399841681822281,3.464935908872593,1.0789987481866408,0,0,0.6-F2.0,full,0,0,0.0,0.0,0,0,0,0,0,0.0,0.0,0.0,0,0.0,0.0,0.0,0.0,0.0,0.0,0.0,0.0,0,0,0,0,0.0,0.0,0,0,0,0,0,0,0,0,0,0.6.1-D1.4,active,0,0,0,0,0,0,0.0,0.0,0.0,0.0,0,0,0.0,0.0,0,0,0,0,0,0.0,0,0.0,468,0,0,0.8,0.0,0.0,0.0,0.0,0,0,0,0,0.0,0.0,0,0,0,0.0,0.0,0.0,0.0,0.0,0,0,0.0,0,0.0,0.0,0,0,0,0,0,0,0.0,0.0,0.0,0.0,0,0,0.6.2-M1.1,no_tissue,0,0,0.0,0.0,0.0,0.0,0.0,0.0,0.0,0.0,0.0,0.0,468,no_tissue,efficient2,0.6.3-NG1.0,always_no_tissue,0,1,0,0,0,0,0,0,0,0,0,0.0,0.0,0.0,0.0,0.0,0.0,0.0,0.0,0.0,0.0,0.0,0.0,0.0,0.0,0.0,0.0,0.0,0.0,0.0,0.0,0.0,0.0,0.0,0.0,0.0,0.0,0.0,0.0,26.0,24.953646434834795,0.7602332624495842,468,True,-1.1225354683119804e-05,confirmation,always_no_tissue,cue_reversal,2.742708683013916
SOMA-CELL 0.6.3,9005,26.000000000000234,1,0,0,0,0,0.9977676393007102,0.9977676393007102,0.23496357578867266,0.731135839411164,0.405911345206172,1.7506102841074158,0.0,440,0.0,0.0,0.7903207211499199,0.0,4.546788073463582,1.0603283426160512,17.159700892829356,-1.2174330926484345e-05,0.0,0.012615610648069044,0,0,0,624.0,624,1,1,39.0,2.0624819891578197,1.981313255921873,0,1,1,0.05555555555555555,0.0,0,0,0,0,0,0,0,0.03533709006631097,0.03533709006631097,3.5337090066310974,0.15578819909888508,0.9989661265601304,0.007431017185270532,0.001354458261169584,0.16601762299617417,5.119465668902231e-05,0.00018125630982630825,0.0669290100450501,0.03942407194582181,0.015933050309348717,0.0,0,0.0,26.000000000000234,0.1,pulsed,0,0,0,,0.9089743547013377,-0.2251030189634237,0.0,0.0,0.0,0.0,0.0,0,5,-0.19340412100420276,-0.19395837832956653,1.8150523948384984e-08,0.811055129027,0.8511110669897883,0.11428571428571428,0.11428571428571428,0.11428571428571428,0.0,0.8176412886792054,0.1845654392636355,0.19522972074620795,1.7623940290451e-05,4.0,12.0,patchy,10.0,0,0.0,0.3759400481495032,0.3487487057336789,0.015245663878734597,0.5252848268191873,0,0.0,0.0,0.0,0,0.0,0,0,0,0,0,0,0.0,0.0,0,0,0,0,0,0.0,0.0,0.0,0,0,0.6-P0.2,3,0.02641934286595943,0.007998181418340335,0.2024636179684864,0.048949520138046175,2.7663833474051748e-05,0.01450433202027268,2398,115,463,0,0,0.020578012801022002,0.028371507337024246,2.7663833474051748e-05,0.0,0.012552167549207743,0.0019521644710649357,0.0,1405,0.6-P1.1,none,native,0,0,0,0,0,0.0,0.0,0.0,0.0,0.0,0,0.0,0,0,0.6-P2.2,full,cue_reversal,1,2,1,0,0.0058051606020115,0.0063309317882557165,926,0,0,0,25.72222222222245,8.277777777777551,0.07476447594400279,0.006433883116751013,"[0.0225, 0.0225, 0.0225, 0.0225, 0.0225, 0.0225, 0.0225, 0.0225]",144,0,0,0.436140445758447,0.003054010883123792,0.0019521644710649368,0.00010342085850190293,0.16109847179691597,2,1,2,3,1.002192359384566,0.1952440893044827,0.14351234773522373,0.13939995646690598,7.232363515540621,3.4154506819553103,0.904770279253792,468,468,0.6-F2.0,full,1,1,0.00011154733333333384,0.00022816500000000155,0,0,0,0,0,0.0,0.0,0.0,0,0.0,0.0,0.0,0.78,0.0,0.78,0.0,0.0,1,1,0,0,0.0,1.0,0,0,7,0,0,0,0,468,468,0.6.1-D1.4,off,1,0,0,0,0,0,0.0,0.0,0.0,0.0,0,0,0.0,0.0,0,0,0,0,0,0.0,0,0.0,468,0,0,0.8,0.0,0.0,1.0,0.0,0,0,0,0,0.0,0.0,0,0,0,1.0,0.0,0.0,0.0,0.0,0,0,0.0,468,2.7663833474051748e-05,0.0,0,0,0,0,0,0,0.0,0.0,0.0,0.0,0,0,0.6.2-M1.1,efficient2,2,0,0.0,0.0,0.0005221560000000008,0.0,0.0,4.41e-06,0.0,0.0,0.0005221560000000008,4.41e-06,468,no_tissue,efficient2,0.6.3-NG1.0,always_efficient2,0,0,1,0,0,1,0,0,0,0,0,0.0,0.0,0.0,0.0,0.0,0.0,0.0,0.0,0.0,0.0,0.0,0.0005221560000000008,4.41e-06,0.0005221560000000008,0.0,0.0,0.0,0.0,0.0,0.0,0.0,0.0,0.0,0.0,0.0,0.0,0.0,0.0,26.0,25.289205317049586,1.002192359384566,468,True,-1.2174330926484345e-05,confirmation,always_efficient2,cue_reversal,5.562402248382568
SOMA-CELL 0.6.3,9002,26.000000000000234,1,0,0,0,0,0.9985600962122706,0.9985600962122706,0.18133680784450917,0.7317134874299305,0.4022003843093579,1.7414016212921304,0.0,440,0.0,0.0,0.7289666923526485,0.0,4.406669339757571,1.0092286130869534,17.147617857889994,-1.3386743933807566e-05,0.0,0.0008307232552449312,0,0,0,624.0,624,1,1,39.0,2.0695226781298826,1.9871925189508843,0,1,1,0.05555555555555555,0.0,0,0,0,0,0,0,0,0.007493301491120105,0.007493301491120105,0.7493301491120105,0.028849887992901065,0.9993561003150051,0.005163864087230873,0.0008732978456924784,0.030283111790026688,3.830288545024985e-05,0.00012515819926500656,0.05826066237597348,0.03510793882963481,0.01589760379453517,0.0,0,0.0,26.000000000000234,0.1,pulsed,0,0,0,,0.8953387516184487,-0.19849162379104512,0.0,0.0,0.0,0.0,0.0,0,3,-0.23853808924561862,-0.030561685974400704,2.0828229955305419e-07,0.8097693318422102,0.591321920087123,0.11428571428571428,0.11428571428571428,0.11428571428571428,0.0,0.7706074625263526,0.1756195437737189,0.047107867784730736,5.914342837608222e-05,4.0,12.0,patchy,10.0,0,0.0,0.4623665853973277,0.05083074337772774,0.32788062745175417,0.349372176777374,0,0.0,0.0,0.0,0,0.0,0,0,0,0,0,0,0.0,0.0,0,0,0,0,0,0.0,0.0,0.0,0,0,0.6-P0.2,1,0.01232077388888889,0.0004500000000000254,0.017569645244443766,0.013461174688888865,0.0,0.0006904007999999824,468,0,0,0,0,0.0011404007999999825,0.012320773888888983,0.0,0.0,0.0006904007999999824,0.0,0.0,561,0.6-P1.1,none,native,0,0,0,0,0,0.0,0.0,0.0,0.0,0.0,0,0.0,0,0,0.6-P2.2,full,cue_reversal,0,0,0,0,0.0,0.0,0,0,0,0,0.0,0.0,0.0,0.0,"[0.0, 0.0, 0.0, 0.0, 0.0, 0.0, 0.0, 0.0]",0,0,0,0.0,0.0,0.0,0.0,0.1031374058892203,2,1,2,3,0.9461937311663753,0.04714114291842689,0.02612718684998269,0.10767242011311057,7.254406850054744,3.4244209227754556,1.0528921322152693,0,0,0.6-F2.0,full,0,0,0.0,0.0,0,0,0,0,0,0.0,0.0,0.0,0,0.0,0.0,0.0,0.0,0.0,0.0,0.0,0.0,0,0,0,0,0.0,0.0,0,0,0,0,0,0,0,0,0,0.6.1-D1.4,off,0,0,0,0,0,0,0.0,0.0,0.0,0.0,0,0,0.0,0.0,0,0,0,0,0,0.0,0,0.0,468,0,0,0.8,0.0,0.0,0.0,0.0,0,0,0,0,0.0,0.0,0,0,0,0.0,0.0,0.0,0.0,0.0,0,0,0.0,0,0.0,0.0,0,0,0,0,0,0,0.0,0.0,0.0,0.0,0,0,0.6.2-M1.1,efficient2,0,0,0.0,0.0,0.0,0.0,0.0,0.0,0.0,0.0,0.0,0.0,468,no_tissue,efficient2,0.6.3-NG1.0,prepared_no_tissue,1,1,0,0,0,0,0,0,0,0,0,0.3148032799214399,0.22054655833872314,0.0,0.9481166598249235,0.0,0.02428536393511726,0.5054988897488827,0.0006904007999999824,1.362083333333345e-06,0.0,0.0,0.0,0.0,0.0,0.0,0.0,0.006598953888888895,0.0023,0.00198,0.0,0.0,0.0,0.0,0.0,0.0,0.0,0.0,0.0,26.0,25.25704705170174,0.9461937311663753,468,True,-1.3386743933807566e-05,confirmation,prepared_no_tissue,cue_reversal,3.3068346977233887
SOMA-CELL 0.6.3,9101,24.000000000000178,1,0,0,0,0,0.9988030455596023,0.9988030455596023,1.1100975997625349,0.8641623606897019,0.6449487644480577,2.507752378417028,0.0,440,0.0,0.4991203187428364,2.198070189218475,0.0,6.227079389048835,3.271478176267886,9.498557565316721,-2.5144783322161857e-06,0.0,0.005219418019100392,0,0,0,624.0,624,1,1,39.0,2.441154904563456,2.7329029953041215,0,1,1,0.05555555555555555,0.0,0,0,0,0,0,0,0,0.0014367470946590741,0.0014367470946590741,0.1436747094659074,0.0020648655533944977,0.9994780291009817,0.004503180192097397,0.000725861431820076,0.0009530510488010545,2.2463440909630622e-05,0.0001305705976814434,0.06433284387210998,0.06429519319703475,0.016895768232851462,0.0,0,0.0,24.000000000000178,0.1,pulsed,0,0,0,,0.9848175574446821,-0.014056143208958786,0.0,0.0,0.0,0.0,0.0,0,6,-0.01581491088113202,-0.002575741188279451,6.891316978446467e-05,0.8604263721916718,0.8321287460576359,0.11428571428571428,0.11428571428571428,0.11428571428571428,0.0,3.2001214324481193,1.10131947420471,0.2400007704232884,0.0010424416241139323,4.0,12.0,patchy,999.0,0,0.0,0.23951741347231842,0.3394891484067239,0.1599056422329395,0.40031444993212933,0,0.0,0.0,0.0,0,0.0,0,0,0,0,0,0,0.0,0.0,0,0,0,0,0,0.0,0.0,0.0,0,0,0.6-P0.2,1,0.012321271666666665,0.00045000000000002346,0.017430808088889062,0.013453610866666642,0.0,0.0006823391999999837,432,0,0,0,0,0.0011323391999999838,0.012321271666666939,0.0,0.0,0.0006823391999999837,0.0,0.0,518,0.6-P1.1,none,native,0,0,0,0,0,0.0,0.0,0.0,0.0,0.0,0,0.0,0,0,0.6-P2.2,full,moving_patch,0,0,0,0,0.0,0.0,0,0,0,0,0.0,0.0,0.0,0.0,"[0.0, 0.0, 0.0, 0.0, 0.0, 0.0, 0.0, 0.0]",0,0,0,0.0,0.0,0.0,0.0,0.07873923782612273,1,0,0,0,4.541441677076118,0.0,0.0,0.03950587972219156,0.0,0.0,0.0,0,0,0.6-F2.0,full,0,0,0.0,0.0,0,0,0,0,0,0.0,0.0,0.0,0,0.0,0.0,0.0,0.0,0.0,0.0,0.0,0.0,0,0,0,0,0.0,0.0,0,0,0,0,0,0,0,0,0,0.6.1-D1.4,off,0,0,0,0,0,0,0.0,0.0,0.0,0.0,0,0,0.0,0.0,0,0,0,0,0,0.0,0,0.0,432,0,0,0.8,0.0,0.0,0.0,0.0,0,0,0,0,0.0,0.0,0,0,0,0.0,0.0,0.0,0.0,0.0,0,0,0.0,0,0.0,0.0,0,0,0,0,0,0,0.0,0.0,0.0,0.0,0,0,0.6.2-M1.1,efficient2,0,0,0.0,0.0,0.0,0.0,0.0,0.0,0.0,0.0,0.0,0.0,432,no_tissue,efficient2,0.6.3-NG1.0,demand,1,1,0,0,0,0,0,0,0,0,0,0.0,-0.025,0.0004238196191327215,0.7768771609177565,0.0,1.9998006395706658e-05,0.0,0.0006823391999999837,1.2570833333333435e-06,0.0,0.0,0.0,0.0,0.0,0.0,0.0,0.006599591666666669,0.0023,0.00198,0.0,0.0,0.0,0.0,0.0,0.0,0.0,0.0,0.0,24.0,23.375591702797486,4.541441677076118,432,True,-2.5144783322161857e-06,stable,demand,moving_patch,2.118569850921631
SOMA-CELL 0.6.3,9102,24.000000000000178,1,0,0,0,0,0.998794644732777,0.998794644732777,1.0748546322390835,0.8640897076399441,0.6416958306160785,2.526886432598486,0.0,440,0.0,0.5114449327326186,2.1838956428927983,0.0,6.219536727584063,3.2688803108233917,9.488417038407455,-2.0688298345561407e-06,0.0,0.005223840754828931,0,0,0,624.0,624,1,1,39.0,2.440241002404449,2.731012797414638,0,1,1,0.05555555555555555,0.0,0,0,0,0,0,0,0,0.001435974870801526,0.001435974870801526,0.1435974870801526,0.0020502008639657573,0.9994778037021914,0.004518210421700231,0.0007309589649437163,0.0009255008891403593,2.21417880664367e-05,0.00013145433984292678,0.06431456155142574,0.06408267608221262,0.017579836323584463,0.0,0,0.0,24.000000000000178,0.1,pulsed,0,0,0,,0.9843700134159589,-0.014713435706063914,0.0,0.0,0.0,0.0,0.0,0,6,-0.016824870937028495,-0.0018367800212467594,5.133882070191142e-05,0.8604018300766284,0.8294990660328808,0.11428571428571428,0.11428571428571428,0.11428571428571428,0.0,3.1997279903301656,1.0889903672792216,0.24001880859803776,0.0009044646464878986,4.0,12.0,patchy,999.0,0,0.0,0.22014300819079427,0.29278852449381915,0.2624204045592104,0.28022061915844126,0,0.0,0.0,0.0,0,0.0,0,0,0,0,0,0,0.0,0.0,0,0,0,0,0,0.0,0.0,0.0,0,0,0.6-P0.2,1,0.012321267777777777,0.00045000000000002346,0.017431216422222392,0.013453606977777753,0.0,0.0006823391999999837,432,0,0,0,0,0.0011323391999999838,0.012321267777778049,0.0,0.0,0.0006823391999999837,0.0,0.0,518,0.6-P1.1,none,native,0,0,0,0,0,0.0,0.0,0.0,0.0,0.0,0,0.0,0,0,0.6-P2.2,full,moving_patch,0,0,0,0,0.0,0.0,0,0,0,0,0.0,0.0,0.0,0.0,"[0.0, 0.0, 0.0, 0.0, 0.0, 0.0, 0.0, 0.0]",0,0,0,0.0,0.0,0.0,0.0,0.042223374950061565,1,0,0,0,4.528737166207424,0.0,0.0,0.04257426693338425,0.0,0.0,0.0,0,0,0.6-F2.0,full,0,0,0.0,0.0,0,0,0,0,0,0.0,0.0,0.0,0,0.0,0.0,0.0,0.0,0.0,0.0,0.0,0.0,0,0,0,0,0.0,0.0,0,0,0,0,0,0,0,0,0,0.6.1-D1.4,off,0,0,0,0,0,0,0.0,0.0,0.0,0.0,0,0,0.0,0.0,0,0,0,0,0,0.0,0,0.0,432,0,0,0.8,0.0,0.0,0.0,0.0,0,0,0,0,0.0,0.0,0,0,0,0.0,0.0,0.0,0.0,0.0,0,0,0.0,0,0.0,0.0,0,0,0,0,0,0,0.0,0.0,0.0,0.0,0,0,0.6.2-M1.1,efficient2,0,0,0.0,0.0,0.0,0.0,0.0,0.0,0.0,0.0,0.0,0.0,432,no_tissue,efficient2,0.6.3-NG1.0,demand,1,1,0,0,0,0,0,0,0,0,0,0.0,-0.025,0.0004320689362842909,0.777309463695425,0.0,1.4687617663689662e-05,0.0,0.0006823391999999837,1.2570833333333435e-06,0.0,0.0,0.0,0.0,0.0,0.0,0.0,0.00659958777777778,0.0023,0.00198,0.0,0.0,0.0,0.0,0.0,0.0,0.0,0.0,0.0,24.0,23.36832472550102,4.528737166207424,432,True,-2.0688298345561407e-06,stable,demand,moving_patch,2.0551435947418213
SOMA-CELL 0.6.3,9103,24.000000000000178,1,0,0,0,0,0.9988099529992545,0.9988099529992545,1.0855694027307605,0.8594720332389705,0.6269195295951949,2.4840582472554202,0.0,440,0.05861518648412151,0.6768687344986501,2.136614838075678,0.0,6.010712551654493,3.468948298321662,9.479660849976154,-2.6184351682445595e-06,0.0,0.00520025099402207,0,0,0,624.0,624,1,1,39.0,2.426133240546299,2.7011600737803474,0,1,1,0.05555555555555555,0.0,0,0,0,0,0,0,0,0.0014446917893457703,0.0014446917893457703,0.14446917893457703,0.0020936452828062323,0.9994793414586297,0.00449525002756861,0.0007216701024035375,0.0010101759787112133,2.279519527057284e-05,0.00012951405520267306,0.06397672459589195,0.06355433537091593,0.01657939225934474,0.0,0,0.0,24.000000000000178,0.1,pulsed,0,0,0,,0.9845138699212271,-0.014504856413865673,0.0,0.0,0.0,0.0,0.0,0,6,-0.0164145057941956,-0.003243329927369933,4.447668245896155e-05,0.8602972897520423,0.8328990366086357,0.11428571428571428,0.11428571428571428,0.11428571428571428,0.0,3.1347638830445117,0.9235778556194031,0.23999760765197473,0.0008359791332587796,4.0,12.0,patchy,999.0,0,0.0,0.4530127729631411,0.11243061756692053,0.23793670552370158,0.4176689363584043,0,0.0,0.0,0.0,0,0.0,0,0,0,0,0,0,0.0,0.0,0,0,0,0,0,0.0,0.0,0.0,0,0,0.6-P0.2,1,0.012321248333333333,0.00045000000000002346,0.017433316422222376,0.01345358753333331,0.0,0.0006823391999999837,432,0,0,0,0,0.0011323391999999838,0.0123212483333336,0.0,0.0,0.0006823391999999837,0.0,0.0,518,0.6-P1.1,none,native,0,0,0,0,0,0.0,0.0,0.0,0.0,0.0,0,0.0,0,0,0.6-P2.2,full,moving_patch,0,0,0,0,0.0,0.0,0,0,0,0,0.0,0.0,0.0,0.0,"[0.0, 0.0, 0.0, 0.0, 0.0, 0.0, 0.0, 0.0]",0,0,0,0.0,0.0,0.0,0.0,0.234296129821402,1,0,0,0,4.298339346315889,0.0,0.0,0.08028456896663583,0.0,0.0,0.0,0,0,0.6-F2.0,full,0,0,0.0,0.0,0,0,0,0,0,0.0,0.0,0.0,0,0.0,0.0,0.0,0.0,0.0,0.0,0.0,0.0,0,0,0,0,0.0,0.0,0,0,0,0,0,0,0,0,0,0.6.1-D1.4,off,0,0,0,0,0,0,0.0,0.0,0.0,0.0,0,0,0.0,0.0,0,0,0,0,0,0.0,0,0.0,432,0,0,0.8,0.0,0.0,0.0,0.0,0,0,0,0,0.0,0.0,0,0,0,0.0,0.0,0.0,0.0,0.0,0,0,0.0,0,0.0,0.0,0,0,0,0,0,0,0.0,0.0,0.0,0.0,0,0,0.6.2-M1.1,efficient2,0,0,0.0,0.0,0.0,0.0,0.0,0.0,0.0,0.0,0.0,0.0,432,no_tissue,efficient2,0.6.3-NG1.0,demand,1,1,0,0,0,0,0,0,0,0,0,0.0,-0.025,0.0004634711070949204,0.7791589587379659,0.0,1.928072063768577e-05,0.0,0.0006823391999999837,1.2570833333333435e-06,0.0,0.0,0.0,0.0,0.0,0.0,0.0,0.006599568333333336,0.0023,0.00198,0.0,0.0,0.0,0.0,0.0,0.0,0.0,0.0,0.0,24.0,23.368132914293835,4.298339346315889,432,True,-2.6184351682445595e-06,stable,demand,moving_patch,2.052361011505127
SOMA-CELL 0.6.3,9104,24.000000000000178,1,0,0,0,0,0.9988072874949201,0.9988072874949201,1.0941795575303566,0.8642411128948853,0.6393690875220841,2.5182039004775234,0.0,440,0.0,0.5558132198910595,2.1916567360658785,0.0,6.175701628753226,3.322212199414026,9.497913828167253,-2.2500388130453075e-06,0.0,0.005149915428118486,0,0,0,624.0,624,1,1,39.0,2.4417319922241787,2.7340268803203136,0,1,1,0.05555555555555555,0.0,0,0,0,0,0,0,0,0.00142910755018134,0.00142910755018134,0.142910755018134,0.002038147701142447,0.9994801694951198,0.004491830292930266,0.0007232874864945192,0.0009318286315159325,2.224543450149473e-05,0.0001303949954173861,0.06427008648464197,0.06415707742865903,0.016546262476234006,0.0,0,0.0,24.000000000000178,0.1,pulsed,0,0,0,,0.9846229948493221,-0.01427906232877621,0.0,0.0,0.0,0.0,0.0,0,6,-0.016243161773088825,-0.003043381319585313,6.065373264458699e-05,0.8604582990743167,0.8326677235895874,0.11428571428571428,0.11428571428571428,0.11428571428571428,0.0,3.1988798851133833,1.0446346401839492,0.24000541055956556,0.000967826370943739,4.0,12.0,patchy,999.0,0,0.0,0.2862232424137444,0.31532005434892024,0.11918453250991361,0.4246710825837291,0,0.0,0.0,0.0,0,0.0,0,0,0,0,0,0,0.0,0.0,0,0,0,0,0,0.0,0.0,0.0,0,0,0.6-P0.2,1,0.012321271666666665,0.00045000000000002346,0.017430808088889062,0.013453610866666642,0.0,0.0006823391999999837,432,0,0,0,0,0.0011323391999999838,0.012321271666666939,0.0,0.0,0.0006823391999999837,0.0,0.0,518,0.6-P1.1,none,native,0,0,0,0,0,0.0,0.0,0.0,0.0,0.0,0,0.0,0,0,0.6-P2.2,full,moving_patch,0,0,0,0,0.0,0.0,0,0,0,0,0.0,0.0,0.0,0.0,"[0.0, 0.0, 0.0, 0.0, 0.0, 0.0, 0.0, 0.0]",0,0,0,0.0,0.0,0.0,0.0,0.10616435516015094,1,0,0,0,4.483519935856898,0.0,0.0,0.04923241579868188,0.0,0.0,0.0,0,0,0.6-F2.0,full,0,0,0.0,0.0,0,0,0,0,0,0.0,0.0,0.0,0,0.0,0.0,0.0,0.0,0.0,0.0,0.0,0.0,0,0,0,0,0.0,0.0,0,0,0,0,0,0,0,0,0,0.6.1-D1.4,off,0,0,0,0,0,0,0.0,0.0,0.0,0.0,0,0,0.0,0.0,0,0,0,0,0,0.0,0,0.0,432,0,0,0.8,0.0,0.0,0.0,0.0,0,0,0,0,0.0,0.0,0,0,0,0.0,0.0,0.0,0.0,0.0,0,0,0.0,0,0.0,0.0,0,0,0,0,0,0,0.0,0.0,0.0,0.0,0,0,0.6.2-M1.1,efficient2,0,0,0.0,0.0,0.0,0.0,0.0,0.0,0.0,0.0,0.0,0.0,432,no_tissue,efficient2,0.6.3-NG1.0,demand,1,1,0,0,0,0,0,0,0,0,0,0.0,-0.025,0.00021657844888560128,0.777192894573841,0.0,2.0065533350127974e-05,0.0,0.0006823391999999837,1.2570833333333435e-06,0.0,0.0,0.0,0.0,0.0,0.0,0.0,0.006599591666666669,0.0023,0.00198,0.0,0.0,0.0,0.0,0.0,0.0,0.0,0.0,0.0,24.0,23.376249479315597,4.483519935856898,432,True,-2.2500388130453075e-06,stable,demand,moving_patch,2.107381582260132
SOMA-CELL 0.6.3,9105,24.000000000000178,1,0,0,0,0,0.9987937967448204,0.9987937967448204,1.0923431442808216,0.8617502729245056,0.6319907144751729,2.506821921064699,0.0,440,0.012422526431431971,0.6293027616799028,2.17796655824,0.0,6.085419265944088,3.404998565953282,9.49041783189737,-1.9002767359665995e-06,0.0,0.005213902158645227,0,0,0,624.0,624,1,1,39.0,2.433541655842132,2.716881368473018,0,1,1,0.05555555555555555,0.0,0,0,0,0,0,0,0,0.0014522368119391964,0.0014522368119391964,0.14522368119391965,0.0021277745239413554,0.9994759765078454,0.004525836473500397,0.0007314735174754357,0.0009973938193859977,2.249198764331298e-05,0.00013115220036644066,0.06427773988500031,0.06409130725398911,0.017629714070975425,0.0,0,0.0,24.000000000000178,0.1,pulsed,0,0,0,,0.984592264042534,-0.014365075411692716,0.0,0.0,0.0,0.0,0.0,0,6,-0.016303156132733913,-0.004080244880457821,7.207663117594236e-05,0.8603493323072707,0.8348677915513765,0.11428571428571428,0.11428571428571428,0.11428571428571428,0.0,3.181195532606146,0.9711271296948707,0.23998638649903695,0.0010642551640045878,4.0,12.0,patchy,999.0,0,0.0,0.30243848695721126,0.23616872402512362,0.34960919516075295,0.19549454022983034,0,0.0,0.0,0.0,0,0.0,0,0,0,0,0,0,0.0,0.0,0,0,0,0,0,0.0,0.0,0.0,0,0,0.6-P0.2,1,0.012321263888888889,0.00045000000000002346,0.01743162864444461,0.013453603088888865,0.0,0.0006823391999999837,432,0,0,0,0,0.0011323391999999838,0.01232126388888916,0.0,0.0,0.0006823391999999837,0.0,0.0,518,0.6-P1.1,none,native,0,0,0,0,0,0.0,0.0,0.0,0.0,0.0,0,0.0,0,0,0.6-P2.2,full,moving_patch,0,0,0,0,0.0,0.0,0,0,0,0,0.0,0.0,0.0,0.0,"[0.0, 0.0, 0.0, 0.0, 0.0, 0.0, 0.0, 0.0]",0,0,0,0.0,0.0,0.0,0.0,0.1580819398963152,1,0,0,0,4.392309048800054,0.0,0.0,0.060500206975648334,0.0,0.0,0.0,0,0,0.6-F2.0,full,0,0,0.0,0.0,0,0,0,0,0,0.0,0.0,0.0,0,0.0,0.0,0.0,0.0,0.0,0.0,0.0,0.0,0,0,0,0,0.0,0.0,0,0,0,0,0,0,0,0,0,0.6.1-D1.4,off,0,0,0,0,0,0,0.0,0.0,0.0,0.0,0,0,0.0,0.0,0,0,0,0,0,0.0,0,0.0,432,0,0,0.8,0.0,0.0,0.0,0.0,0,0,0,0,0.0,0.0,0,0,0,0.0,0.0,0.0,0.0,0.0,0,0,0.0,0,0.0,0.0,0,0,0,0,0,0,0.0,0.0,0.0,0.0,0,0,0.6.2-M1.1,efficient2,0,0,0.0,0.0,0.0,0.0,0.0,0.0,0.0,0.0,0.0,0.0,432,no_tissue,efficient2,0.6.3-NG1.0,demand,1,1,0,0,0,0,0,0,0,0,0,0.0,-0.025,0.0003391549254571295,0.7768991819614977,0.0,1.9100698747779384e-05,0.0,0.0006823391999999837,1.2570833333333435e-06,0.0,0.0,0.0,0.0,0.0,0.0,0.0,0.006599583888888891,0.0023,0.00198,0.0,0.0,0.0,0.0,0.0,0.0,0.0,0.0,0.0,24.0,23.371326101377594,4.392309048800054,432,True,-1.9002767359665995e-06,stable,demand,moving_patch,1.981257438659668
SOMA-CELL 0.6.3,9106,24.000000000000178,1,0,0,0,0,0.9988116561474164,0.9988116561474164,1.0922705991074775,0.8616627095660153,0.630680910731173,2.5011902750454302,0.0,440,0.019399443946179363,0.6400512898768087,2.1660493022316047,0.0,6.065673058380784,3.414531860501421,9.480204918882205,-2.367475236297878e-06,0.0,0.00527672871453426,0,0,0,624.0,624,1,1,39.0,2.432513127467869,2.7146619094984326,0,1,1,0.05555555555555555,0.0,0,0,0,0,0,0,0,0.0014341356555915893,0.0014341356555915893,0.14341356555915893,0.0020434806447035105,0.9994801236906249,0.004491086550265097,0.0007206366624342845,0.0009625254879488815,2.253094571405019e-05,0.0001298348034057652,0.06410984650172193,0.0638541123241475,0.01646963313421759,0.0,0,0.0,24.000000000000178,0.1,pulsed,0,0,0,,0.9845997936837588,-0.011035826785523626,0.0,0.0,0.0,0.0,0.0,0,6,-0.0163307280566979,-0.0031777461213120307,7.326302469211677e-05,0.8603964276579242,0.8330684686013056,0.11428571428571428,0.11428571428571428,0.11428571428571428,0.0,3.1713485257794147,0.9603892608659973,0.23999419207288233,0.001083504338919128,4.0,12.0,patchy,999.0,0,0.0,0.38589442911526084,0.2512321379598046,0.1001452851607873,0.4638997945958932,0,0.0,0.0,0.0,0,0.0,0,0,0,0,0,0,0.0,0.0,0,0,0,0,0,0.0,0.0,0.0,0,0,0.6-P0.2,1,0.01232126,0.00045000000000002346,0.01743204475555572,0.013453599199999975,0.0,0.0006823391999999837,432,0,0,0,0,0.0011323391999999838,0.01232126000000027,0.0,0.0,0.0006823391999999837,0.0,0.0,518,0.6-P1.1,none,native,0,0,0,0,0,0.0,0.0,0.0,0.0,0.0,0,0.0,0,0,0.6-P2.2,full,moving_patch,0,0,0,0,0.0,0.0,0,0,0,0,0.0,0.0,0.0,0.0,"[0.0, 0.0, 0.0, 0.0, 0.0, 0.0, 0.0, 0.0]",0,0,0,0.0,0.0,0.0,0.0,0.18072100915890035,1,0,0,0,4.371731978718294,0.0,0.0,0.06455043396190054,0.0,0.0,0.0,0,0,0.6-F2.0,full,0,0,0.0,0.0,0,0,0,0,0,0.0,0.0,0.0,0,0.0,0.0,0.0,0.0,0.0,0.0,0.0,0.0,0,0,0,0,0.0,0.0,0,0,0,0,0,0,0,0,0,0.6.1-D1.4,off,0,0,0,0,0,0,0.0,0.0,0.0,0.0,0,0,0.0,0.0,0,0,0,0,0,0.0,0,0.0,432,0,0,0.8,0.0,0.0,0.0,0.0,0,0,0,0,0.0,0.0,0,0,0,0.0,0.0,0.0,0.0,0.0,0,0,0.0,0,0.0,0.0,0,0,0,0,0,0,0.0,0.0,0.0,0.0,0,0,0.6.2-M1.1,efficient2,0,0,0.0,0.0,0.0,0.0,0.0,0.0,0.0,0.0,0.0,0.0,432,no_tissue,efficient2,0.6.3-NG1.0,demand,1,1,0,0,0,0,0,0,0,0,0,0.0,-0.025,0.00022638052633609167,0.776487564567832,0.0,1.5963308973767892e-05,0.0,0.0006823391999999837,1.2570833333333435e-06,0.0,0.0,0.0,0.0,0.0,0.0,0.0,0.0065995800000000025,0.0023,0.00198,0.0,0.0,0.0,0.0,0.0,0.0,0.0,0.0,0.0,24.0,23.363368783135797,4.371731978718294,432,True,-2.367475236297878e-06,stable,demand,moving_patch,2.01926326751709
SOMA-CELL 0.6.3,9107,24.000000000000178,1,0,0,0,0,0.9988085995287904,0.9988085995287904,1.0858887008748987,0.858526025904719,0.6280132630645605,2.487420636615285,0.0,440,0.06213853105767991,0.6664645349158292,2.136298438754655,0.0,6.020437590850989,3.4621488701425958,9.482586460993584,-2.1225671815727765e-06,0.0,0.00526167025766811,0,0,0,624.0,624,1,1,39.0,2.4232091577194077,2.6950353036408012,0,1,1,0.05555555555555555,0.0,0,0,0,0,0,0,0,0.001447104827372227,0.001447104827372227,0.1447104827372227,0.0021027970658364288,0.999479521026161,0.004498240055043033,0.0007224913654305144,0.0010179403732272128,2.2685077331219198e-05,0.00012962211402987818,0.0639440287743503,0.06345092374275076,0.016677684095604103,0.0,0,0.0,24.000000000000178,0.1,pulsed,0,0,0,,0.9845173312930194,-0.014535728079516487,0.0,0.0,0.0,0.0,0.0,0,6,-0.016438684898684115,-0.0027071907885466697,4.241702568903796e-05,0.860133764849304,0.8313277547951718,0.11428571428571428,0.11428571428571428,0.11428571428571428,0.0,3.128042910883858,0.9339631661010491,0.23998178868783324,0.0008021723142681847,4.0,12.0,patchy,999.0,0,0.0,0.44930561086474746,0.15475503710374222,0.1981362277780565,0.446952669424187,0,0.0,0.0,0.0,0,0.0,0,0,0,0,0,0,0.0,0.0,0,0,0,0,0,0.0,0.0,0.0,0,0,0.6-P0.2,1,0.012321248333333333,0.00045000000000002346,0.017433316422222376,0.01345358753333331,0.0,0.0006823391999999837,432,0,0,0,0,0.0011323391999999838,0.0123212483333336,0.0,0.0,0.0006823391999999837,0.0,0.0,518,0.6-P1.1,none,native,0,0,0,0,0,0.0,0.0,0.0,0.0,0.0,0,0.0,0,0,0.6-P2.2,full,moving_patch,0,0,0,0,0.0,0.0,0,0,0,0,0.0,0.0,0.0,0.0,"[0.0, 0.0, 0.0, 0.0, 0.0, 0.0, 0.0, 0.0]",0,0,0,0.0,0.0,0.0,0.0,0.230400512909995,1,0,0,0,4.30198786567274,0.0,0.0,0.08040580778377669,0.0,0.0,0.0,0,0,0.6-F2.0,full,0,0,0.0,0.0,0,0,0,0,0,0.0,0.0,0.0,0,0.0,0.0,0.0,0.0,0.0,0.0,0.0,0.0,0,0,0,0,0.0,0.0,0,0,0,0,0,0,0,0,0,0.6.1-D1.4,off,0,0,0,0,0,0,0.0,0.0,0.0,0.0,0,0,0.0,0.0,0,0,0,0,0,0.0,0,0.0,432,0,0,0.8,0.0,0.0,0.0,0.0,0,0,0,0,0.0,0.0,0,0,0,0.0,0.0,0.0,0.0,0.0,0,0,0.0,0,0.0,0.0,0,0,0,0,0,0,0.0,0.0,0.0,0.0,0,0,0.6.2-M1.1,efficient2,0,0,0.0,0.0,0.0,0.0,0.0,0.0,0.0,0.0,0.0,0.0,432,no_tissue,efficient2,0.6.3-NG1.0,demand,1,1,0,0,0,0,0,0,0,0,0,0.0,-0.025,0.0003390156134716448,0.8175315770469066,0.0,1.6648212782610244e-05,0.0,0.0006823391999999837,1.2570833333333435e-06,0.0,0.0,0.0,0.0,0.0,0.0,0.0,0.006599568333333336,0.0023,0.00198,0.0,0.0,0.0,0.0,0.0,0.0,0.0,0.0,0.0,24.0,23.36454256898569,4.30198786567274,432,True,-2.1225671815727765e-06,stable,demand,moving_patch,2.0621373653411865
SOMA-CELL 0.6.3,9108,24.000000000000178,1,0,0,0,0,0.9987913014275472,0.9987913014275472,1.1175865857661993,0.86498832866441,0.6478840113854833,2.5045081287890487,0.0,440,0.0,0.4657623749756194,2.199420503789356,0.0,6.257528220528977,3.2385791530419104,9.496107373570887,-2.2464391395971006e-06,0.0,0.005179359188016011,0,0,0,624.0,624,1,1,39.0,2.4438273767845415,2.738611670828417,0,1,1,0.05555555555555555,0.0,0,0,0,0,0,0,0,0.0014468545035462585,0.0014468545035462585,0.14468545035462585,0.0021027585953681135,0.9994738298281531,0.004529434333375903,0.0007329876592261776,0.0009618455633034745,2.2571794300357005e-05,0.00013151834373999562,0.06439770109136128,0.0643606600845826,0.017879576754967284,0.0,0,0.0,24.000000000000178,0.1,pulsed,0,0,0,,0.984902209873937,-0.014018008188526556,0.0,0.0,0.0,0.0,0.0,0,6,-0.015665634382280205,-0.0020584402864454216,7.093837049762283e-05,0.8602649048429113,0.8310655435579364,0.11428571428571428,0.11428571428571428,0.11428571428571428,0.0,3.200208789874156,1.1346964129357162,0.24000948952061277,0.0010515016757715323,4.0,12.0,patchy,999.0,0,0.0,0.17336058973319504,0.34856864642185975,0.2501329190377521,0.31966782470974775,0,0.0,0.0,0.0,0,0.0,0,0,0,0,0,0,0.0,0.0,0,0,0,0,0,0.0,0.0,0.0,0,0,0.6-P0.2,1,0.012321275555555556,0.00045000000000002346,0.01743040364444462,0.01345361475555553,0.0,0.0006823391999999837,432,0,0,0,0,0.0011323391999999838,0.012321275555555828,0.0,0.0,0.0006823391999999837,0.0,0.0,518,0.6-P1.1,none,native,0,0,0,0,0,0.0,0.0,0.0,0.0,0.0,0,0.0,0,0,0.6-P2.2,full,moving_patch,0,0,0,0,0.0,0.0,0,0,0,0,0.0,0.0,0.0,0.0,"[0.0, 0.0, 0.0, 0.0, 0.0, 0.0, 0.0, 0.0]",0,0,0,0.0,0.0,0.0,0.0,0.046169354540905254,1,0,0,0,4.574914692330485,0.0,0.0,0.02804053076324861,0.0,0.0,0.0,0,0,0.6-F2.0,full,0,0,0.0,0.0,0,0,0,0,0,0.0,0.0,0.0,0,0.0,0.0,0.0,0.0,0.0,0.0,0.0,0.0,0,0,0,0,0.0,0.0,0,0,0,0,0,0,0,0,0,0.6.1-D1.4,off,0,0,0,0,0,0,0.0,0.0,0.0,0.0,0,0,0.0,0.0,0,0,0,0,0,0.0,0,0.0,432,0,0,0.8,0.0,0.0,0.0,0.0,0,0,0,0,0.0,0.0,0,0,0,0.0,0.0,0.0,0.0,0.0,0,0,0.0,0,0.0,0.0,0,0,0,0,0,0,0.0,0.0,0.0,0.0,0,0,0.6.2-M1.1,efficient2,0,0,0.0,0.0,0.0,0.0,0.0,0.0,0.0,0.0,0.0,0.0,432,no_tissue,efficient2,0.6.3-NG1.0,demand,1,1,0,0,0,0,0,0,0,0,0,0.0,-0.025,0.00037460637812372155,0.7743423223734599,0.0,2.0172375919788278e-05,0.0,0.0006823391999999837,1.2570833333333435e-06,0.0,0.0,0.0,0.0,0.0,0.0,0.0,0.006599595555555558,0.0023,0.00198,0.0,0.0,0.0,0.0,0.0,0.0,0.0,0.0,0.0,24.0,23.376359048675077,4.574914692330485,432,True,-2.2464391395971006e-06,stable,demand,moving_patch,2.090715169906616
SOMA-CELL 0.6.3,9109,24.000000000000178,1,0,0,0,0,0.9988098509784437,0.9988098509784437,1.0954726751008523,0.8609954045731046,0.6301377460026965,2.491560555208006,0.0,440,0.04120664404797653,0.6531303657375637,2.1523296725193886,0.0,6.042764093749615,3.4420549444520727,9.484819038201689,-2.226582308750835e-06,0.0,0.005187825819512747,0,0,0,624.0,624,1,1,39.0,2.4313817812950895,2.71216710370968,0,1,1,0.05555555555555555,0.0,0,0,0,0,0,0,0,0.0014383796693675033,0.0014383796693675033,0.14383796693675033,0.002067586150805063,0.9994800023364551,0.004492788049915358,0.0007217320068701305,0.000981297299557437,2.2626387935212108e-05,0.00012969239429234911,0.06402329267696905,0.06368714705237337,0.016581109726892484,0.0,0,0.0,24.000000000000178,0.1,pulsed,0,0,0,,0.9846394777491607,-0.010932452511521439,0.0,0.0,0.0,0.0,0.0,0,6,-0.016193699063633327,-0.002271363332035821,4.3020007344047725e-05,0.8603283186476275,0.8310230840100344,0.11428571428571428,0.11428571428571428,0.11428571428571428,0.0,3.149666393052309,0.9473132802459128,0.24000432831855176,0.0008224641348238554,4.0,12.0,patchy,999.0,0,0.0,0.4209584021734725,0.19387977934229947,0.15655874202387174,0.4510927903371595,0,0.0,0.0,0.0,0,0.0,0,0,0,0,0,0,0.0,0.0,0,0,0,0,0,0.0,0.0,0.0,0,0,0.6-P0.2,1,0.012321256111111109,0.00045000000000002346,0.017432464755555717,0.013453595311111087,0.0,0.0006823391999999837,432,0,0,0,0,0.0011323391999999838,0.01232125611111138,0.0,0.0,0.0006823391999999837,0.0,0.0,518,0.6-P1.1,none,native,0,0,0,0,0,0.0,0.0,0.0,0.0,0.0,0,0.0,0,0,0.6-P2.2,full,moving_patch,0,0,0,0,0.0,0.0,0,0,0,0,0.0,0.0,0.0,0.0,"[0.0, 0.0, 0.0, 0.0, 0.0, 0.0, 0.0, 0.0]",0,0,0,0.0,0.0,0.0,0.0,0.2048302957990533,1,0,0,0,4.3369840016167736,0.0,0.0,0.07190725346753692,0.0,0.0,0.0,0,0,0.6-F2.0,full,0,0,0.0,0.0,0,0,0,0,0,0.0,0.0,0.0,0,0.0,0.0,0.0,0.0,0.0,0.0,0.0,0.0,0,0,0,0,0.0,0.0,0,0,0,0,0,0,0,0,0,0.6.1-D1.4,off,0,0,0,0,0,0,0.0,0.0,0.0,0.0,0,0,0.0,0.0,0,0,0,0,0,0.0,0,0.0,432,0,0,0.8,0.0,0.0,0.0,0.0,0,0,0,0,0.0,0.0,0,0,0,0.0,0.0,0.0,0.0,0.0,0,0,0.0,0,0.0,0.0,0,0,0,0,0,0,0.0,0.0,0.0,0.0,0,0,0.6.2-M1.1,efficient2,0,0,0.0,0.0,0.0,0.0,0.0,0.0,0.0,0.0,0.0,0.0,432,no_tissue,efficient2,0.6.3-NG1.0,demand,1,1,0,0,0,0,0,0,0,0,0,0.0,-0.025,0.0002988417843088218,0.7788266166498147,0.0,1.5245157915775424e-05,0.0,0.0006823391999999837,1.2570833333333435e-06,0.0,0.0,0.0,0.0,0.0,0.0,0.0,0.006599576111111114,0.0023,0.00198,0.0,0.0,0.0,0.0,0.0,0.0,0.0,0.0,0.0,24.0,23.36952535998123,4.3369840016167736,432,True,-2.226582308750835e-06,stable,demand,moving_patch,2.1534485816955566
SOMA-CELL 0.6.3,9110,24.000000000000178,1,0,0,0,0,0.9988089207639617,0.9988089207639617,1.0983186775902334,0.8633515131673838,0.6376762594365298,2.5143071999363222,0.0,440,0.00114424764797055,0.5762599847354708,2.1903373443770286,0.0,6.149819091207299,3.3478202455807855,9.497639336788085,-2.372933602501348e-06,0.0,0.0052612719340100625,0,0,0,624.0,624,1,1,39.0,2.4385580714109105,2.7274079988266124,0,1,1,0.05555555555555555,0.0,0,0,0,0,0,0,0,0.0014314330486589716,0.0014314330486589716,0.14314330486589716,0.00204850080041951,0.9994801676393982,0.004491089034159275,0.0007222964452513514,0.0009457389628296566,2.2305870307046662e-05,0.00013021639294984505,0.06426033061925467,0.06414452200127956,0.016458566654229338,0.0,0,0.0,24.000000000000178,0.1,pulsed,0,0,0,,0.9846751634068356,-0.014239879409433899,0.0,0.0,0.0,0.0,0.0,0,6,-0.01611459318140455,-0.0024120702611059985,6.022660930361495e-05,0.8604054144554156,0.8314239433000256,0.11428571428571428,0.11428571428571428,0.11428571428571428,0.0,3.1937430220765335,1.0241952235173652,0.23998069092652022,0.0009768761245862873,4.0,12.0,patchy,999.0,0,0.0,0.3041539471506489,0.31750415811022953,0.09853498294026818,0.4436320222003439,0,0.0,0.0,0.0,0,0.0,0,0,0,0,0,0,0.0,0.0,0,0,0,0,0,0.0,0.0,0.0,0,0,0.6-P0.2,1,0.012321267777777777,0.00045000000000002346,0.017431216422222392,0.013453606977777753,0.0,0.0006823391999999837,432,0,0,0,0,0.0011323391999999838,0.012321267777778049,0.0,0.0,0.0006823391999999837,0.0,0.0,518,0.6-P1.1,none,native,0,0,0,0,0,0.0,0.0,0.0,0.0,0.0,0,0.0,0,0,0.6-P2.2,full,moving_patch,0,0,0,0,0.0,0.0,0,0,0,0,0.0,0.0,0.0,0.0,"[0.0, 0.0, 0.0, 0.0, 0.0, 0.0, 0.0, 0.0]",0,0,0,0.0,0.0,0.0,0.0,0.12650968203196747,1,0,0,0,4.45791893652042,0.0,0.0,0.05206183465463997,0.0,0.0,0.0,0,0,0.6-F2.0,full,0,0,0.0,0.0,0,0,0,0,0,0.0,0.0,0.0,0,0.0,0.0,0.0,0.0,0.0,0.0,0.0,0.0,0,0,0,0,0.0,0.0,0,0,0,0,0,0,0,0,0,0.6.1-D1.4,off,0,0,0,0,0,0,0.0,0.0,0.0,0.0,0,0,0.0,0.0,0,0,0,0,0,0.0,0,0.0,432,0,0,0.8,0.0,0.0,0.0,0.0,0,0,0,0,0.0,0.0,0,0,0,0.0,0.0,0.0,0.0,0.0,0,0,0.0,0,0.0,0.0,0,0,0,0,0,0,0.0,0.0,0.0,0.0,0,0,0.6.2-M1.1,efficient2,0,0,0.0,0.0,0.0,0.0,0.0,0.0,0.0,0.0,0.0,0.0,432,no_tissue,efficient2,0.6.3-NG1.0,demand,1,1,0,0,0,0,0,0,0,0,0,0.0,-0.025,0.0002166682908861087,0.7770512214114769,0.0,1.9996264257256237e-05,0.0,0.0006823391999999837,1.2570833333333435e-06,0.0,0.0,0.0,0.0,0.0,0.0,0.0,0.00659958777777778,0.0023,0.00198,0.0,0.0,0.0,0.0,0.0,0.0,0.0,0.0,0.0,24.0,23.374012861827385,4.45791893652042,432,True,-2.372933602501348e-06,stable,demand,moving_patch,2.0521912574768066
SOMA-CELL 0.6.3,9111,24.000000000000178,1,0,0,0,0,0.9987961108131791,0.9987961108131791,1.0932394936927505,0.8609123401230628,0.6324152258289765,2.5032363564295994,0.0,440,0.023901184532779698,0.6282874215810994,2.1695381753657528,0.0,6.084998938852455,3.411854887563908,9.496853826416363,-2.066224944030637e-06,0.0,0.005276484992259504,0,0,0,624.0,624,1,1,39.0,2.4307633883619166,2.711080849664879,0,1,1,0.05555555555555555,0.0,0,0,0,0,0,0,0,0.0014515428645657214,0.0014515428645657214,0.14515428645657213,0.0021321461840100643,0.9994763579059016,0.004521651486472409,0.0007300693597287963,0.0010008097003872442,2.2546906134252387e-05,0.00013086642562507004,0.06426190442502548,0.06399863250009791,0.017400145566411215,0.0,0,0.0,24.000000000000178,0.1,pulsed,0,0,0,,0.9846045728980642,-0.010868228836436641,0.0,0.0,0.0,0.0,0.0,0,6,-0.016156724285691582,-0.002771756121371566,4.8660125701748474e-05,0.8604331654616117,0.8319606847388599,0.11428571428571428,0.11428571428571428,0.11428571428571428,0.0,3.167872480345426,0.9721686794313525,0.23999650615079435,0.0008623337932894826,4.0,12.0,patchy,999.0,0,0.0,0.33024018307605824,0.21375972682042496,0.3576728515999299,0.2000548188792903,0,0.0,0.0,0.0,0,0.0,0,0,0,0,0,0,0.0,0.0,0,0,0,0,0,0.0,0.0,0.0,0,0,0.6-P0.2,1,0.012321256111111109,0.00045000000000002346,0.017432464755555717,0.013453595311111087,0.0,0.0006823391999999837,432,0,0,0,0,0.0011323391999999838,0.01232125611111138,0.0,0.0,0.0006823391999999837,0.0,0.0,518,0.6-P1.1,none,native,0,0,0,0,0,0.0,0.0,0.0,0.0,0.0,0,0.0,0,0,0.6-P2.2,full,moving_patch,0,0,0,0,0.0,0.0,0,0,0,0,0.0,0.0,0.0,0.0,"[0.0, 0.0, 0.0, 0.0, 0.0, 0.0, 0.0, 0.0]",0,0,0,0.0,0.0,0.0,0.0,0.17841761958386218,1,0,0,0,4.380037665927573,0.0,0.0,0.0655932927248573,0.0,0.0,0.0,0,0,0.6-F2.0,full,0,0,0.0,0.0,0,0,0,0,0,0.0,0.0,0.0,0,0.0,0.0,0.0,0.0,0.0,0.0,0.0,0.0,0,0,0,0,0.0,0.0,0,0,0,0,0,0,0,0,0,0.6.1-D1.4,off,0,0,0,0,0,0,0.0,0.0,0.0,0.0,0,0,0.0,0.0,0,0,0,0,0,0.0,0,0.0,432,0,0,0.8,0.0,0.0,0.0,0.0,0,0,0,0,0.0,0.0,0,0,0,0.0,0.0,0.0,0.0,0.0,0,0,0.0,0,0.0,0.0,0,0,0,0,0,0,0.0,0.0,0.0,0.0,0,0,0.6.2-M1.1,efficient2,0,0,0.0,0.0,0.0,0.0,0.0,0.0,0.0,0.0,0.0,0.0,432,no_tissue,efficient2,0.6.3-NG1.0,demand,1,1,0,0,0,0,0,0,0,0,0,0.0,-0.025,0.00041297208729262924,0.7777336988297963,0.0,1.9986055706289792e-05,0.0,0.0006823391999999837,1.2570833333333435e-06,0.0,0.0,0.0,0.0,0.0,0.0,0.0,0.006599576111111114,0.0023,0.00198,0.0,0.0,0.0,0.0,0.0,0.0,0.0,0.0,0.0,24.0,23.373073808168865,4.380037665927573,432,True,-2.066224944030637e-06,stable,demand,moving_patch,2.0165891647338867
SOMA-CELL 0.6.3,9112,24.000000000000178,1,0,0,0,0,0.9988073656730797,0.9988073656730797,1.0963279778790966,0.8617576629307889,0.6324215706301192,2.504875351089409,0.0,440,0.017029773290816164,0.6292173402497414,2.172473651393397,0.0,6.085803957596793,3.40833953222414,9.494143489820933,-2.1731092267884833e-06,0.0,0.00522940598092055,0,0,0,624.0,624,1,1,39.0,2.4335899082645445,2.7169310715774055,0,1,1,0.05555555555555555,0.0,0,0,0,0,0,0,0,0.0014404657036269277,0.0014404657036269277,0.14404657036269278,0.0020923267544690058,0.9994789476801049,0.004498498432727129,0.0007232400492144383,0.0009811797902739643,2.2483169708226453e-05,0.0001301604150156666,0.06420914287498176,0.06400409370333933,0.01655906034627506,0.0,0,0.0,24.000000000000178,0.1,pulsed,0,0,0,,0.9846488125322053,-0.014266003269885228,0.0,0.0,0.0,0.0,0.0,0,6,-0.016118576700062132,-0.002257709975689624,5.3444823071062354e-05,0.8603314443907586,0.8308710059644189,0.11428571428571428,0.11428571428571428,0.11428571428571428,0.0,3.1751924564171845,0.971243536859587,0.2400089211090895,0.0009219539066152582,4.0,12.0,patchy,999.0,0,0.0,0.3583822606163981,0.15388428414053623,0.2749198109687091,0.29956187201794293,0,0.0,0.0,0.0,0,0.0,0,0,0,0,0,0,0.0,0.0,0,0,0,0,0,0.0,0.0,0.0,0,0,0.6-P0.2,1,0.012321263888888889,0.00045000000000002346,0.01743162864444461,0.013453603088888865,0.0,0.0006823391999999837,432,0,0,0,0,0.0011323391999999838,0.01232126388888916,0.0,0.0,0.0006823391999999837,0.0,0.0,518,0.6-P1.1,none,native,0,0,0,0,0,0.0,0.0,0.0,0.0,0.0,0,0.0,0,0,0.6-P2.2,full,moving_patch,0,0,0,0,0.0,0.0,0,0,0,0,0.0,0.0,0.0,0.0,"[0.0, 0.0, 0.0, 0.0, 0.0, 0.0, 0.0, 0.0]",0,0,0,0.0,0.0,0.0,0.0,0.15522598794516018,1,0,0,0,4.386444914385861,0.0,0.0,0.06422518938379261,0.0,0.0,0.0,0,0,0.6-F2.0,full,0,0,0.0,0.0,0,0,0,0,0,0.0,0.0,0.0,0,0.0,0.0,0.0,0.0,0.0,0.0,0.0,0.0,0,0,0,0,0.0,0.0,0,0,0,0,0,0,0,0,0,0.6.1-D1.4,off,0,0,0,0,0,0,0.0,0.0,0.0,0.0,0,0,0.0,0.0,0,0,0,0,0,0.0,0,0.0,432,0,0,0.8,0.0,0.0,0.0,0.0,0,0,0,0,0.0,0.0,0,0,0,0.0,0.0,0.0,0.0,0.0,0,0,0.0,0,0.0,0.0,0,0,0,0,0,0,0.0,0.0,0.0,0.0,0,0,0.6.2-M1.1,efficient2,0,0,0.0,0.0,0.0,0.0,0.0,0.0,0.0,0.0,0.0,0.0,432,no_tissue,efficient2,0.6.3-NG1.0,demand,1,1,0,0,0,0,0,0,0,0,0,0.0,-0.025,0.0004280443162683849,0.7773409708318154,0.0,2.1663942741499404e-05,0.0,0.0006823391999999837,1.2570833333333435e-06,0.0,0.0,0.0,0.0,0.0,0.0,0.0,0.006599583888888891,0.0023,0.00198,0.0,0.0,0.0,0.0,0.0,0.0,0.0,0.0,0.0,24.0,23.373159942913965,4.386444914385861,432,True,-2.1731092267884833e-06,stable,demand,moving_patch,1.9957783222198486
