active_distance_total,age,alt_uptake_total,amortization_cue_delay,amortization_cue_visibility,amortization_option_fraction,amortization_policy,amortization_readiness_cost_scale,amortization_rule_mode,amortization_rule_reversed,amortization_rule_switches,amortization_schema,amortization_task_label,births,build,cell_material,cells,cells_with_foreign_information,cells_with_mobile_gene,condition,confidence_alt,confidence_fuel,control_alt,control_fuel,control_waste,controller_updates,corpse_fragments_released,corpse_genome_material,corpse_genomes_recycled,corpse_genomes_released,corpse_material,corpse_toxic_material,corpses,damage_events,damage_generated_total,damage_segregation_events,deaths,diagnosis_aborted,diagnosis_atp,diagnosis_audit_evidence,diagnosis_completed,diagnosis_cumulative_exposure,diagnosis_deferred_busy,diagnosis_deferred_low_value,diagnosis_deferred_no_target,diagnosis_deferred_unsafe,diagnosis_directional_samples,diagnosis_evidence_events,diagnosis_feedback_events,diagnosis_material_wear,diagnosis_max_change_evidence,diagnosis_mean_evidence_latency,diagnosis_mean_observation_sufficiency,diagnosis_mode,diagnosis_motor_force,diagnosis_pending_audits,diagnosis_schema,diagnosis_signal,diagnosis_started,diagnosis_targeted_audits,diagnosis_tissues,diagnosis_world_steps,dissipated_energy,distance_alt_patch,distance_fuel_patch,distance_mineral_patch,distance_waste_patch,division_progress,division_residual,divisions,ecology_atp_total,edna_decayed_symbols,edna_fragments,edna_material,edna_released_symbols,environment_mode,error,external_alt,external_fuel,external_material,external_mineral,external_protein_assistance,external_waste,feedback_blocked_low_quality,feedback_blocked_replication,finite,first_novel_path_age,formal_audit_aborted,formal_audit_contradicted,formal_audit_cost_atp,formal_audit_cost_material,formal_audit_inconclusive,formal_audit_quality,formal_audit_supported,formal_audits,formal_calibrated_mae,formal_calibration_sign_accuracy,formal_calibration_updates,formal_change_events,formal_change_genome_probability,formal_change_mechanism_events,formal_change_mechanism_probability,formal_change_probability,formal_change_semantic_events,formal_change_semantic_probability,formal_change_state_probability,formal_compiled_programs,formal_controller_atp,formal_controller_mature,formal_controller_wear,formal_feedback_events,formal_feedback_gate,formal_hgt_activations,formal_lease_recoveries,formal_lease_reductions,formal_mean_resource_lease,formal_mode,formal_post_steps,formal_pre_steps,formal_raw_mae,formal_reopened_cells,formal_schema,formal_semantic_episode_updates,formal_started_programs,formal_tissues,fuel_contamination_total,fuel_uptake_total,genome_copies,genome_types,hgt_attempts,hgt_digestions,hgt_integrations,hgt_novel_path_events,kind,last_damage_partition,living_steps,manual_injections,manual_punctures,margin_auc,material_residual,matter_residual,max_damage,max_generation,max_genome_length,max_pole_age,mean_aggregate,mean_atp,mean_autopoietic_margin,mean_birth_damage,mean_catalyst,mean_closure,mean_damage,mean_damage_slope,mean_effector_genes,mean_functional_age,mean_gene_count,mean_genome_length,mean_genome_lesion,mean_hgt_integrations,mean_loop,mean_membrane,mean_membrane_oxidation,mean_modulator,mean_motor_force,mean_necrophagy,mean_proteostasis,mean_quiescence,mean_reactive,mean_receptor_genes,mean_repair_atp,mean_replicase,mean_segregation,mean_translator,meaning_alt,meaning_fuel,meaning_reversals,meaning_waste,mechanism_assist_accepted,mechanism_assist_atp,mechanism_assist_commands,mechanism_assist_evidence_accepted,mechanism_assist_feedback_events,mechanism_assist_force,mechanism_assist_mean_effect,mechanism_assist_mean_lease,mechanism_assist_rejected,mechanism_assist_trials,mechanism_baseline_gain,mechanism_confirmed,mechanism_conservation_active,mechanism_conservation_active_time,mechanism_conservation_alignment_fallbacks,mechanism_conservation_feedback_events,mechanism_conservation_issued,mechanism_conservation_mean_scale,mechanism_conservation_quiescent_steps,mechanism_conservation_returned_atp,mechanism_conservation_returned_signal,mechanism_conservation_selected_alignment,mechanism_conservation_suppressed_activity,mechanism_fault_applied,mechanism_fault_events,mechanism_gain_ratio,mechanism_loss_fraction,mechanism_motor_gain_scale,mechanism_probe_atp,mechanism_probe_completed,mechanism_probe_confirmed_events,mechanism_probe_force,mechanism_probe_started,mechanism_recent_gain,metabolic_active_cells,metabolic_audit_selected_profile,metabolic_minimal_neural_profile,metabolic_module_atp_total,metabolic_module_material_total,metabolic_plasticity_atp,metabolic_plasticity_wear,metabolic_prediction_atp,metabolic_prediction_wear,metabolic_profile,metabolic_recurrence_atp,metabolic_recurrence_wear,metabolic_retired_cells,metabolic_returned_atp,metabolic_returned_material,metabolic_schema,metabolic_world_steps,min_closure,mineral_uptake_total,mobile_exports,mobile_symbols_exported,motor_atp_total,mutation_deletion,mutation_duplication,mutation_insertion,mutation_inversion,mutation_substitution,mutation_total,mutation_transposition,necrophagy_mass,necrotoxin_uptake,neural_allocated_atp,neural_allocated_material,neural_atp_escrow,neural_attachments,neural_budget_calls,neural_budget_granted,neural_budget_requested,neural_budget_return_calls,neural_budget_returned,neural_budget_spent,neural_effector_calls,neural_effector_rejections,neural_escrow_returned_atp,neural_escrow_returned_signal,neural_escrow_sanitation_calls,neural_material_escrow,neural_port_calls,neural_returned_atp,neural_returned_material,neural_spent_atp,neural_spent_signal,neural_tissue_atp_dissipated,neural_tissue_returns,neurogenesis_developments,neurogenesis_extensions,neurogenesis_mean_body_decline,neurogenesis_mean_demand_score,neurogenesis_mean_energy_decline,neurogenesis_mean_information_deficit,neurogenesis_mean_mechanism_change,neurogenesis_mean_net_value,neurogenesis_mean_semantic_change,neurogenesis_organ_atp_total,neurogenesis_organ_material_total,neurogenesis_phase_developing,neurogenesis_phase_leased,neurogenesis_phase_none,neurogenesis_phase_probing,neurogenesis_plasticity_atp_total,neurogenesis_policy,neurogenesis_precursor_membrane_recovered,neurogenesis_precursor_membrane_released,neurogenesis_precursor_membrane_reserved,neurogenesis_precursor_membrane_used,neurogenesis_precursor_protein_released,neurogenesis_precursor_protein_reserved,neurogenesis_precursor_protein_used,neurogenesis_precursor_signal_released,neurogenesis_precursor_signal_reserved,neurogenesis_precursor_signal_used,neurogenesis_prediction_atp_total,neurogenesis_probe_completed,neurogenesis_probe_nonpositive,neurogenesis_probe_positive,neurogenesis_reabsorptions,neurogenesis_recurrence_atp_total,neurogenesis_returned_atp,neurogenesis_returned_material,neurogenesis_schema,neurogenesis_sentinel_atp,neurogenesis_sentinel_wear,neurogenesis_sentinels_ready,neurogenesis_tissue_active_time,neurogenesis_tissue_development_time,novel_path_cells,novel_path_lineages,oldest_cell_age,option_fraction,p1_environment,p1_mature_tissues,p1_mean_patch_distance,p1_mode,p1_motor_force_total,p1_neural_atp_total,p1_neural_signal_total,p1_patch_switches,p1_post_steps,p1_pre_steps,p1_prediction_error,p1_predictor_updates,p1_schema,p1_tissue_creations,p1_tissue_turnovers,p1_tissues,p1_wear_material_total,p2_active_age,p2_cell_prune_count,p2_cue_episode_updates,p2_cue_releases,p2_cue_reservoir_alt,p2_cue_toxin_total,p2_environment,p2_ligand_sensor_values,p2_ligand_updates,p2_mature_cells,p2_mean_abs_causal_estimate,p2_mean_maturity,p2_mean_target_distance,p2_mode,p2_motor_force_total,p2_neural_atp_total,p2_neural_signal_total,p2_nonreward_uptake_total,p2_patch_switches,p2_plasticity_updates,p2_plasticity_warmup_remaining,p2_post_steps,p2_pre_steps,p2_prediction_error,p2_prediction_rms,p2_predictor_updates,p2_recurrent_messages,p2_reward_mean_distance,p2_reward_releases,p2_reward_reservoir_fuel,p2_reward_reservoir_mineral,p2_reward_uptake_total,p2_rewire_count,p2_schema,p2_semantic_switches,p2_tissue_creations,p2_tissue_turnovers,p2_tissues,p2_wear_material_total,particles,plasticity_atp_total,polarity_atp_total,policy,port_schema,preparedness_authorized,preparedness_expansion_material,preparedness_investments,preparedness_mean_expansion_level,preparedness_mean_expected_benefit,preparedness_mean_expected_cost,preparedness_mean_horizon,preparedness_mean_level,preparedness_mean_net_value,preparedness_mean_option_level,preparedness_mean_organ_net_value,preparedness_mean_persistence,preparedness_mean_signal,preparedness_monitor_atp,preparedness_option_material,preparedness_ready,preparedness_release_events,preparedness_returned_atp,preparedness_returned_material,rejuvenation_events,repair_atp_total,replication_cycles,seconds,seed,sensor_atp_total,stress,stress_mode,stress_pulses,switch_age,switch_events,task_label,total_material,uptake_delta,wall_seconds,waste_ingress_total
0.0,40.00000000000063,0.02156244951688558,5.0,0.7,0.25,conditional,1.0,periodic,1,3,0.6.4-AB1.1,registered-holdout,0,SOMA-CELL 0.6.4,4.320365811015026,1,0,0,conditional_0.25,0.3532289548650251,0.9075315849781352,0.11428571428571428,0.11428571428571428,0.11428571428571428,0,0,0.0,0,0,0.0,0.0,0,0,0.043128728915912684,0,0,0,0.0,0,0,0.0,0,0,0,0,0,0,0,0.0,0.0,0.0,0.0,off,0.0,0,0.6.1-D1.4,0.0,0,0,0,720,0.0006764499189313985,0.42795730589959674,0.49978196227929345,0.0679214392641287,0.2905991673398442,0.0,0.0,0,0.0,0,0,0.0,0,patchy,,0.0,0.0,0.9677459651341078,0.0,0.0,0.49144939769473445,0,0,True,0.05555555555555555,0,0,0.0,0.0,0,0.0,0,0,0.0,0.0,0,0,0.0,0,0.0,0.0,0,0.0,0.0,0,0.0,0,0.0,0,0.0,0,0,0,0.0,full,0,0,0.0,0,0.6-F2.0,0,0,0,0.0,0.7206285110252157,1,1,0,0,0,0,boundary,,720,0,0,30.39502558461397,-1.5995637649979244e-05,-1.5995637649979244e-05,0.013169248597451583,0,624,0,0.00015802167793866497,0.0,0.2450630120096861,0.0,0.7186076733026057,0.9875851785206596,0.013169248597451583,0.04187332067359676,12.0,1.3169248597451584,39.0,624.0,0.019376118124429693,0.0,2.144976278115785e-16,1.6998350711645063,0.007571229816349055,0.11989127384753068,0.0,0.0,0.9908413636871592,0.016146828856587327,0.021673012441248828,4.0,0.0,1.8852936303682795,0.0,1.9862908485308701,-0.01524754757842598,0.062171584133549916,4,1.3630990595806902e-07,0,0.0,0,0,0,0.0,0.0,0.0,0,0,0.0,0,0,0.0,0,0,0,0.0,0,0.0,0.0,0.0,0.0,0,0,0.0,0.0,0.8,0.0,0,0,0.0,0,0.0,0,no_tissue,efficient2,0.0,0.0,0.0,0.0,0.0,0.0,efficient2,0.0,0.0,0,0.0,0.0,0.6.2-M1.1,720,0.9875851785206596,0.15521936498187536,0,0,0.0,0,0,0,0,0,0,0,0.0,0.0,0.0006116406111111187,0.009414346520973367,0.000116400611111109,1,720,0.010025987132084488,0.8597826469680607,0,0.0,0.000495240000000005,0,0,0.0,0.0,0,0.009414346520973144,1152,0.0,0.0,0.000495240000000005,0.0,0.0,0,0,0,0.7201884967631454,0.9136782510952698,0.9860194069720071,0.9716909181052268,0.0,0.5326690358543105,0.003264754010591302,0.0,0.0,0,0,1,0,0.0,demand,0.0,0.0,0.000575,0.0,0.0,0.006208346520973146,0.0,0.0,0.00198,0.0,0.0,0,0,0,0,0.0,0.0,0.0,0.6.3-NG1.0,0.0003224400000000083,7.489583333333239e-07,1,0.0,0.0,1,1,40.00000000000063,0.25,native,0,0.0,none,0.0,0.0,0.0,0,0,0,0.0,0,0.6-P1.1,0,0,0,0.0,0.0,0,0,4,1.0784379357303742,0.012559332709507359,cue_reversal,"[0.0, 0.0, 0.0, 0.0, 0.0, 0.0, 0.0, 0.0]",0,0,0.0,0.0,0.11867657869005482,full,0.0,0.0,0.0,0.021602854224159376,6,0,0.0,0,0,0.0,0.0,0,0,0.11765388820190006,3,7.304391176264341,3.4448340183423727,0.8758074712998174,0,0.6-P2.2,2,0,0,0,0.0,440,0.0,0.0,conditional,0.6-P0.2,1,0.006043346520973145,1,0.7406061912957285,0.4468842509765228,0.0,21.127178570992154,0.25,0.4468842509765228,1.0,0.4288842509765228,0.7974404801360143,0.8812603483448542,0.00017280000000000022,0.00272,0,0,0.0,0.0,0,0.06226352424294201,0,40.0,101,0.0,0.1,pulsed,0,150.0,0,registered-holdout,17.115774906486223,0.8758074712998174,2.659041404724121,4.565448411086859e-05
0.0,40.00000000000063,0.02224740598041015,5.0,0.7,0.5,conditional,1.0,periodic,1,3,0.6.4-AB1.1,registered-holdout,0,SOMA-CELL 0.6.4,4.346204383940379,1,0,0,conditional_0.50,0.35407177953027624,0.9136705111625938,0.11428571428571428,0.11428571428571428,0.11428571428571428,0,0,0.0,0,0,0.0,0.0,0,0,0.04339520589961141,0,0,0,0.0,0,0,0.0,0,0,0,0,0,0,0,0.0,0.0,0.0,0.0,off,0.0,0,0.6.1-D1.4,0.0,0,0,0,720,0.0006720350006291582,0.42503170270664686,0.48617534459651707,0.08017253752605018,0.2744852512635178,0.0,0.0,0,0.0,0,0,0.0,0,patchy,,0.0,0.0,0.9871207517423143,0.0,0.0,0.4994677239682922,0,0,True,0.05555555555555555,0,0,0.0,0.0,0,0.0,0,0,0.0,0.0,0,0,0.0,0,0.0,0.0,0,0.0,0.0,0,0.0,0,0.0,0,0.0,0,0,0,0.0,full,0,0,0.0,0,0.6-F2.0,0,0,0,0.0,0.7480241512048122,1,1,0,0,0,0,boundary,,720,0,0,30.61580655707696,-1.6049415709318282e-05,-1.6049415709318282e-05,0.012745005355506253,0,624,0,0.0001510212171363694,0.0,0.24510358695729265,0.0,0.7197655529042879,0.9879312046573882,0.012745005355506253,0.04123431559939319,12.0,1.2745005355506254,39.0,624.0,0.01889707389710359,0.0,2.4917218246779024e-15,1.7060464777275868,0.0073589179225385,0.12080738099267237,0.0,0.0,0.9910815007607037,0.016098917173328085,0.02068244994071255,4.0,0.0,1.895251437935163,0.0,1.9916949914566715,-0.03973475984684292,0.07253336061788121,3,5.2261222162123494e-08,0,0.0,0,0,0,0.0,0.0,0.0,0,0,0.0,0,0,0.0,0,0,0,0.0,0,0.0,0.0,0.0,0.0,0,0,0.0,0.0,0.8,0.0,0,0,0.0,0,0.0,0,no_tissue,efficient2,0.0,0.0,0.0,0.0,0.0,0.0,efficient2,0.0,0.0,0,0.0,0.0,0.6.2-M1.1,720,0.9879312046573882,0.17361154597815465,0,0,0.0,0,0,0,0,0,0,0,0.0,0.0,0.0006131541666666744,0.01038027083333338,0.00011791416666666454,1,720,0.010993425000000017,0.6511064658333883,0,0.0,0.000495240000000005,0,0,0.0,0.0,0,0.010380270833333108,1152,0.0,0.0,0.000495240000000005,0.0,0.0,0,0,0,0.7172695979688988,0.9120661748002855,0.9850446513860875,0.9695204907390823,0.0,0.5314116163442226,0.0037210233823970745,0.0,0.0,0,0,1,0,0.0,demand,0.0,0.0,0.00115,0.0,0.0,0.00659927083333311,0.0,0.0,0.00198,0.0,0.0,0,0,0,0,0.0,0.0,0.0,0.6.3-NG1.0,0.0003224400000000083,7.489583333333239e-07,1,0.0,0.0,1,1,40.00000000000063,0.5,native,0,0.0,none,0.0,0.0,0.0,0,0,0,0.0,0,0.6-P1.1,0,0,0,0.0,0.0,0,0,4,1.0777526881331854,0.011833558683278211,cue_reversal,"[0.0, 0.0, 0.0, 0.0, 0.0, 0.0, 0.0, 0.0]",0,0,0.0,0.0,0.12028140808009385,full,0.0,0.0,0.0,0.022289874338292735,6,0,0.0,0,0,0.0,0.0,0,0,0.11546934435224322,3,7.2769951312949805,3.426440057613684,0.9215932288250843,0,0.6-P2.2,2,0,0,0,0.0,440,0.0,0.0,conditional,0.6-P0.2,1,0.004289270833333109,1,0.7884689031862332,0.43519186810473437,0.0,20.674693334675165,0.5,0.43519186810473437,1.0,0.41719186810473435,0.7888582912645669,0.8769723303350562,0.00017280000000000022,0.00544,0,0,0.0,0.0,0,0.06277518677485065,0,40.0,101,0.0,0.1,pulsed,0,150.0,0,registered-holdout,17.114513012724544,0.9215932288250843,2.6497185230255127,2.968737189958104e-05
0.0,40.00000000000063,0.01569849886179661,5.0,0.7,0.75,conditional,1.0,periodic,1,3,0.6.4-AB1.1,registered-holdout,0,SOMA-CELL 0.6.4,4.318317799148565,1,0,0,conditional_0.75,0.2607904668948641,0.9080670497405477,0.11428571428571428,0.11428571428571428,0.11428571428571428,0,0,0.0,0,0,0.0,0.0,0,0,0.042459742446034676,0,0,0,0.0,0,0,0.0,0,0,0,0,0,0,0,0.0,0.0,0.0,0.0,off,0.0,0,0.6.1-D1.4,0.0,0,0,0,720,0.00066988414142703,0.4340549362746733,0.49303696565858784,0.0845816497966918,0.27392666406129035,0.0,0.0,0,0.0,0,0,0.0,0,patchy,,0.0,0.0,0.9611597022159508,0.0,0.0,0.4868524872671252,0,0,True,0.05555555555555555,0,0,0.0,0.0,0,0.0,0,0,0.0,0.0,0,0,0.0,0,0.0,0.0,0,0.0,0.0,0,0.0,0,0.0,0,0.0,0,0,0,0.0,full,0,0,0.0,0,0.6-F2.0,0,0,0,0.0,0.712950630246324,1,1,0,0,0,0,boundary,,720,0,0,30.298489076251155,-1.5734545755208273e-05,-1.5734545755208273e-05,0.011752717908342428,0,624,0,0.00015277724994626116,0.0,0.24509543077120227,0.0,0.7182225547117336,0.9878004371116962,0.011752717908342428,0.040296285886316216,12.0,1.175271790834243,39.0,624.0,0.018974351890279035,0.0,4.426873804813791e-17,1.696314014191538,0.007439144463871811,0.11951209433735462,0.0,0.0,0.9910788898075478,0.01616674841203069,0.015553512929694892,4.0,0.0,1.8830125616862263,0.0,1.9860145548124584,-0.009426378673513246,0.06895699488968247,3,3.364407621260953e-07,0,0.0,0,0,0,0.0,0.0,0.0,0,0,0.0,0,0,0.0,0,0,0,0.0,0,0.0,0.0,0.0,0.0,0,0,0.0,0.0,0.8,0.0,0,0,0.0,0,0.0,0,no_tissue,efficient2,0.0,0.0,0.0,0.0,0.0,0.0,efficient2,0.0,0.0,0,0.0,0.0,0.6.2-M1.1,720,0.9878004371116962,0.15990244391016523,0,0,0.0,0,0,0,0,0,0,0,0.0,0.0,0.000611405444444452,0.010955268055555637,0.0001161654444444423,1,720,0.011566673500000088,0.33639662255561453,0,0.0,0.000495240000000005,0,0,0.0,0.0,0,0.010955268055555328,1152,0.0,0.0,0.000495240000000005,0.0,0.0,0,0,0,0.7211342881006342,0.9157323381925325,0.9865636781154375,0.9679025190696104,0.0,0.5342712237901754,0.004237898909851731,0.0,0.0,0,0,1,0,0.0,demand,0.0,0.0,0.001725,0.0,0.0,0.006599268055555331,0.0,0.0,0.00198,0.0,0.0,0,0,0,0,0.0,0.0,0.0,0.6.3-NG1.0,0.0003224400000000083,7.489583333333239e-07,1,0.0,0.0,1,1,40.00000000000063,0.75,native,0,0.0,none,0.0,0.0,0.0,0,0,0,0.0,0,0.6-P1.1,0,0,0,0.0,0.0,0,0,4,1.0843017162896325,0.007845173783216983,cue_reversal,"[0.0, 0.0, 0.0, 0.0, 0.0, 0.0, 0.0, 0.0]",0,0,0.0,0.0,0.11767717610478677,full,0.0,0.0,0.0,0.015736712270774333,6,0,0.0,0,0,0.0,0.0,0,0,0.11443552213012856,3,7.31206824491901,3.4401487396466255,0.8728148607475116,0,0.6-P2.2,2,0,0,0,0.0,440,0.0,0.0,conditional,0.6-P0.2,1,0.0021442680555553324,1,0.7883338439541657,0.45702777230764896,0.0,21.53208986519985,0.75,0.45702777230764896,1.0,0.43902777230764894,0.8022761776123015,0.8842943260918992,0.00017280000000000022,0.008159999999999999,0,0,0.0,0.0,0,0.06121626699013847,0,40.0,101,0.0,0.1,pulsed,0,150.0,0,registered-holdout,17.115996202219783,0.8728148607475116,2.777230739593506,7.098843837585744e-05
0.0,40.00000000000063,0.02052883348397348,5.0,0.7,0.85,conditional,1.0,periodic,1,3,0.6.4-AB1.1,registered-holdout,0,SOMA-CELL 0.6.4,4.352779672312335,1,0,0,conditional_0.85,0.3237135780201226,0.9120320583358906,0.11428571428571428,0.11428571428571428,0.11428571428571428,0,0,0.0,0,0,0.0,0.0,0,0,0.04323142131378576,0,0,0,0.0,0,0,0.0,0,0,0,0,0,0,0,0.0,0.0,0.0,0.0,off,0.0,0,0.6.1-D1.4,0.0,0,0,0,720,0.0006688241327511641,0.4219605904616737,0.4954319363714442,0.06453560230952024,0.29114757021044674,0.0,0.0,0,0.0,0,0,0.0,0,patchy,,0.0,0.0,0.9840823388337454,0.0,0.0,0.4994727578199183,0,0,True,0.05555555555555555,0,0,0.0,0.0,0,0.0,0,0,0.0,0.0,0,0,0.0,0,0.0,0.0,0,0.0,0.0,0,0.0,0,0.0,0,0.0,0,0,0,0.0,full,0,0,0.0,0,0.6-F2.0,0,0,0,0.0,0.7662462464869918,1,1,0,0,0,0,boundary,,720,0,0,30.29656081432119,-1.555434314326476e-05,-1.555434314326476e-05,0.012788535992238177,0,624,0,0.00015161902143499256,0.0,0.2450712912214301,0.0,0.7200234124886671,0.9876260032592847,0.012788535992238177,0.04220460850409461,12.0,1.2788535992238177,39.0,624.0,0.019261891329659053,0.0,2.1923220942380476e-15,1.7299344841498283,0.007546177036104341,0.11949505625697368,0.0,0.0,0.9909065966397154,0.016106380540731866,0.019992074558902565,4.0,0.0,1.8945208693212738,0.0,1.9914802289192965,-0.018424661229152556,0.0790967529580976,3,3.339264505255671e-07,0,0.0,0,0,0,0.0,0.0,0.0,0,0,0.0,0,0,0.0,0,0,0,0.0,0,0.0,0.0,0.0,0.0,0,0,0.0,0.0,0.8,0.0,0,0,0.0,0,0.0,0,no_tissue,efficient2,0.0,0.0,0.0,0.0,0.0,0.0,efficient2,0.0,0.0,0,0.0,0.0,0.6.2-M1.1,720,0.9876260032592847,0.16030521836404812,0,0,0.0,0,0,0,0,0,0,0,0.0,0.0,0.000611405444444452,0.011185270833333413,0.0001161654444444423,1,720,0.011796676277777867,0.21231882950006245,0,0.0,0.000495240000000005,0,0,0.0,0.0,0,0.011185270833333108,1152,0.0,0.0,0.000495240000000005,0.0,0.0,0,0,0,0.7211936814550409,0.9157609887657359,0.9865681073752977,0.9708775166047129,0.0,0.5342935712372741,0.0042351968769369416,0.0,0.0,0,0,1,0,0.0,demand,0.0,0.0,0.0019549999999999997,0.0,0.0,0.00659927083333311,0.0,0.0,0.00198,0.0,0.0,0,0,0,0,0.0,0.0,0.0,0.6.3-NG1.0,0.0003224400000000083,7.489583333333239e-07,1,0.0,0.0,1,1,40.00000000000063,0.85,native,0,0.0,none,0.0,0.0,0.0,0,0,0,0.0,0,0.6-P1.1,0,0,0,0.0,0.0,0,0,4,1.0794713806064846,0.011850281210344673,cue_reversal,"[0.0, 0.0, 0.0, 0.0, 0.0, 0.0, 0.0, 0.0]",0,0,0.0,0.0,0.11619243041344192,full,0.0,0.0,0.0,0.04532684441736881,6,0,0.0,0,0,0.0,0.0,0,0,0.11494249757164594,3,7.258772689208424,3.4397455917512327,0.9017534539176445,0,0.6-P2.2,2,0,0,0,0.0,440,0.0,0.0,conditional,0.6-P0.2,1,0.00128627083333311,1,0.7881561478756793,0.45582734770750233,0.0,21.47929821384202,0.8499999999999999,0.45582734770750233,1.0,0.4378273477075023,0.8018882026500053,0.8841391542207149,0.00017280000000000022,0.009248,0,0,0.0,0.0,0,0.06195635526278687,0,40.0,101,0.0,0.1,pulsed,0,150.0,0,registered-holdout,17.11485167271222,0.9017534539176445,2.6861510276794434,7.078692489642657e-05
0.0,40.00000000000063,0.026236993590143136,5.0,0.7,0.9,conditional,1.0,periodic,1,3,0.6.4-AB1.1,registered-holdout,0,SOMA-CELL 0.6.4,4.36260508895945,1,0,0,conditional_0.90,0.4012650114746117,0.9172092249173756,0.11428571428571428,0.11428571428571428,0.11428571428571428,0,0,0.0,0,0,0.0,0.0,0,0,0.04427899310012544,0,0,0,0.0,0,0,0.0,0,0,0,0,0,0,0,0.0,0.0,0.0,0.0,off,0.0,0,0.6.1-D1.4,0.0,0,0,0,720,0.0006683100193965504,0.4248732238738853,0.48955346889484264,0.07579795867588732,0.27944708458206624,0.0,0.0,0,0.0,0,0,0.0,0,patchy,,0.0,0.0,0.9942944005573227,0.0,0.0,0.5047524961455302,0,0,True,0.05555555555555555,0,0,0.0,0.0,0,0.0,0,0,0.0,0.0,0,0,0.0,0,0.0,0.0,0,0.0,0.0,0,0.0,0,0.0,0,0.0,0,0,0,0.0,full,0,0,0.0,0,0.6-F2.0,0,0,0,0.0,0.7621222611757177,1,1,0,0,0,0,boundary,,720,0,0,30.672982717248946,-1.5483707670682634e-05,-1.5483707670682634e-05,0.015356349712754784,0,624,0,0.00016117882809234813,0.0,0.24504430031682145,0.0,0.7196441855016635,0.9875274665020771,0.015356349712754784,0.0466095520731526,12.0,1.5356349712754784,39.0,624.0,0.01958514256529339,0.0,1.8961586564852333e-15,1.7074132211815964,0.007606647523847745,0.1210082909701789,0.0,0.0,0.9906185285421527,0.01610364757190222,0.03196933381026224,4.0,0.0,1.8920908592227126,0.0,1.9891216789223851,-0.018395873152231665,0.07217089893997593,3,3.374286919235036e-07,0,0.0,0,0,0,0.0,0.0,0.0,0,0,0.0,0,0,0.0,0,0,0,0.0,0,0.0,0.0,0.0,0.0,0,0,0.0,0.0,0.8,0.0,0,0,0.0,0,0.0,0,no_tissue,efficient2,0.0,0.0,0.0,0.0,0.0,0.0,efficient2,0.0,0.0,0,0.0,0.0,0.6.2-M1.1,720,0.9875274665020771,0.17930627667895963,0,0,0.0,0,0,0,0,0,0,0,0.0,0.0,0.0006132325555555633,0.011300272222222303,0.00011799255555555344,1,720,0.011913504777777868,0.14853041811117007,0,0.0,0.000495240000000005,0,0,0.0,0.0,0,0.011300272222221998,1152,0.0,0.0,0.000495240000000005,0.0,0.0,0,0,0,0.7165237986228723,0.911828894933577,0.984560508234997,0.968934835833196,0.0,0.53122653804819,0.00410356349242745,0.0,0.0,0,0,1,0,0.0,demand,0.0,0.0,0.0020700000000000002,0.0,0.0,0.006599272222221999,0.0,0.0,0.00198,0.0,0.0,0,0,0,0,0.0,0.0,0.0,0.6.3-NG1.0,0.0003224400000000083,7.489583333333239e-07,1,0.0,0.0,1,1,40.00000000000063,0.9,native,0,0.0,none,0.0,0.0,0.0,0,0,0,0.0,0,0.6-P1.1,0,0,0,0.0,0.0,0,0,4,1.0737632199719056,0.020593007604658504,cue_reversal,"[0.0, 0.0, 0.0, 0.0, 0.0, 0.0, 0.0, 0.0]",0,0,0.0,0.0,0.11864670406473123,full,0.0,0.0,0.0,0.026276145286309477,6,0,0.0,0,0,0.0,0.0,0,0,0.11671651628914287,3,7.262896523710504,3.4207444884010347,0.941389386158511,0,0.6-P2.2,2,0,0,0,0.0,440,0.0,0.0,conditional,0.6-P0.2,1,0.0008572722222219987,1,0.787934027777572,0.43492654112930995,0.0,20.674693334675165,0.9000000000000001,0.43492654112930995,1.0,0.41692654112930994,0.78722603885515,0.8764283531879399,0.00017280000000000022,0.009792,0,0,0.0,0.0,0,0.06392078546461746,0,40.0,101,0.0,0.1,pulsed,0,150.0,0,registered-holdout,17.114303721600216,0.941389386158511,2.6715681552886963,7.137588288391727e-05
0.0,40.00000000000063,0.02518472645199432,5.0,0.7,0.95,conditional,1.0,periodic,1,3,0.6.4-AB1.1,registered-holdout,0,SOMA-CELL 0.6.4,4.3274049530990935,1,0,0,conditional_0.95,0.39346550277003506,0.9205576891724762,0.11428571428571428,0.11428571428571428,0.11428571428571428,0,0,0.0,0,0,0.0,0.0,0,0,0.04330731568439049,0,0,0,0.0,0,0,0.0,0,0,0,0,0,0,0,0.0,0.0,0.0,0.0,off,0.0,0,0.6.1-D1.4,0.0,0,0,1,720,0.005691675200923282,0.43980735811512783,0.49844406054751017,0.08663055696437844,0.2751741678334652,0.0,0.0,0,0.0,0,0,0.0,0,patchy,,0.0,0.0,0.9822941949519648,0.0,0.0,0.4929242980304467,0,0,True,0.05555555555555555,0,0,0.0,0.0,0,0.0,0,0,0.0,0.0,0,0,0.0,0,0.0,0.0,0,0.0,0.0,0,0.0,0,0.0,0,0.0,0,0,0,1.0,full,280,280,0.0,0,0.6-F2.0,0,0,1,0.0,0.7312360046912816,1,1,0,0,0,0,boundary,,720,0,0,30.327705309814895,-1.6301337595336918e-05,-1.6301337595336918e-05,0.013031419479688444,0,624,0,0.0001639489242798846,0.0,0.24503358843904452,0.0,0.7171490686167007,0.9873863027846761,0.013031419479688444,0.042854287326408946,12.0,1.3031419479688444,39.0,624.0,0.01960056989834356,0.0,3.8626714860030814e-15,1.696857536111276,0.007693288034028774,0.11968228518225038,0.0,0.0,0.9905131085032834,0.016210301471807905,0.02005121075182413,4.0,0.0,1.8755895047995288,0.0,1.980415679639877,-0.059720619827720846,0.1279223383767151,3,3.2754041420305407e-07,0,0.0,0,0,0,0.0,0.0,0.0,0,0,0.0,0,0,0.0,0,0,0,1.0,0,0.0,0.0,0.0,0.0,0,0,1.0,0.0,0.8,0.0,0,0,0.0,0,0.0,2,no_tissue,efficient2,0.0009700000000000002,0.0,0.0007200000000000002,0.0,0.00025,0.0,efficient2,0.0,0.0,6,0.00468,0.0,0.6.2-M1.1,720,0.9873863027846761,0.164025267453938,0,0,0.0,0,0,0,0,0,0,0,0.0,0.0,0.07570384975934058,0.021815268055555635,0.00714089699159239,4,2473,0.09751911781489621,3.0279940807533468,92,0.07344380606882772,0.006048221638610577,279,0,0.05836380606882767,0.0,279,0.010886193115865672,1716,0.06304380606882772,0.010400000000000001,0.005519146698920797,0.0005290749396897803,0.0,0,1,0,0.7177498755840328,0.913762083509351,0.9868658836796939,0.9711313058737672,0.0,0.5327344251372939,0.0039766638282206996,0.0009700000000000002,0.0,0,0,0,1,0.0007200000000000002,demand,0.0,0.0021,8.5e-05,0.0021,0.0064,0.000199268055555452,0.0064,0.0019,8.00000000000001e-05,0.0019,0.00025,0,0,0,0,0.0,0.0,0.0,0.6.3-NG1.0,0.0003224400000000083,7.489583333333239e-07,1,15.499999999999954,0.05555555555555555,1,1,40.00000000000063,0.95,native,0,0.0,none,0.0,0.0,0.0,0,0,0,0.0,0,0.6-P1.1,0,0,0,0.0,15.499999999999954,0,0,4,1.0748154865843134,0.010855215736317812,cue_reversal,"[0.0225, 0.0225, 0.0225, 0.0225, 0.0225, 0.0225, 0.0225, 0.0225]",0,2,0.005822989041823061,0.06257178532250104,0.12071053962833499,full,0.158502217362198,0.0004039066989206355,0.0005290749396897799,0.025227083462996357,6,180,0.0,280,280,0.019965526093969094,0.012283457509783413,288,0,0.11434927518277954,3,7.293782628986258,3.4360247639116275,0.8952189151342176,0,0.6-P2.2,2,1,0,1,0.0,440,0.0,0.0,conditional,0.6-P0.2,1,0.0,1,0.0,0.4553269136966354,0.0,21.53208986519985,0.03019212962961394,0.4553269136966354,0.03178118908380415,0.4373269136966354,0.7995133778275403,0.8810090671275222,0.00017280000000000022,0.0003642680555554521,0,0,0.0,0.0,0,0.06134039847032719,0,40.0,101,0.0,0.1,pulsed,0,150.0,0,registered-holdout,17.114322027533255,0.8952189151342176,4.258054971694946,6.94839039922096e-05
0.0,40.00000000000063,0.013686710105769615,5.0,0.7,1.0,conditional,1.0,periodic,1,3,0.6.4-AB1.1,registered-holdout,0,SOMA-CELL 0.6.4,4.318189386151323,1,0,0,conditional_1.00,0.24134281590813353,0.9170868529981898,0.11428571428571428,0.11428571428571428,0.11428571428571428,0,0,0.0,0,0,0.0,0.0,0,0,0.042012767842794604,0,0,0,0.0,0,0,0.0,0,0,0,0,0,0,0,0.0,0.0,0.0,0.0,off,0.0,0,0.6.1-D1.4,0.0,0,0,1,720,0.00570653923939117,0.4254633588446576,0.497611911542812,0.06689206128994286,0.29029828220905973,0.0,0.0,0,0.0,0,0,0.0,0,patchy,,0.0,0.0,0.9365842176151591,0.0,0.0,0.47169206587307116,0,0,True,0.05555555555555555,0,0,0.0,0.0,0,0.0,0,0,0.0,0.0,0,0,0.0,0,0.0,0.0,0,0.0,0.0,0,0.0,0,0.0,0,0.0,0,0,0,1.0,full,290,290,0.0,0,0.6-F2.0,0,0,1,0.0,0.6796593200107608,1,1,0,0,0,0,boundary,,720,0,0,29.59849591600631,-1.5999997700077984e-05,-1.5999997700077984e-05,0.012434936677974184,0,624,0,0.00017535879440589905,0.0,0.24496868509007771,0.0,0.7164863151762727,0.9867746222759298,0.012434936677974184,0.042779454400593615,12.0,1.2434936677974184,39.0,624.0,0.020323173144295863,0.0,1.9046837416887943e-15,1.6869885431039462,0.008068855665829941,0.11671683210914882,0.0,0.0,0.9901508889727197,0.016113498032884227,0.015301926459887216,4.0,0.0,1.870297620048083,0.0,1.9766338465736477,-0.0035275040205496465,0.11010699130668616,4,3.7325528365198824e-07,0,0.0,0,0,0,0.0,0.0,0.0,0,0,0.0,0,0,0.0,0,0,0,1.0,0,0.0,0.0,0.0,0.0,0,0,1.0,0.0,0.8,0.0,0,0,0.0,0,0.0,2,no_tissue,efficient2,0.0009800000000000002,0.0,0.0007200000000000002,0.0,0.00026000000000000003,0.0,efficient2,0.0,0.0,6,0.00468,0.0,0.6.2-M1.1,720,0.9867746222759298,0.1694551767921326,0,0,0.0,0,0,0,0,0,0,0,0.0,0.0,0.07069827552872732,0.021930265277777857,0.007035238462673778,4,2535,0.09262854080650518,3.1278390788176855,84,0.06852904177878105,0.006074613831243953,289,0,0.05344904177878102,0.0,289,0.010989646733806509,1736,0.05812904177878105,0.010400000000000001,0.005533995287272785,0.0005406185439711679,0.0,0,1,0,0.7263475715648448,0.9117941123655244,0.9896781795751228,0.9706146797194498,0.0,0.531199407645109,0.004714133286034504,0.0009800000000000002,0.0,0,0,0,1,0.0007200000000000002,demand,0.0,0.0021,0.0002000000000000001,0.0021,0.0064,0.00019926527777767771,0.0064,0.0019,8.00000000000001e-05,0.0019,0.00026000000000000003,0,0,0,0,0.0,0.0,0.0,0.6.3-NG1.0,0.0003224400000000083,7.489583333333239e-07,1,16.055555555555507,0.05555555555555555,1,1,40.00000000000063,1.0,native,0,0.0,none,0.0,0.0,0.0,0,0,0,0.0,0,0.6-P1.1,0,0,0,0.0,16.055555555555507,0,0,4,1.086313607454624,0.007303363764373881,cue_reversal,"[0.0225, 0.0225, 0.0225, 0.0225, 0.0225, 0.0225, 0.0225, 0.0225]",0,2,0.005319193876911328,0.06289255971096305,0.11863737574320188,full,0.1627737937445673,0.00040875528727261673,0.000540618543971168,0.013721949945793593,6,180,0.0,290,290,0.0186449085046293,0.01200640050911812,288,0,0.11723463084461729,3,7.345359297463475,3.430595621561639,0.8490792569628693,0,0.6-P2.2,2,1,0,1,0.0,440,0.0,0.0,conditional,0.6-P0.2,1,0.0,1,1.0,0.4799208434650724,0.0,22.349016605276937,0.030191708754193594,0.4799208434650724,0.030191708754193594,0.4619208434650724,0.8258360197556729,0.894640918548546,0.00017280000000000022,0.0004792652777776779,0,0,0.0,0.0,0,0.05878062018649886,0,40.0,101,0.0,0.1,pulsed,0,150.0,0,registered-holdout,17.11704213024622,0.8490792569628693,4.144139766693115,7.665072970590436e-05
0.0,40.00000000000063,0.00983074568375539,5.0,0.7,0.25,conditional,1.0,periodic,1,3,0.6.4-AB1.1,registered-holdout,0,SOMA-CELL 0.6.4,4.09354911174682,1,0,0,conditional_0.25,0.18330307842390473,0.8376768055886659,0.11428571428571428,0.11428571428571428,0.11428571428571428,0,0,0.0,0,0,0.0,0.0,0,0,0.035109041736499,0,0,0,0.0,0,0,0.0,0,0,0,0,0,0,0,0.0,0.0,0.0,0.0,off,0.0,0,0.6.1-D1.4,0.0,0,0,0,720,0.0006166813362962872,0.07934195033180595,0.32314459810703233,0.31987190928366066,0.4622178323605387,0.0,0.0,0,0.0,0,0,0.0,0,patchy,,0.0,0.0,0.6407781996575113,0.0,0.0,0.3065917158981545,0,0,True,0.05555555555555555,0,0,0.0,0.0,0,0.0,0,0,0.0,0.0,0,0,0.0,0,0.0,0.0,0,0.0,0.0,0,0.0,0,0.0,0,0.0,0,0,0,0.0,full,0,0,0.0,0,0.6-F2.0,0,0,0,0.0,0.25434014853935044,1,1,0,0,0,0,boundary,,720,0,0,25.211333039087304,-1.6499662425673023e-05,-1.6499662425673023e-05,0.013201965449186736,0,624,0,0.00028595087959941076,0.0,0.24449768526650287,0.0,0.684288831734535,0.9829789406503919,0.013201965449186736,0.047260106987825956,12.0,1.3201965449186737,39.0,624.0,0.025335361979342243,0.0,1.5136820035871e-37,1.617244282103931,0.010404595523888113,0.10099284665796729,0.0,0.0,0.986677964772433,0.01816093497415328,0.0056250900527664285,4.0,0.0,1.6297201813660704,0.0,1.8370023087557035,-0.0042637205434063775,0.22684541961345253,4,2.3622102616332143e-08,0,0.0,0,0,0,0.0,0.0,0.0,0,0,0.0,0,0,0.0,0,0,0,0.0,0,0.0,0.0,0.0,0.0,0,0,0.0,0.0,0.8,0.0,0,0,0.0,0,0.0,0,no_tissue,efficient2,0.0,0.0,0.0,0.0,0.0,0.0,efficient2,0.0,0.0,0,0.0,0.0,0.6.2-M1.1,720,0.9829789406503919,0.057261619422111686,0,0,0.0,0,0,0,0,0,0,0,0.0,0.0,0.0005813936666666725,0.008188388888888887,9.575366666666473e-05,1,720,0.00876978255555556,1.7268700762222435,0,0.0,0.0004856400000000049,0,0,0.0,0.0,0,0.008188388888888742,1128,0.0,0.0,0.0004856400000000049,0.0,0.0,0,0,0,0.736279902076683,0.8336367352596621,0.9970098870379442,0.9630413238254841,0.0,0.47023665350253646,0.0029857655893751607,0.0,0.0,0,0,1,0,0.0,demand,0.0,0.0,0.000575,0.0,0.0,0.004982388888888744,0.0,0.0,0.00198,0.0,0.0,0,0,0,0,0.0,0.0,0.0,0.6.3-NG1.0,0.0003224400000000083,7.489583333333239e-07,0,0.0,0.0,1,1,40.00000000000063,0.25,native,0,0.0,none,0.0,0.0,0.0,0,0,0,0.0,0,0.6-P1.1,0,0,0,0.0,0.0,0,0,4,1.0901692543162447,0.0027816657790709024,cue_reversal,"[0.0, 0.0, 0.0, 0.0, 0.0, 0.0, 0.0, 0.0]",0,0,0.0,0.0,0.11546940792248103,full,0.0,0.0,0.0,0.0286175043144803,6,0,0.0,0,0,0.0,0.0,0,0,0.12229963549612717,3,7.770673909140147,3.542776903350199,0.2928150093307372,0,0.6-P2.2,2,0,0,0,0.0,440,0.0,0.0,conditional,0.6-P0.2,1,0.0048173888888887436,1,0.5903662854030323,0.5706481834329589,0.0,27.50000000000059,0.25,0.5706481834329589,1.0,0.5526481834329589,0.8573711368016499,0.8645641730998094,0.0001632000000000002,0.00272,0,0,0.0,0.0,0,0.047787582729393235,0,40.0,202,0.0,0.1,pulsed,0,150.0,0,registered-holdout,17.13794737821092,0.2928150093307372,2.6596124172210693,4.0185601740891363e-05
0.0,40.00000000000063,0.011326325438467027,5.0,0.7,0.5,conditional,1.0,periodic,1,3,0.6.4-AB1.1,registered-holdout,0,SOMA-CELL 0.6.4,3.9688264420985306,1,0,0,conditional_0.50,0.19042212832871458,0.735310476362697,0.11428571428571428,0.11428571428571428,0.11428571428571428,0,0,0.0,0,0,0.0,0.0,0,0,0.03289589599621003,0,0,0,0.0,0,0,0.0,0,0,0,0,0,0,0,0.0,0.0,0.0,0.0,off,0.0,0,0.6.1-D1.4,0.0,0,0,0,720,0.0006058215535399725,0.13532750096328414,0.28375586842474365,0.29423541678039633,0.40246532873832286,0.0,0.0,0,0.0,0,0,0.0,0,patchy,,0.0,0.0,0.5543427246876308,0.0,0.0,0.258306838136637,0,0,True,0.05555555555555555,0,0,0.0,0.0,0,0.0,0,0,0.0,0.0,0,0,0.0,0,0.0,0.0,0,0.0,0.0,0,0.0,0,0.0,0,0.0,0,0,0,0.0,full,0,0,0.0,0,0.6-F2.0,0,0,0,0.0,0.0835019495485974,1,1,0,0,0,0,boundary,,720,0,0,23.698910194690328,-1.9190683214986848e-05,-1.9190683214986848e-05,0.01558336696218455,0,624,0,0.00038036872520484676,0.0,0.2441926803453984,0.0,0.6648830156551202,0.9804248157666233,0.01558336696218455,0.05517083131211457,12.0,1.558336696218455,39.0,624.0,0.028893471077609565,0.0,2.5863073355615767e-19,1.5344035678489172,0.01198140349639949,0.09563457892937825,0.0,0.0,0.9847743498167107,0.01755198636344778,0.009159268436159194,4.0,0.0,1.5112467971795511,0.0,1.7652494514457482,-0.002479499314036758,0.13724111254301877,2,1.7854752596312572e-08,0,0.0,0,0,0,0.0,0.0,0.0,0,0,0.0,0,0,0.0,0,0,0,0.0,0,0.0,0.0,0.0,0.0,0,0,0.0,0.0,0.8,0.0,0,0,0.0,0,0.0,0,no_tissue,efficient2,0.0,0.0,0.0,0.0,0.0,0.0,efficient2,0.0,0.0,0,0.0,0.0,0.6.2-M1.1,720,0.9804248157666233,0.011208838284933433,0,0,0.0,0,0,0,0,0,0,0,0.0,0.0,0.0005685013333333385,0.0060900541666666815,9.246133333333146e-05,1,720,0.006658555500000005,2.3363883561666503,0,0.0,0.0004760400000000051,0,0,0.0,0.0,0,0.006090054166666671,1104,0.0,0.0,0.0004760400000000051,0.0,0.0,0,0,0,0.7354124088662761,0.8297386294469361,0.9970617021717018,0.9689576670476908,0.0,0.4671961309686102,0.0013903688155549032,0.0,0.0,0,0,1,0,0.0,demand,0.0,0.0,0.00115,0.0,0.0,0.0032990541666666723,0.0,0.0,0.00099,0.0,0.0,0,0,0,0,0.0,0.0,0.0,0.6.3-NG1.0,0.0003224400000000083,7.489583333333239e-07,0,0.0,0.0,1,1,40.00000000000063,0.5,native,0,0.0,none,0.0,0.0,0.0,0,0,0,0.0,0,0.6-P1.1,0,0,0,0.0,0.0,0,0,4,1.0886736745615329,0.0033022522545823703,cue_reversal,"[0.0, 0.0, 0.0, 0.0, 0.0, 0.0, 0.0, 0.0]",0,0,0.0,0.0,0.11228024745102705,full,0.0,0.0,0.0,0.011358774890697898,6,0,0.0,0,0,0.0,0.0,0,0,0.1206358021212971,3,7.941511454648057,3.588829752214577,0.09467833838129996,0,0.6-P2.2,2,0,0,0,0.0,440,0.0,0.0,conditional,0.6-P0.2,1,0.0,1,0.0,0.5255850440423764,0.0,25.277777777778304,0.4998566919191928,0.5255850440423764,0.9997133838383856,0.5075850440423764,0.8625588001730755,0.8663214718954596,0.00015360000000000018,0.005439054166666672,0,0,0.0,0.0,0,0.040966121419550076,0,40.0,202,0.0,0.1,pulsed,0,150.0,0,registered-holdout,17.14218404821033,0.09467833838129996,2.662475347518921,3.647145077485814e-05
0.0,40.00000000000063,0.013126334114321845,5.0,0.7,0.75,conditional,1.0,periodic,1,3,0.6.4-AB1.1,registered-holdout,0,SOMA-CELL 0.6.4,3.966051110969085,1,0,0,conditional_0.75,0.23535223622542456,0.6134009513898643,0.11428571428571428,0.11428571428571428,0.11428571428571428,0,0,0.0,0,0,0.0,0.0,0,0,0.032700742258935024,0,0,0,0.0,0,0,0.0,0,0,0,0,0,0,0,0.0,0.0,0.0,0.0,off,0.0,0,0.6.1-D1.4,0.0,0,0,0,720,0.0005938835047783766,0.17171522241287845,0.27599359700461495,0.2726528667705221,0.366368576350955,0.0,0.0,0,0.0,0,0,0.0,0,patchy,,0.0,0.0,0.526329349998264,0.0,0.0,0.2433105788882065,0,0,True,0.05555555555555555,0,0,0.0,0.0,0,0.0,0,0,0.0,0.0,0,0,0.0,0,0.0,0.0,0,0.0,0.0,0,0.0,0,0.0,0,0.0,0,0,0,0.0,full,0,0,0.0,0,0.6-F2.0,0,0,0,0.0,0.0487387827484759,1,1,0,0,0,0,boundary,,720,0,0,23.31244930896023,-1.4689981526316842e-05,-1.4689981526316842e-05,0.01897206499583956,0,624,0,0.0004980666102427101,0.0,0.24384148905745529,0.0,0.6612032809463413,0.9775282155263777,0.01897206499583956,0.0619181480907119,12.0,1.8972064995839562,39.0,624.0,0.03238972632199944,0.0,1.1301925239826153e-18,1.5330443360230228,0.0137746197276244,0.09433809644807747,0.0,0.0,0.9820408821601039,0.017098117084545165,0.016118669316447138,4.0,0.0,1.4877485255570484,0.0,1.7451704133059376,-0.004783396390951318,0.08197842154766216,6,1.6223560624636422e-08,0,0.0,0,0,0,0.0,0.0,0.0,0,0,0.0,0,0,0.0,0,0,0,0.0,0,0.0,0.0,0.0,0.0,0,0,0.0,0.0,0.8,0.0,0,0,0.0,0,0.0,0,no_tissue,efficient2,0.0,0.0,0.0,0.0,0.0,0.0,efficient2,0.0,0.0,0,0.0,0.0,0.6.2-M1.1,720,0.9775282155263777,0.01193063756650166,0,0,0.0,0,0,0,0,0,0,0,0.0,0.0,0.0005556090000000044,0.008810054166666682,8.916899999999818e-05,1,720,0.009365663166666685,1.4311158707778744,0,0.0,0.0004664400000000053,0,0,0.0,0.0,0,0.008810054166666375,1080,0.0,0.0,0.0004664400000000053,0.0,0.0,0,0,0,0.7327698618421634,0.8808248957924458,0.9950417370151,0.9569387564494576,0.0,0.5070434187181079,0.00018326816267539032,0.0,0.0,0,0,1,0,0.0,demand,0.0,0.0,0.001725,0.0,0.0,0.0049490541666663765,0.0,0.0,0.001485,0.0,0.0,0,0,0,0,0.0,0.0,0.0,0.6.3-NG1.0,0.0003224400000000083,7.489583333333239e-07,0,0.0,0.0,1,1,40.00000000000063,0.75,native,0,0.0,none,0.0,0.0,0.0,0,0,0,0.0,0,0.6-P1.1,0,0,0,0.0,0.0,0,0,4,1.086873665885678,0.0028699038113406774,cue_reversal,"[0.0, 0.0, 0.0, 0.0, 0.0, 0.0, 0.0, 0.0]",0,0,0.0,0.0,0.11302959304578819,full,0.0,0.0,0.0,0.013158136824986741,6,0,0.0,0,0,0.0,0.0,0,0,0.11883181635955904,3,7.976274318537727,3.5881072811924346,0.06063761760431266,0,0.6-P2.2,2,0,0,0,0.0,440,0.0,0.0,conditional,0.6-P0.2,1,0.0,1,0.0,0.49422054411150385,0.0,23.05555555555602,0.7498566919191479,0.49422054411150385,0.999808922558864,0.47622054411150383,0.8537329069958174,0.8931656835425454,0.00014400000000000017,0.008159054166666376,0,0,0.0,0.0,0,0.03518609089665025,0,40.0,202,0.0,0.1,pulsed,0,150.0,0,registered-holdout,17.143635726583188,0.06063761760431266,2.699579954147339,3.605885843796508e-05
0.0,40.00000000000063,0.012085131843363737,5.0,0.7,0.85,conditional,1.0,periodic,1,3,0.6.4-AB1.1,registered-holdout,0,SOMA-CELL 0.6.4,4.045312804574696,1,0,0,conditional_0.85,0.21277365709545215,0.8118066289930962,0.11428571428571428,0.11428571428571428,0.11428571428571428,0,0,0.0,0,0,0.0,0.0,0,0,0.034444199203559726,0,0,0,0.0,0,0,0.0,0,0,0,0,0,0,0,0.0,0.0,0.0,0.0,off,0.0,0,0.6.1-D1.4,0.0,0,0,0,720,0.0006109620003216259,0.08144430808622403,0.31151477098909086,0.3246017494063144,0.45713736769419944,0.0,0.0,0,0.0,0,0,0.0,0,patchy,,0.0,0.0,0.6138172126431592,0.0,0.0,0.29281896186273576,0,0,True,0.05555555555555555,0,0,0.0,0.0,0,0.0,0,0,0.0,0.0,0,0,0.0,0,0.0,0.0,0,0.0,0.0,0,0.0,0,0.0,0,0.0,0,0,0,0.0,full,0,0,0.0,0,0.6-F2.0,0,0,0,0.0,0.19774435754297473,1,1,0,0,0,0,boundary,,720,0,0,24.85458203998927,-1.573781543129371e-05,-1.573781543129371e-05,0.01366503701246216,0,624,0,0.0003079882089647229,0.0,0.2444419324849429,0.0,0.6799893671352208,0.9825336411153504,0.01366503701246216,0.049587376535363874,12.0,1.366503701246216,39.0,624.0,0.025983971712170175,0.0,1.3054805108901774e-21,1.5842294680361957,0.0106792093963274,0.09971005536706821,0.0,0.0,0.9863074189032719,0.01819466750898686,0.006419076721915946,4.0,0.0,1.6031392226001926,0.0,1.821245777235166,0.0020259226281062245,0.21145121464552782,2,1.9030169780475937e-08,0,0.0,0,0,0,0.0,0.0,0.0,0,0,0.0,0,0,0.0,0,0,0,0.0,0,0.0,0.0,0.0,0.0,0,0,0.0,0.0,0.8,0.0,0,0,0.0,0,0.0,0,no_tissue,efficient2,0.0,0.0,0.0,0.0,0.0,0.0,efficient2,0.0,0.0,0,0.0,0.0,0.6.2-M1.1,720,0.9825336411153504,0.034938146614283745,0,0,0.0,0,0,0,0,0,0,0,0.0,0.0,0.0005794881666666724,0.0111855194444446,9.50481666666647e-05,1,720,0.011765007611111274,0.42117560877782834,0,0.0,0.0004844400000000049,0,0,0.0,0.0,0,0.011185519444444295,1125,0.0,0.0,0.0004844400000000049,0.0,0.0,0,0,0,0.7369823431979369,0.8277839599630613,0.997291720347033,0.9646116588362127,0.0,0.46567148877118786,0.0031239953824845467,0.0,0.0,0,0,1,0,0.0,demand,0.0,0.0,0.0019549999999999997,0.0,0.0,0.006599519444444297,0.0,0.0,0.00198,0.0,0.0,0,0,0,0,0.0,0.0,0.0,0.6.3-NG1.0,0.0003224400000000083,7.489583333333239e-07,0,0.0,0.0,1,1,40.00000000000063,0.85,native,0,0.0,none,0.0,0.0,0.0,0,0,0,0.0,0,0.6-P1.1,0,0,0,0.0,0.0,0,0,4,1.087914868156636,0.0012619925982461824,cue_reversal,"[0.0, 0.0, 0.0, 0.0, 0.0, 0.0, 0.0, 0.0]",0,0,0.0,0.0,0.1169498762021024,full,0.0,0.0,0.0,0.012115521854269787,6,0,0.0,0,0,0.0,0.0,0,0,0.12091682452794776,3,7.827269239967912,3.565099439521374,0.23265211414635242,0,0.6-P2.2,2,0,0,0,0.0,440,0.0,0.0,conditional,0.6-P0.2,1,0.0012865194444442972,1,0.7883084831153775,0.5625761759895831,0.0,27.222222222222804,0.8499999999999999,0.5625761759895831,1.0,0.5445761759895831,0.8584727402596982,0.8610286041504815,0.0001620000000000002,0.009248,0,0,0.0,0.0,0,0.04594139993155728,0,40.0,202,0.0,0.1,pulsed,0,150.0,0,registered-holdout,17.139413564863776,0.23265211414635242,2.6374623775482178,3.175360996932053e-05
0.0,40.00000000000063,0.008789952204361358,5.0,0.7,0.9,conditional,1.0,periodic,1,3,0.6.4-AB1.1,registered-holdout,0,SOMA-CELL 0.6.4,4.017572430044796,1,0,0,conditional_0.90,0.16649786415113835,0.7985055959704503,0.11428571428571428,0.11428571428571428,0.11428571428571428,0,0,0.0,0,0,0.0,0.0,0,0,0.034143104033112076,0,0,0,0.0,0,0,0.0,0,0,0,0,0,0,0,0.0,0.0,0.0,0.0,off,0.0,0,0.6.1-D1.4,0.0,0,0,0,720,0.000609305484596556,0.10035067977058514,0.2978002836701024,0.3155122391129513,0.43745025209004396,0.0,0.0,0,0.0,0,0,0.0,0,patchy,,0.0,0.0,0.6023101717516952,0.0,0.0,0.28615765945932636,0,0,True,0.05555555555555555,0,0,0.0,0.0,0,0.0,0,0,0.0,0.0,0,0,0.0,0,0.0,0.0,0,0.0,0.0,0,0.0,0,0.0,0,0.0,0,0,0,0.0,full,0,0,0.0,0,0.6-F2.0,0,0,0,0.0,0.16584289501211844,1,1,0,0,0,0,boundary,,720,0,0,24.752444301484644,-1.6264482951555692e-05,-1.6264482951555692e-05,0.01383951323132375,0,624,0,0.00031486635009353025,0.0,0.24441380379236402,0.0,0.673369525515104,0.9823234296051798,0.01383951323132375,0.049771403831963434,12.0,1.383951323132375,39.0,624.0,0.02643534865625804,0.0,3.868265457706888e-18,1.5674003476053697,0.010808888972149149,0.09934832390978526,0.0,0.0,0.9862076379229013,0.01799663080432765,0.006544118423570807,4.0,0.0,1.563237701799105,0.0,1.7984487333897818,-0.0009617547995145552,0.19495237694976036,2,1.8649991974051955e-08,0,0.0,0,0,0,0.0,0.0,0.0,0,0,0.0,0,0,0.0,0,0,0,0.0,0,0.0,0.0,0.0,0.0,0,0,0.0,0.0,0.8,0.0,0,0,0.0,0,0.0,0,no_tissue,efficient2,0.0,0.0,0.0,0.0,0.0,0.0,efficient2,0.0,0.0,0,0.0,0.0,0.6.2-M1.1,720,0.9823234296051798,0.03034887587582329,0,0,0.0,0,0,0,0,0,0,0,0.0,0.0,0.0005781313888888946,0.010442054166666681,9.489138888888696e-05,1,720,0.011020185555555577,0.588087506611209,0,0.0,0.00048324000000000495,0,0,0.0,0.0,0,0.010442054166666376,1122,0.0,0.0,0.00048324000000000495,0.0,0.0,0,0,0,0.7367161394865621,0.8302628256699156,0.9971712005479202,0.9660540947309268,0.0,0.4676050040225342,0.0024389048497202785,0.0,0.0,0,0,1,0,0.0,demand,0.0,0.0,0.0020700000000000002,0.0,0.0,0.005939054166666377,0.0,0.0,0.001782,0.0,0.0,0,0,0,0,0.0,0.0,0.0,0.6.3-NG1.0,0.0003224400000000083,7.489583333333239e-07,0,0.0,0.0,1,1,40.00000000000063,0.9,native,0,0.0,none,0.0,0.0,0.0,0,0,0,0.0,0,0.6-P1.1,0,0,0,0.0,0.0,0,0,4,1.0912100477956386,0.0007623109243975968,cue_reversal,"[0.0, 0.0, 0.0, 0.0, 0.0, 0.0, 0.0, 0.0]",0,0,0.0,0.0,0.11464252462793144,full,0.0,0.0,0.0,0.008821654764693746,6,0,0.0,0,0,0.0,0.0,0,0,0.1203549834620553,3,7.85917028312819,3.5696885644816154,0.19616006832760935,0,0.6-P2.2,2,0,0,0,0.0,440,0.0,0.0,conditional,0.6-P0.2,1,0.0,1,0.0,0.5585668053758104,0.0,26.94444444444502,0.8998566919191481,0.5585668053758104,0.9998407687990534,0.5405668053758104,0.8590918780952068,0.8637178430684566,0.0001608000000000002,0.009791054166666377,0,0,0.0,0.0,0,0.045255475670992064,0,40.0,202,0.0,0.1,pulsed,0,150.0,0,registered-holdout,17.139951497201935,0.19616006832760935,2.699772834777832,3.1721190107927844e-05
0.0,40.00000000000063,0.012319063572607678,5.0,0.7,0.95,conditional,1.0,periodic,1,3,0.6.4-AB1.1,registered-holdout,0,SOMA-CELL 0.6.4,3.953195927618091,1,0,0,conditional_0.95,0.22271002415645158,0.3965241398580436,0.11428571428571428,0.11428571428571428,0.11428571428571428,0,0,0.0,0,0,0.0,0.0,0,0,0.03246527075148166,0,0,0,0.0,0,0,0.0,0,0,0,0,0,0,0,0.0,0.0,0.0,0.0,off,0.0,0,0.6.1-D1.4,0.0,0,0,0,720,0.006018067306433111,0.178295620612067,0.2845075982920523,0.2610910103424935,0.3612807230369947,0.0,0.0,0,0.0,0,0,0.0,0,patchy,,0.0,0.0,0.510348400846477,0.0,0.0,0.24080221156187645,0,0,True,0.05555555555555555,0,0,0.0,0.0,0,0.0,0,0,0.0,0.0,0,0,0.0,0,0.0,0.0,0,0.0,0.0,0,0.0,0,0.0,0,0.0,0,0,0,0.0,full,313,313,0.0,0,0.6-F2.0,0,0,0,0.0,0.02908398584237502,1,1,0,0,0,0,boundary,,720,0,0,22.424801169949994,-1.5110805691165297e-05,-1.5110805691165297e-05,0.022165796392420938,0,624,0,0.0007032431694055339,0.0,0.24342804294697915,0.0,0.6605811669221323,0.9774561924294198,0.022165796392420938,0.07955876095459942,12.0,2.216579639242094,39.0,624.0,0.032480554797265006,0.0,1.3984501236927602e-18,1.5294934866127334,0.01381927518537088,0.09144279684131933,0.0,0.0,0.9722372024724225,0.016931339326478015,0.015295263505717457,4.0,0.0,1.4690028512417683,0.0,1.7255066529896483,-0.003667534026472123,0.02203152976165428,2,1.4518575190894172e-08,0,0.0,0,0,0,0.0,0.0,0.0,0,0,0.0,0,0,0.0,0,0,0,0.0,0,0.0,0.0,0.0,0.0,0,0,0.0,0.0,0.8,0.0,0,0,0.0,0,0.0,0,no_tissue,efficient2,0.0,0.0,0.0,0.0,0.0,0.0,efficient2,0.0,0.0,0,0.0,0.0,0.6.2-M1.1,720,0.9774561924294198,0.002059137272815482,0,0,0.0,0,0,0,0,0,0,0,0.0,0.0,0.07710935525207659,0.021236752777777698,8.82339444444448e-05,1,2674,0.09834610802985429,4.200936354506979,214,0.0813793592837343,0.006556903454430682,312,0,0.0,0.0,0,0.0007353555555555552,1702,0.07112866067262329,0.0198369544028004,0.0058924606350090475,0.0006644428194216341,0.0,3,1,0,0.7186556093382325,0.8743587106033037,0.9940191259771242,0.9814694355241899,0.0,0.501999794270577,1.6289022903962157e-05,0.0008840000000000001,0.0,0,0,0,0,0.0006240000000000001,demand,0.0,0.0021,8.5e-05,0.0021,0.006269698611111018,0.0,0.006269698611111018,0.0018809999999999999,0.0,0.0018809999999999999,0.00026000000000000003,1,1,0,1,0.0,0.0070754451498991865,0.009586255791689383,0.6.3-NG1.0,0.00032215644444445946,2.656250000000008e-07,0,17.33333333333332,0.05555555555555555,1,1,40.00000000000063,0.95,native,0,0.0,none,0.0,0.0,0.0,0,0,0,0.0,0,0.6-P1.1,0,0,0,0.0,0.0,0,0,4,1.0876809364273923,0.002201888390510145,cue_reversal,"[0.0, 0.0, 0.0, 0.0, 0.0, 0.0, 0.0, 0.0]",0,0,0.0,0.0,0.11607245447625904,full,0.0,0.0,0.0,0.012347921916676385,6,0,0.0,313,313,0.0,0.0,0,0,0.12558013400213391,3,7.995929161776758,3.597977810689599,0.031114264771121794,0,0.6-P2.2,2,1,0,0,0.0,440,0.0,0.0,conditional,0.6-P0.2,1,0.0,1,0.0,0.47410423118217077,0.0,22.222222222222662,0.0,0.47410423118217077,0.0,0.45610423118217075,0.8574095969998793,0.8889450669635373,0.00014040000000000016,8.5e-05,0,0,0.0,0.0,0,0.034802359371010345,0,40.0,202,0.0,0.1,pulsed,0,150.0,0,registered-holdout,17.145132237358318,0.031114264771121794,4.4765167236328125,3.168891341383262e-05
0.0,40.00000000000063,0.01025149472728666,5.0,0.7,1.0,conditional,1.0,periodic,1,3,0.6.4-AB1.1,registered-holdout,0,SOMA-CELL 0.6.4,3.953212549175218,1,0,0,conditional_1.00,0.19138510563467845,0.4556843631846976,0.11428571428571428,0.11428571428571428,0.11428571428571428,0,0,0.0,0,0,0.0,0.0,0,0,0.03254619575738644,0,0,0,0.0,0,0,0.0,0,0,0,0,0,0,0,0.0,0.0,0.0,0.0,off,0.0,0,0.6.1-D1.4,0.0,0,0,0,720,0.006143120461909908,0.1751991732680152,0.29398415833269886,0.25556783989880744,0.36639712857408124,0.0,0.0,0,0.0,0,0,0.0,0,patchy,,0.0,0.0,0.5151560676459189,0.0,0.0,0.236579229934061,0,0,True,0.05555555555555555,0,0,0.0,0.0,0,0.0,0,0,0.0,0.0,0,0,0.0,0,0.0,0.0,0,0.0,0.0,0,0.0,0,0.0,0,0.0,0,0,0,0.0,full,313,313,0.0,0,0.6-F2.0,0,0,0,0.0,0.032107549479171674,1,1,0,0,0,0,boundary,,720,0,0,22.68631624308147,-1.4317423655541006e-05,-1.4317423655541006e-05,0.022215201588661478,0,624,0,0.0007121065013204113,0.0,0.24342265513876496,0.0,0.6599974245212114,0.9775164464837539,0.022215201588661478,0.0797520899183711,12.0,2.2215201588661477,39.0,624.0,0.03240379730797383,0.0,1.7528744947320565e-18,1.527890112187749,0.013781916495052886,0.09227580729437863,0.0,0.0,0.971986453144119,0.016885229277708018,0.015256874336353903,4.0,0.0,1.4647993738028942,0.0,1.7229228428943046,-0.005832381480765681,0.03432766615314443,1,1.396715693354395e-08,0,0.0,0,0,0,0.0,0.0,0.0,0,0,0.0,0,0,0.0,0,0,0,0.0,0,0.0,0.0,0.0,0.0,0,0,0.0,0.0,0.8,0.0,0,0,0.0,0,0.0,0,no_tissue,efficient2,0.0,0.0,0.0,0.0,0.0,0.0,efficient2,0.0,0.0,0,0.0,0.0,0.6.2-M1.1,720,0.9775164464837539,0.0069303662575171164,0,0,0.0,0,0,0,0,0,0,0,0.0,0.0,0.07444698319056946,0.02193005416666668,8.807155555555378e-05,1,2673,0.09637703735723614,4.118267008067629,91,0.07874094566458603,0.0066979363755441165,312,0,0.0,0.0,0,0.0011300541666665765,1702,0.06834094566458603,0.020120029594884195,0.00601796597042831,0.0006799704051158065,0.0,3,1,0,0.7255526229508845,0.8733491622037327,0.9939920953134529,0.9708002521958111,0.0,0.5012123465189116,6.0532207072952185e-05,0.0008920000000000001,0.0,0,0,0,0,0.0006320000000000001,demand,0.0,0.0021,0.0002000000000000001,0.0021,0.0064,0.00019905416666657783,0.0064,0.0019,8.00000000000001e-05,0.0019,0.00026000000000000003,1,1,0,1,0.0,0.007067560238372399,0.009720029594884192,0.6.3-NG1.0,0.0003224400000000083,7.489583333333239e-07,0,17.33333333333332,0.05555555555555555,1,1,40.00000000000063,1.0,native,0,0.0,none,0.0,0.0,0.0,0,0,0,0.0,0,0.6-P1.1,0,0,0,0.0,0.0,0,0,4,1.0897485052727134,0.0022045560235472534,cue_reversal,"[0.0, 0.0, 0.0, 0.0, 0.0, 0.0, 0.0, 0.0]",0,0,0.0,0.0,0.11419838535428581,full,0.0,0.0,0.0,0.010283413915441582,6,0,0.0,313,313,0.0,0.0,0,0,0.12205028984146483,3,7.992905787358842,3.5931067386301705,0.03900599654853387,0,0.6-P2.2,2,1,0,0,0.0,440,0.0,0.0,conditional,0.6-P0.2,1,0.0,1,1.0,0.48018603740987115,0.0,22.500000000000437,0.03015972222220876,0.48018603740987115,0.03015972222220876,0.46218603740987113,0.8533361634032106,0.889232057450698,0.00014040000000000016,0.000479054166666578,0,0,0.0,0.0,0,0.03489388294815671,0,40.0,202,0.0,0.1,pulsed,0,150.0,0,registered-holdout,17.144129648082863,0.03900599654853387,4.499905586242676,3.1656889575293334e-05
0.0,40.00000000000063,0.017532257421875995,5.0,0.7,0.25,conditional,1.0,periodic,1,3,0.6.4-AB1.1,registered-holdout,0,SOMA-CELL 0.6.4,4.272269496773908,1,0,0,conditional_0.25,0.26864472211575835,0.9065317753706565,0.11428571428571428,0.11428571428571428,0.11428571428571428,0,0,0.0,0,0,0.0,0.0,0,0,0.04150205491822023,0,0,0,0.0,0,0,0.0,0,0,0,0,0,0,0,0.0,0.0,0.0,0.0,off,0.0,0,0.6.1-D1.4,0.0,0,0,0,720,0.0006485849483984773,0.3763732871189321,0.476978485413766,0.038141659688924696,0.3170274601587784,0.0,0.0,0,0.0,0,0,0.0,0,patchy,,0.0,0.0,0.9065299235073414,0.0,0.0,0.45546877095934724,0,0,True,0.05555555555555555,0,0,0.0,0.0,0,0.0,0,0,0.0,0.0,0,0,0.0,0,0.0,0.0,0,0.0,0.0,0,0.0,0,0.0,0,0.0,0,0,0,0.0,full,0,0,0.0,0,0.6-F2.0,0,0,0,0.0,0.6385788941790155,1,1,0,0,0,0,boundary,,720,0,0,29.327978425192157,-1.579773688220598e-05,-1.579773688220598e-05,0.013961859967485314,0,624,0,0.00018405235282886774,0.0,0.2449216909207243,0.0,0.7156955587736172,0.9863862971318567,0.013961859967485314,0.04782976706192305,12.0,1.3961859967485315,39.0,624.0,0.02087977807887326,0.0,2.2331070240193043e-16,1.6820512666040413,0.008307405469740087,0.11561860053253172,0.0,0.0,0.9898612782708933,0.015837760393056594,0.02161612604928155,4.0,0.0,1.8646006170923974,0.0,1.9726703528390102,-0.011335739880604304,0.07615621684057348,3,1.760045082041424e-07,0,0.0,0,0,0,0.0,0.0,0.0,0,0,0.0,0,0,0.0,0,0,0,0.0,0,0.0,0.0,0.0,0.0,0,0,0.0,0.0,0.8,0.0,0,0,0.0,0,0.0,0,no_tissue,efficient2,0.0,0.0,0.0,0.0,0.0,0.0,efficient2,0.0,0.0,0,0.0,0.0,0.6.2-M1.1,720,0.9863862971318567,0.12846632996561327,0,0,0.0,0,0,0,0,0,0,0,0.0,0.0,0.0006036025000000072,0.0033702624999999986,0.00010836249999999792,1,720,0.003973865000000005,2.5518614372221995,0,0.0,0.000495240000000005,0,0,0.0,0.0,0,0.003370262500000003,1152,0.0,0.0,0.000495240000000005,0.0,0.0,0,0,0,0.7287321247511208,0.9041726679524583,0.9906750595671769,0.9711808752889759,0.0,0.5252546810029175,0.0034401168114092267,0.0,0.0,0,0,1,0,0.0,demand,0.0,0.0,0.000575,0.0,0.0,0.0016492625000000044,0.0,0.0,0.000495,0.0,0.0,0,0,0,0,0.0,0.0,0.0,0.6.3-NG1.0,0.0003224400000000083,7.489583333333239e-07,1,0.0,0.0,1,1,40.00000000000063,0.25,native,0,0.0,none,0.0,0.0,0.0,0,0,0,0.0,0,0.6-P1.1,0,0,0,0.0,0.0,0,0,4,1.0824677425781237,0.012153539732010785,cue_reversal,"[0.0, 0.0, 0.0, 0.0, 0.0, 0.0, 0.0, 0.0]",0,0,0.0,0.0,0.11464041324345711,full,0.0,0.0,0.0,0.017568046469739845,6,0,0.0,0,0,0.0,0.0,0,0,0.11315764201340069,3,7.386437491074519,3.471578299661643,0.7670094350967649,0,0.6-P2.2,2,0,0,0,0.0,440,0.0,0.0,conditional,0.6-P0.2,1,0.0,1,0.0,0.5070834370440295,0.0,23.592739690093776,0.24988825757575825,0.5070834370440295,0.999553030303033,0.48908343704402946,0.8327625752441965,0.8954770307564712,0.00017280000000000022,0.002719262500000004,0,0,0.0,0.0,0,0.058236422955684555,0,40.0,303,0.0,0.1,pulsed,0,150.0,0,registered-holdout,17.119282953595537,0.7670094350967649,2.656395673751831,5.1911191707498805e-05
0.0,40.00000000000063,0.009684000384231263,5.0,0.7,0.5,conditional,1.0,periodic,1,3,0.6.4-AB1.1,registered-holdout,0,SOMA-CELL 0.6.4,4.3093738571352125,1,0,0,conditional_0.50,0.1692501206814832,0.9186380596005294,0.11428571428571428,0.11428571428571428,0.11428571428571428,0,0,0.0,0,0,0.0,0.0,0,0,0.04190447622951438,0,0,0,0.0,0,0,0.0,0,0,0,0,0,0,0,0.0,0.0,0.0,0.0,off,0.0,0,0.6.1-D1.4,0.0,0,0,0,720,0.0006463246884678635,0.37884889794343624,0.47129178259225196,0.04720258958094255,0.30662279975431234,0.0,0.0,0,0.0,0,0,0.0,0,patchy,,0.0,0.0,0.9437057095543445,0.0,0.0,0.47474493332907086,0,0,True,0.05555555555555555,0,0,0.0,0.0,0,0.0,0,0,0.0,0.0,0,0,0.0,0,0.0,0.0,0,0.0,0.0,0,0.0,0,0.0,0,0.0,0,0,0,0.0,full,0,0,0.0,0,0.6-F2.0,0,0,0,0.0,0.6923228215268372,1,1,0,0,0,0,boundary,,720,0,0,29.884887751467197,-1.5616837576004627e-05,-1.5616837576004627e-05,0.011569828314418731,0,624,0,0.00016364536914547154,0.0,0.2450334511736484,0.0,0.7171176363391579,0.9872697985118177,0.011569828314418731,0.04091983731667282,12.0,1.156982831441873,39.0,624.0,0.019568250674335673,0.0,5.241751550236889e-15,1.6891493239621853,0.00776480291730694,0.11790116538426273,0.0,0.0,0.9905999079170076,0.015849538995332122,0.012846823837998641,4.0,0.0,1.877440559573317,0.0,1.9810760578236577,-0.002788572683295441,0.11907658871708922,3,5.394056529090175e-08,0,0.0,0,0,0,0.0,0.0,0.0,0,0,0.0,0,0,0.0,0,0,0,0.0,0,0.0,0.0,0.0,0.0,0,0,0.0,0.0,0.8,0.0,0,0,0.0,0,0.0,0,no_tissue,efficient2,0.0,0.0,0.0,0.0,0.0,0.0,efficient2,0.0,0.0,0,0.0,0.0,0.6.2-M1.1,720,0.9872697985118177,0.1588381116286303,0,0,0.0,0,0,0,0,0,0,0,0.0,0.0,0.0006068647777777851,0.010380265277777821,0.0001116247777777757,1,720,0.010987130055555568,0.6466500845000559,0,0.0,0.000495240000000005,0,0,0.0,0.0,0,0.01038026527777755,1152,0.0,0.0,0.000495240000000005,0.0,0.0,0,0,0,0.7226165720057846,0.9164430047015805,0.9887895352909217,0.9709671683122051,0.0,0.5348255436672329,0.0030541208829873035,0.0,0.0,0,0,1,0,0.0,demand,0.0,0.0,0.00115,0.0,0.0,0.006599265277777553,0.0,0.0,0.00198,0.0,0.0,0,0,0,0,0.0,0.0,0.0,0.6.3-NG1.0,0.0003224400000000083,7.489583333333239e-07,1,0.0,0.0,1,1,40.00000000000063,0.5,native,0,0.0,none,0.0,0.0,0.0,0,0,0,0.0,0,0.6-P1.1,0,0,0,0.0,0.0,0,0,4,1.0903159996157685,0.005448497965215374,cue_reversal,"[0.0, 0.0, 0.0, 0.0, 0.0, 0.0, 0.0, 0.0]",0,0,0.0,0.0,0.11555310601945927,full,0.0,0.0,0.0,0.009720667860028813,6,0,0.0,0,0,0.0,0.0,0,0,0.10861844920896285,3,7.332693143135409,3.4412055409750755,0.8511242656796699,0,0.6-P2.2,2,0,0,0,0.0,440,0.0,0.0,conditional,0.6-P0.2,1,0.004289265277777551,1,0.7884678819444028,0.4852755362730467,0.0,22.76110783439858,0.5,0.4852755362730467,1.0,0.4672755362730467,0.8148536870359869,0.8882822004111683,0.00017280000000000022,0.00544,0,0,0.0,0.0,0,0.05928592890654873,0,40.0,303,0.0,0.1,pulsed,0,150.0,0,registered-holdout,17.11729425041581,0.8511242656796699,2.690368890762329,2.880997329900159e-05
0.0,40.00000000000063,0.01777993217686836,5.0,0.7,0.75,conditional,1.0,periodic,1,3,0.6.4-AB1.1,registered-holdout,0,SOMA-CELL 0.6.4,4.270134649213792,1,0,0,conditional_0.75,0.2926929895762404,0.9127835744757311,0.11428571428571428,0.11428571428571428,0.11428571428571428,0,0,0.0,0,0,0.0,0.0,0,0,0.04186522413556978,0,0,0,0.0,0,0,0.0,0,0,0,0,0,0,0,0.0,0.0,0.0,0.0,off,0.0,0,0.6.1-D1.4,0.0,0,0,0,720,0.0006437802145836365,0.3796054973530682,0.47316526934215253,0.04523241662467419,0.3082710009142435,0.0,0.0,0,0.0,0,0,0.0,0,patchy,,0.0,0.0,0.9087920425415319,0.0,0.0,0.456078717637338,0,0,True,0.05555555555555555,0,0,0.0,0.0,0,0.0,0,0,0.0,0.0,0,0,0.0,0,0.0,0.0,0,0.0,0.0,0,0.0,0,0.0,0,0.0,0,0,0,0.0,full,0,0,0.0,0,0.6-F2.0,0,0,0,0.0,0.6479760064255489,1,1,0,0,0,0,boundary,,720,0,0,29.25991204067636,-1.5796969584869203e-05,-1.5796969584869203e-05,0.014538980829428776,0,624,0,0.00019212894313853934,0.0,0.24488025676502814,0.0,0.7154547417801872,0.9860908627925608,0.014538980829428776,0.04779047598183386,12.0,1.4538980829428776,39.0,624.0,0.02133288776829243,0.0,1.3232807227286698e-16,1.6827494477891098,0.00848895496466116,0.11536234236436081,0.0,0.0,0.9895275623251562,0.015840994880905897,0.023269131773175765,4.0,0.0,1.8629506293515459,0.0,1.9707603339519228,-0.014610710906440874,0.09330004615924938,3,5.129007336476147e-08,0,0.0,0,0,0,0.0,0.0,0.0,0,0,0.0,0,0,0.0,0,0,0,0.0,0,0.0,0.0,0.0,0.0,0,0,0.0,0.0,0.8,0.0,0,0,0.0,0,0.0,0,no_tissue,efficient2,0.0,0.0,0.0,0.0,0.0,0.0,efficient2,0.0,0.0,0,0.0,0.0,0.6.2-M1.1,720,0.9860908627925608,0.11913020274800364,0,0,0.0,0,0,0,0,0,0,0,0.0,0.0,0.0006034457222222294,0.01095526388888897,0.00010820572222222012,1,720,0.011558709611111198,0.3380966725556154,0,0.0,0.000495240000000005,0,0,0.0,0.0,0,0.01095526388888866,1152,0.0,0.0,0.000495240000000005,0.0,0.0,0,0,0,0.7290607761004761,0.90093234407131,0.9908751811976191,0.9685953686693133,0.0,0.5227272283756217,0.0034142673627340606,0.0,0.0,0,0,1,0,0.0,demand,0.0,0.0,0.001725,0.0,0.0,0.006599263888888663,0.0,0.0,0.00198,0.0,0.0,0,0,0,0,0.0,0.0,0.0,0.6.3-NG1.0,0.0003224400000000083,7.489583333333239e-07,1,0.0,0.0,1,1,40.00000000000063,0.75,native,0,0.0,none,0.0,0.0,0.0,0,0,0,0.0,0,0.6-P1.1,0,0,0,0.0,0.0,0,0,4,1.0822200678231313,0.013298695811246024,cue_reversal,"[0.0, 0.0, 0.0, 0.0, 0.0, 0.0, 0.0, 0.0]",0,0,0.0,0.0,0.11564096129758218,full,0.0,0.0,0.0,0.0178168327745025,6,0,0.0,0,0,0.0,0.0,0,0,0.11334082859361685,3,7.377039775349062,3.480912853000265,0.7670693085759184,0,0.6-P2.2,2,0,0,0,0.0,440,0.0,0.0,conditional,0.6-P0.2,1,0.0021442638888886645,1,0.7883323120914202,0.5069956614928224,0.0,23.592739690093776,0.75,0.5069956614928224,1.0,0.48899566149282236,0.8345991037836868,0.8953225599337876,0.00017280000000000022,0.008159999999999999,0,0,0.0,0.0,0,0.05835919324936828,0,40.0,303,0.0,0.1,pulsed,0,150.0,0,registered-holdout,17.119099387927783,0.7670693085759184,2.6588473320007324,2.8558425359759276e-05
0.0,40.00000000000063,0.015483326878694198,5.0,0.7,0.85,conditional,1.0,periodic,1,3,0.6.4-AB1.1,registered-holdout,0,SOMA-CELL 0.6.4,4.264787596023126,1,0,0,conditional_0.85,0.2489280382595508,0.9207747771343672,0.11428571428571428,0.11428571428571428,0.11428571428571428,0,0,0.0,0,0,0.0,0.0,0,0,0.0407202894596933,0,0,0,0.0,0,0,0.0,0,0,0,0,0,0,0,0.0,0.0,0.0,0.0,off,0.0,0,0.6.1-D1.4,0.0,0,0,0,720,0.0006427651913681605,0.3809739252893878,0.466830259661617,0.05479834949098428,0.29831563601706296,0.0,0.0,0,0.0,0,0,0.0,0,patchy,,0.0,0.0,0.8663886884083973,0.0,0.0,0.4312850974617345,0,0,True,0.05555555555555555,0,0,0.0,0.0,0,0.0,0,0,0.0,0.0,0,0,0.0,0,0.0,0.0,0,0.0,0.0,0,0.0,0,0.0,0,0.0,0,0,0,0.0,full,0,0,0.0,0,0.6-F2.0,0,0,0,0.0,0.591448964758497,1,1,0,0,0,0,boundary,,720,0,0,28.515408602044584,-1.6766743318186172e-05,-1.6766743318186172e-05,0.014875045097092744,0,624,0,0.00021908752615644935,0.0,0.244746284458835,0.0,0.7111486202762605,0.9849974910987854,0.014875045097092744,0.05139610443450272,12.0,1.4875045097092743,39.0,624.0,0.022700384178035837,0.0,2.7258239399435553e-15,1.6721565697371572,0.009161324194620492,0.11268868353513428,0.0,0.0,0.9885059938882088,0.015813320650026826,0.021069792997963938,4.0,0.0,1.8321266032528565,0.0,1.9516478638095636,-0.008926681938590954,0.1666158244593674,5,4.946563737297457e-08,0,0.0,0,0,0,0.0,0.0,0.0,0,0,0.0,0,0,0.0,0,0,0,0.0,0,0.0,0.0,0.0,0.0,0,0,0.0,0.0,0.8,0.0,0,0,0.0,0,0.0,0,no_tissue,efficient2,0.0,0.0,0.0,0.0,0.0,0.0,efficient2,0.0,0.0,0,0.0,0.0,0.6.2-M1.1,720,0.9849974910987854,0.12824727011843715,0,0,0.0,0,0,0,0,0,0,0,0.0,0.0,0.0005954860000000067,0.01118525694444452,0.00010024599999999794,1,720,0.011780742944444528,0.2141959100556206,0,0.0,0.000495240000000005,0,0,0.0,0.0,0,0.011185256944444215,1152,0.0,0.0,0.000495240000000005,0.0,0.0,0,0,0,0.7248395151374158,0.8678898939831505,0.9931844001712665,0.9713944087888392,0.0,0.4969541173068574,0.004406691227021237,0.0,0.0,0,0,1,0,0.0,demand,0.0,0.0,0.0019549999999999997,0.0,0.0,0.006599256944444217,0.0,0.0,0.00198,0.0,0.0,0,0,0,0,0.0,0.0,0.0,0.6.3-NG1.0,0.0003224400000000083,7.489583333333239e-07,1,0.0,0.0,1,1,40.00000000000063,0.85,native,0,0.0,none,0.0,0.0,0.0,0,0,0,0.0,0,0.6-P1.1,0,0,0,0.0,0.0,0,0,4,1.0845166731213056,0.011120169492207505,cue_reversal,"[0.0, 0.0, 0.0, 0.0, 0.0, 0.0, 0.0, 0.0]",0,0,0.0,0.0,0.1258393683552801,full,0.0,0.0,0.0,0.015517616379114517,6,0,0.0,0,0,0.0,0.0,0,0,0.11236362590587252,3,7.433566470843525,3.4717957345788975,0.7196619453765138,0,0.6-P2.2,2,0,0,0,0.0,440,0.0,0.0,conditional,0.6-P0.2,1,0.0012862569444442168,1,0.7881476375270929,0.5440760607442361,0.0,25.71714954740452,0.8499999999999999,0.5440760607442361,1.0,0.5260760607442361,0.844780863534056,0.8814208774166952,0.00017280000000000022,0.009248,0,0,0.0,0.0,0,0.054743711131082874,0,40.0,303,0.0,0.1,pulsed,0,150.0,0,registered-holdout,17.121055162975253,0.7196619453765138,2.6689062118530273,2.8875792788235488e-05
0.0,40.00000000000063,0.015925269096061876,5.0,0.7,0.9,conditional,1.0,periodic,1,3,0.6.4-AB1.1,registered-holdout,0,SOMA-CELL 0.6.4,4.2767662863732125,1,0,0,conditional_0.90,0.26123815470718054,0.9245382031309629,0.11428571428571428,0.11428571428571428,0.11428571428571428,0,0,0.0,0,0,0.0,0.0,0,0,0.04206819268070931,0,0,0,0.0,0,0,0.0,0,0,0,0,0,0,0,0.0,0.0,0.0,0.0,off,0.0,0,0.6.1-D1.4,0.0,0,0,0,720,0.0006422910489390863,0.37906154621476357,0.4625933107985559,0.058992860371844605,0.29493231927290353,0.0,0.0,0,0.0,0,0,0.0,0,patchy,,0.0,0.0,0.9206316419483591,0.0,0.0,0.4584654779993775,0,0,True,0.05555555555555555,0,0,0.0,0.0,0,0.0,0,0,0.0,0.0,0,0,0.0,0,0.0,0.0,0,0.0,0.0,0,0.0,0,0.0,0,0.0,0,0,0,0.0,full,0,0,0.0,0,0.6-F2.0,0,0,0,0.0,0.6599099061583165,1,1,0,0,0,0,boundary,,720,0,0,29.719408561451257,-1.569780931731657e-05,-1.569780931731657e-05,0.014424477945804714,0,624,0,0.0001990373660467517,0.0,0.24485175048062294,0.0,0.7132740266074544,0.9859444836679887,0.014424477945804714,0.049259304634073825,12.0,1.4424477945804715,39.0,624.0,0.021481299014154957,0.0,8.917796601987362e-15,1.6792695098646468,0.00857892761274242,0.11759847237667989,0.0,0.0,0.9891059899797147,0.015814339004425963,0.021715260166341167,4.0,0.0,1.8482136644579679,0.0,1.9620635482987159,-0.009133787515369906,0.1829149878649845,5,5.14517845161319e-08,0,0.0,0,0,0,0.0,0.0,0.0,0,0,0.0,0,0,0.0,0,0,0,0.0,0,0.0,0.0,0.0,0.0,0,0,0.0,0.0,0.8,0.0,0,0,0.0,0,0.0,0,no_tissue,efficient2,0.0,0.0,0.0,0.0,0.0,0.0,efficient2,0.0,0.0,0,0.0,0.0,0.6.2-M1.1,720,0.9859444836679887,0.12857190979459593,0,0,0.0,0,0,0,0,0,0,0,0.0,0.0,0.0006017753888888959,0.0113002597222223,0.00010653538888888679,1,720,0.011902035111111197,0.14982774044450559,0,0.0,0.000495240000000005,0,0,0.0,0.0,0,0.011300259722221994,1152,0.0,0.0,0.000495240000000005,0.0,0.0,0,0,0,0.7091225101253644,0.896773024215829,0.9902493237369795,0.9717895854226697,0.0,0.5194829588883467,0.0033706864595719355,0.0,0.0,0,0,1,0,0.0,demand,0.0,0.0,0.0020700000000000002,0.0,0.0,0.006599259722221995,0.0,0.0,0.00198,0.0,0.0,0,0,0,0,0.0,0.0,0.0,0.6.3-NG1.0,0.0003224400000000083,7.489583333333239e-07,1,0.0,0.0,1,1,40.00000000000063,0.9,native,0,0.0,none,0.0,0.0,0.0,0,0,0,0.0,0,0.6-P1.1,0,0,0,0.0,0.0,0,0,4,1.084074730903938,0.011525099716960136,cue_reversal,"[0.0, 0.0, 0.0, 0.0, 0.0, 0.0, 0.0, 0.0]",0,0,0.0,0.0,0.11978712598881888,full,0.0,0.0,0.0,0.015962483381723416,6,0,0.0,0,0,0.0,0.0,0,0,0.10927946113632253,3,7.365105760700511,3.471470775065811,0.7884446016672508,0,0.6-P2.2,2,0,0,0,0.0,440,0.0,0.0,conditional,0.6-P0.2,1,0.0008572597222219949,1,0.7879225388069803,0.5045929493180245,0.0,24.012359510308265,0.9000000000000001,0.5045929493180245,1.0,0.48659294931802444,0.8109901815149249,0.8755083343363069,0.00017280000000000022,0.009792,0,0,0.0,0.0,0,0.05737985121486726,0,40.0,303,0.0,0.1,pulsed,0,150.0,0,registered-holdout,17.118049194991833,0.7884446016672508,2.652303457260132,2.8844449182260923e-05
0.0,40.00000000000063,0.01712577193025668,5.0,0.7,0.95,conditional,1.0,periodic,1,3,0.6.4-AB1.1,registered-holdout,0,SOMA-CELL 0.6.4,4.277754130524888,1,0,0,conditional_0.95,0.29155079932775035,0.9125906627446273,0.11428571428571428,0.11428571428571428,0.11428571428571428,0,0,0.0,0,0,0.0,0.0,0,0,0.041252736691920144,0,0,0,0.0,0,0,0.0,0,0,0,0,0,0,0,0.0,0.0,0.0,0.0,off,0.0,0,0.6.1-D1.4,0.0,0,0,1,720,0.006120600535877704,0.37323920428047613,0.4680986460361447,0.04787020057754443,0.30870762043118277,0.0,0.0,0,0.0,0,0,0.0,0,patchy,,0.0,0.0,0.89278067223491,0.0,0.0,0.4465309253739118,0,0,True,0.05555555555555555,0,0,0.0,0.0,0,0.0,0,0,0.0,0.0,0,0,0.0,0,0.0,0.0,0,0.0,0.0,0,0.0,0,0.0,0,0.0,0,0,0,1.0,full,305,305,0.0,0,0.6-F2.0,0,0,1,0.0,0.6183639779094123,1,1,0,0,0,0,boundary,,720,0,0,28.895938860488574,-1.6209837323089005e-05,-1.6209837323089005e-05,0.014073341578204088,0,624,0,0.00020072952791056305,0.0,0.24483966327021445,0.0,0.7124468507626457,0.9857345888156644,0.014073341578204088,0.04703449701555541,12.0,1.4073341578204088,39.0,624.0,0.02176440263928869,0.0,4.0348503428142836e-16,1.673524422202373,0.00870796382727105,0.11393543541170872,0.0,0.0,0.9892573635407149,0.015798008627627508,0.0198042737919101,4.0,0.0,1.8436921234446126,0.0,1.9589014381455505,-0.015274576009587466,0.10821453691337014,3,1.6224074366270333e-07,0,0.0,0,0,0,0.0,0.0,0.0,0,0,0.0,0,0,0.0,0,0,0,1.0,0,0.0,0.0,0.0,0.0,0,0,1.0,0.0,0.8,0.0,0,0,0.0,0,0.0,2,no_tissue,efficient2,0.0009800000000000002,0.0,0.0007200000000000002,0.0,0.00026000000000000003,0.0,efficient2,0.0,0.0,6,0.00468,0.0,0.6.2-M1.1,720,0.9857345888156644,0.1402860619707677,0,0,0.0,0,0,0,0,0,0,0,0.0,0.0,0.07043176534158198,0.02181525833333341,0.007114911860728529,4,2625,0.09224702367491538,3.3268534584096976,83,0.06774346562385236,0.006651503561055944,304,0,0.05266346562385233,0.0,304,0.010737142629278692,1766,0.057343465623852355,0.010400000000000001,0.005973387857001399,0.0006781157040545453,0.0,0,1,0,0.731490975682005,0.8882758482121231,0.9920018507288126,0.9693633041308009,0.0,0.512855161605456,0.004530697374805991,0.0009800000000000002,0.0,0,0,0,1,0.0007200000000000002,demand,0.0,0.0021,8.5e-05,0.0021,0.0064,0.00019925833333323765,0.0064,0.0019,8.00000000000001e-05,0.0019,0.00026000000000000003,0,0,0,0,0.0,0.0,0.0,0.6.3-NG1.0,0.0003224400000000083,7.489583333333239e-07,1,16.888888888888864,0.05555555555555555,1,1,40.00000000000063,0.95,native,0,0.0,none,0.0,0.0,0.0,0,0,0,0.0,0,0.6-P1.1,0,0,0,0.0,16.888888888888864,0,0,4,1.0828742280697434,0.010459764632034768,cue_reversal,"[0.0225, 0.0225, 0.0225, 0.0225, 0.0225, 0.0225, 0.0225, 0.0225]",0,2,0.0026090886366662517,0.06453486584587884,0.1238357457450236,full,0.2043706161265836,0.0008481478570012053,0.0006781157040545442,0.01716077269392786,6,180,0.0,305,305,0.01746963997117318,0.012178323051929838,288,14,0.11044861827231671,3,7.406651342665501,3.4597568303462247,0.758615039116509,0,0.6-P2.2,2,1,0,1,0.0,440,0.0,0.0,conditional,0.6-P0.2,1,0.0,1,0.0,0.5159646303220962,0.0,24.012359510308265,0.030190656565642068,0.5159646303220962,0.031779638490149545,0.49796463032209615,0.8443395472600709,0.8952165198719909,0.00017280000000000022,0.00036425833333323776,0,0,0.0,0.0,0,0.056871943818617925,0,40.0,303,0.0,0.1,pulsed,0,150.0,0,registered-holdout,17.119817203841265,0.758615039116509,4.280017614364624,4.938788303836261e-05
0.0,40.00000000000063,0.016460095108371167,5.0,0.7,1.0,conditional,1.0,periodic,1,3,0.6.4-AB1.1,registered-holdout,0,SOMA-CELL 0.6.4,4.280333404010294,1,0,0,conditional_1.00,0.2755033241112633,0.923800369074458,0.11428571428571428,0.11428571428571428,0.11428571428571428,0,0,0.0,0,0,0.0,0.0,0,0,0.041602878174648465,0,0,0,0.0,0,0,0.0,0,0,0,0,0,0,0,0.0,0.0,0.0,0.0,off,0.0,0,0.6.1-D1.4,0.0,0,0,1,720,0.006117616091224489,0.4125994037506919,0.4831419716338305,0.06727514372015285,0.2844535845113676,0.0,0.0,0,0.0,0,0,0.0,0,patchy,,0.0,0.0,0.9151281639597901,0.0,0.0,0.4582817302745519,0,0,True,0.05555555555555555,0,0,0.0,0.0,0,0.0,0,0,0.0,0.0,0,0,0.0,0,0.0,0.0,0,0.0,0.0,0,0.0,0,0.0,0,0.0,0,0,0,1.0,full,310,310,0.0,0,0.6-F2.0,0,0,1,0.0,0.6469785713105155,1,1,0,0,0,0,boundary,,720,0,0,29.25146905251715,-1.6092249932597724e-05,-1.6092249932597724e-05,0.013565146856833629,0,624,0,0.00020038835033576638,0.0,0.24484208437369787,0.0,0.7133995996173752,0.9857868249302655,0.013565146856833629,0.047344079501368895,12.0,1.3565146856833628,39.0,624.0,0.021628675750465128,0.0,6.134129900894452e-15,1.6772849175762328,0.008675848273201996,0.11564427785563781,0.0,0.0,0.9891515748603514,0.015989535873483545,0.017244419780703152,4.0,0.0,1.8482846014312313,0.0,1.962198799830341,-0.017253358235324763,0.16707860309200032,5,1.567999374542409e-07,0,0.0,0,0,0,0.0,0.0,0.0,0,0,0.0,0,0,0.0,0,0,0,1.0,0,0.0,0.0,0.0,0.0,0,0,1.0,0.0,0.8,0.0,0,0,0.0,0,0.0,2,no_tissue,efficient2,0.0009800000000000002,0.0,0.0007200000000000002,0.0,0.00026000000000000003,0.0,efficient2,0.0,0.0,6,0.00468,0.0,0.6.2-M1.1,720,0.9857868249302655,0.13844111187579083,0,0,0.0,0,0,0,0,0,0,0,0.0,0.0,0.07296221665308612,0.0219302597222223,0.007120346838316433,4,2655,0.09489247637530843,3.3535201221205426,87,0.07027098377652559,0.006647234451191512,309,0,0.05519098377652555,0.0,309,0.010853911309275033,1776,0.05987098377652558,0.010400000000000001,0.005970886038244416,0.0006763484129470957,0.0,0,1,0,0.7162033791971913,0.8874370978419183,0.9911030873820807,0.9709209191939515,0.0,0.5122009363166964,0.004522329320128055,0.0009800000000000002,0.0,0,0,0,1,0.0007200000000000002,demand,0.0,0.0021,0.0002000000000000001,0.0021,0.0064,0.00019925972222212913,0.0064,0.0019,8.00000000000001e-05,0.0019,0.00026000000000000003,0,0,0,0,0.0,0.0,0.0,0.6.3-NG1.0,0.0003224400000000083,7.489583333333239e-07,1,17.16666666666665,0.05555555555555555,1,1,40.00000000000063,1.0,native,0,0.0,none,0.0,0.0,0.0,0,0,0,0.0,0,0.6-P1.1,0,0,0,0.0,17.16666666666665,0,0,4,1.0835399048916285,0.00820137560568617,cue_reversal,"[0.0225, 0.0225, 0.0225, 0.0225, 0.0225, 0.0225, 0.0225, 0.0225]",0,2,0.006389408407166798,0.06494496722794382,0.1281956429468736,full,0.2035411968604535,0.0008456460382442385,0.0006763484129470964,0.016497526587358705,6,180,0.0,310,310,0.01689308096940197,0.01211377298162099,288,14,0.11120539752830454,3,7.378036791165332,3.4616016431923464,0.7853822517073188,0,0.6-P2.2,2,1,0,1,0.0,440,0.0,0.0,conditional,0.6-P0.2,1,0.0,1,1.0,0.5085492982558009,0.0,24.012359510308265,0.030190867003352898,0.5085492982558009,0.030190867003352898,0.49054929825580085,0.8282690736468522,0.8823494800765476,0.00017280000000000022,0.0004792597222221293,0,0,0.0,0.0,0,0.05636259491662347,0,40.0,303,0.0,0.1,pulsed,0,150.0,0,registered-holdout,17.11863990721939,0.7853822517073188,4.272768497467041,4.8785875679649426e-05
0.0,30.000000000000348,0.24000288036630588,2.5,0.0,0.95,conditional,1.0,single,0,0,0.6.4-AB1.1,stable-moving-patch,0,SOMA-CELL 0.6.4,6.019796751243198,1,0,0,conditional,0.8418752527268267,0.9071083220630826,0.11428571428571428,0.11428571428571428,0.11428571428571428,0,0,0.0,0,0,0.0,0.0,0,0,0.06773832890991636,0,0,0,0.0,0,0,0.0,0,0,0,0,0,0,0,0.0,0.0,0.0,0.0,off,0.0,0,0.6.1-D1.4,0.0,0,0,0,540,0.005000058494939232,0.20994256122054827,0.37308588544113225,0.18558003264135672,0.37783216832175237,0.0,0.0,0,0.0,0,0,0.0,0,patchy,,0.0,0.05118639613626281,3.432914893702684,0.6592818814700727,0.0,1.8465305226112785,0,0,True,0.05555555555555555,0,0,0.0,0.0,0,0.0,0,0,0.0,0.0,0,0,0.0,0,0.0,0.0,0,0.0,0.0,0,0.0,0,0.0,0,0.0,0,0,0,0.0,full,0,0,0.0,0,0.6-F2.0,0,0,0,0.0,3.1406055305805674,1,1,0,0,0,0,stable,,540,0,0,29.244327482683286,-2.4737339625602317e-06,-2.4737339625602317e-06,0.0015505202422927457,0,624,0,2.580074237345368e-05,0.5662684635571203,0.9723547388915724,0.0,0.8582992823813729,0.998794786807545,0.0015505202422927457,0.0013436521367782195,12.0,0.15505202422927455,39.0,624.0,0.004538402294114061,0.0,0.5910734632827582,2.489775991471495,0.0007308727551165521,-0.02345183675273405,0.0,0.0,0.9994732055131218,0.01711064979318662,0.001484881861199565,4.0,0.0001299702212891317,2.6970768548953603,0.0,2.4227812440839287,-0.005549431461158273,-0.04378682011039198,6,5.891975867171166e-05,0,0.0,0,0,0,0.0,0.0,0.0,0,0,0.0,0,0,0.0,0,0,0,0.0,0,0.0,0.0,0.0,0.0,0,0,0.0,0.0,0.8,0.0,0,0,0.0,0,0.0,0,no_tissue,efficient2,0.0,0.0,0.0,0.0,0.0,0.0,efficient2,0.0,0.0,0,0.0,0.0,0.6.2-M1.1,540,0.998794786807545,0.9411644037845144,0,0,0.0,0,0,0,0,0,0,0,0.0,0.0,0.000617930000000008,0.010986447222222357,0.00018,1,540,0.011604377222222365,0.01489020361112141,0,0.0,0.0004379300000000035,0,0,0.0,0.0,0,0.010986447222222126,864,0.0,0.0,0.0004379300000000035,0.0,0.0,0,0,0,7.658180270563072e-06,0.05556433381245864,0.10135172382262465,0.8201631048111058,0.0,0.018340180373717742,0.002702065081676772,0.0,0.0,0,0,1,0,0.0,demand,0.0,0.0,0.002185,0.0,0.0,0.006269697222222129,0.0,0.0,0.0018809999999999999,0.0,0.0,0,0,0,0,0.0,0.0,0.0,0.6.3-NG1.0,0.00030833000000000623,5.61458333333332e-07,1,0.0,0.0,1,1,30.000000000000348,0.95,native,0,0.0,none,0.0,0.0,0.0,0,0,0,0.0,0,0.6-P1.1,0,0,0,0.0,0.0,0,0,0,0.0,0.0,moving_patch,"[0.0, 0.0, 0.0, 0.0, 0.0, 0.0, 0.0, 0.0]",0,0,0.0,0.0,0.1679930863656009,full,0.0,0.0,0.0,0.0,1,0,0.0,0,0,0.0,0.0,0,0,0.10181265123176103,0,0.0,0.0,4.321772814731387,0,0.6-P2.2,0,0,0,0,0.0,440,0.0,0.0,conditional,0.6-P0.2,0,0.0,0,0.0,3.2424780980121265e-05,0.0004460800000000009,0.0,0.9499541245791104,-0.0004136552190198796,0.9999517100832742,-0.01841365521901988,0.0,0.04945276200620898,0.00012960000000000014,0.01033569722222213,0,0,0.0,0.0,0,0.07811495213206252,0,30.0,6201,0.0,0.1,pulsed,0,150.0,0,stable-moving-patch,9.452711644945882,4.321772814731387,2.54595685005188,0.0009577435275684582
0.0,30.000000000000348,0.23998563401931688,2.5,0.0,0.95,conditional,1.0,single,0,0,0.6.4-AB1.1,stable-moving-patch,0,SOMA-CELL 0.6.4,6.286658496205581,1,0,0,conditional,0.8474569581454509,0.9070802256501199,0.11428571428571428,0.11428571428571428,0.11428571428571428,0,0,0.0,0,0,0.0,0.0,0,0,0.06848265764252157,0,0,0,0.0,0,0,0.0,0,0,0,0,0,0,0,0.0,0.0,0.0,0.0,off,0.0,0,0.6.1-D1.4,0.0,0,0,0,540,0.004900211594067841,0.3597302344143993,0.20648812747548984,0.3388480876096473,0.20309980727024507,0.0,0.0,0,0.0,0,0,0.0,0,patchy,,0.0,0.0,3.180794501754103,0.42404867980664435,0.0,1.8941174533741045,0,0,True,0.05555555555555555,0,0,0.0,0.0,0,0.0,0,0,0.0,0.0,0,0,0.0,0,0.0,0.0,0,0.0,0.0,0,0.0,0,0.0,0,0.0,0,0,0,0.0,full,0,0,0.0,0,0.6-F2.0,0,0,0,0.0,3.200189918849581,1,1,0,0,0,0,stable,,540,0,0,29.2594772007674,-2.2604971476880564e-06,-2.2604971476880564e-06,0.0015366373868163567,0,624,0,2.5693539780993953e-05,0.5891707495535707,0.9733037098160798,0.0,0.8640464885652319,0.9987925210069759,0.0015366373868163567,0.0012760568178860788,12.0,0.15366373868163566,39.0,624.0,0.004534923799025794,0.0,0.6136929113106441,2.500377530727724,0.0007322476261528864,-0.03311003673304112,0.0,0.0,0.9994739999092502,0.01730088660571976,0.001418198186014077,4.0,0.00013045715342659662,2.7365355078981057,0.0,2.4415064555008295,-0.006771486645752403,-0.041869034638322825,6,6.201388973130608e-05,0,0.0,0,0,0,0.0,0.0,0.0,0,0,0.0,0,0,0.0,0,0,0,0.0,0,0.0,0.0,0.0,0.0,0,0,0.0,0.0,0.8,0.0,0,0,0.0,0,0.0,0,no_tissue,efficient2,0.0,0.0,0.0,0.0,0.0,0.0,efficient2,0.0,0.0,0,0.0,0.0,0.6.2-M1.1,540,0.9987925210069759,1.1763837272704327,0,0,0.0,0,0,0,0,0,0,0,0.0,0.0,0.000617930000000008,0.010986456944444582,0.00018,1,540,0.01160438694444459,0.014888123055565217,0,0.0,0.0004379300000000035,0,0,0.0,0.0,0,0.010986456944444351,864,0.0,0.0,0.0004379300000000035,0.0,0.0,0,0,0,8.366632639611485e-06,0.04525883451038774,0.08793930269780406,0.7740692144266225,0.0,0.010301890918102435,0.0025858273090817287,0.0,0.0,0,0,1,0,0.0,demand,0.0,0.0,0.002185,0.0,0.0,0.006269706944444354,0.0,0.0,0.0018809999999999999,0.0,0.0,0,0,0,0,0.0,0.0,0.0,0.6.3-NG1.0,0.00030833000000000623,5.61458333333332e-07,1,0.0,0.0,1,1,30.000000000000348,0.95,native,0,0.0,none,0.0,0.0,0.0,0,0,0,0.0,0,0.6-P1.1,0,0,0,0.0,0.0,0,0,0,0.0,0.0,moving_patch,"[0.0, 0.0, 0.0, 0.0, 0.0, 0.0, 0.0, 0.0]",0,0,0.0,0.0,0.1350096152539245,full,0.0,0.0,0.0,0.0,1,0,0.0,0,0,0.0,0.0,0,0,0.037412183755134915,0,0.0,0.0,4.61655928013933,0,0.6-P2.2,0,0,0,0,0.0,440,0.0,0.0,conditional,0.6-P0.2,0,0.0,0,0.0,3.1029927708980746e-05,0.0004460800000000009,0.0,0.949955597643084,-0.00041505007229102015,0.9999532606769306,-0.01841505007229102,0.0,0.04563080242156296,0.00012960000000000014,0.010335706944444354,0,0,0.0,0.0,0,0.07843550238947349,0,30.0,6202,0.0,0.1,pulsed,0,150.0,0,stable-moving-patch,9.467452997959683,4.61655928013933,2.5473291873931885,0.0009730062427808633
0.0,30.000000000000348,0.24000346933096606,2.5,0.0,0.95,conditional,1.0,single,0,0,0.6.4-AB1.1,stable-moving-patch,0,SOMA-CELL 0.6.4,6.306890642659093,1,0,0,conditional,0.8447562368696591,0.9072134562191424,0.11428571428571428,0.11428571428571428,0.11428571428571428,0,0,0.0,0,0,0.0,0.0,0,0,0.06857614485691399,0,0,0,0.0,0,0,0.0,0,0,0,0,0,0,0,0.0,0.0,0.0,0.0,off,0.0,0,0.6.1-D1.4,0.0,0,0,0,540,0.0049790763054729514,0.3011319915954486,0.18693645265125877,0.3293938295838162,0.25683663277555857,0.0,0.0,0,0.0,0,0,0.0,0,patchy,,0.0,0.0,3.1499528259423464,0.3940301418755749,0.0,1.8924194659256175,0,0,True,0.05555555555555555,0,0,0.0,0.0,0,0.0,0,0,0.0,0.0,0,0,0.0,0,0.0,0.0,0,0.0,0.0,0,0.0,0,0.0,0,0.0,0,0,0,0.0,full,0,0,0.0,0,0.6-F2.0,0,0,0,0.0,3.20022664470159,1,1,0,0,0,0,stable,,540,0,0,29.250494240281327,-2.2834814288330563e-06,-2.2834814288330563e-06,0.0015508111264321968,0,624,0,2.585698436545602e-05,0.5849661243626065,0.9731287029792804,0.0,0.8630675580881013,0.9987839557075707,0.0015508111264321968,0.0013390300157606302,12.0,0.15508111264321967,39.0,624.0,0.004564541633959136,0.0,0.6145494300164779,2.497034983296065,0.0007374450146976659,-0.022531834388754907,0.0,0.0,0.9994711377441626,0.01781390593781045,0.0014487770973044675,4.0,0.0001311355966336064,2.728021651526321,0.0,2.4374020599274053,-0.005947877842322386,-0.042396113256596354,6,7.453283715559628e-05,0,0.0,0,0,0,0.0,0.0,0.0,0,0,0.0,0,0,0.0,0,0,0,0.0,0,0.0,0.0,0.0,0.0,0,0,0.0,0.0,0.8,0.0,0,0,0.0,0,0.0,0,no_tissue,efficient2,0.0,0.0,0.0,0.0,0.0,0.0,efficient2,0.0,0.0,0,0.0,0.0,0.6.2-M1.1,540,0.9987839557075707,1.2064256085416836,0,0,0.0,0,0,0,0,0,0,0,0.0,0.0,0.000617930000000008,0.010986454166666803,0.00018,1,540,0.011604384166666811,0.014888710555565397,0,0.0,0.0004379300000000035,0,0,0.0,0.0,0,0.010986454166666573,864,0.0,0.0,0.0004379300000000035,0.0,0.0,0,0,0,6.931170135937478e-06,0.046455370540785745,0.0954704568933723,0.7735320285689923,0.0,0.011235189021812884,0.0026920595117874736,0.0,0.0,0,0,1,0,0.0,demand,0.0,0.0,0.002185,0.0,0.0,0.006269704166666576,0.0,0.0,0.0018809999999999999,0.0,0.0,0,0,0,0,0.0,0.0,0.0,0.6.3-NG1.0,0.00030833000000000623,5.61458333333332e-07,1,0.0,0.0,1,1,30.000000000000348,0.95,native,0,0.0,none,0.0,0.0,0.0,0,0,0,0.0,0,0.6-P1.1,0,0,0,0.0,0.0,0,0,0,0.0,0.0,moving_patch,"[0.0, 0.0, 0.0, 0.0, 0.0, 0.0, 0.0, 0.0]",0,0,0.0,0.0,0.07677932470991333,full,0.0,0.0,0.0,0.0,1,0,0.0,0,0,0.0,0.0,0,0,0.03305906066605243,0,0.0,0.0,4.6466557225742395,0,0.6-P2.2,0,0,0,0,0.0,440,0.0,0.0,conditional,0.6-P0.2,0,0.0,0,0.0,3.2304714141449685e-05,0.0004460800000000009,0.0,0.949955176767663,-0.0004137752858585512,0.9999528176501716,-0.01841377528585855,0.0,0.043041434371788014,0.00012960000000000014,0.010335704166666576,0,0,0.0,0.0,0,0.07856605192225517,0,30.0,6203,0.0,0.1,pulsed,0,150.0,0,stable-moving-patch,9.45684346860144,4.6466557225742395,2.5399129390716553,0.001099060485323336
0.0,30.000000000000348,0.23999793195883215,2.5,0.0,0.95,conditional,1.0,single,0,0,0.6.4-AB1.1,stable-moving-patch,0,SOMA-CELL 0.6.4,6.208016399238343,1,0,0,conditional,0.8429676666401407,0.9070747199420168,0.11428571428571428,0.11428571428571428,0.11428571428571428,0,0,0.0,0,0,0.0,0.0,0,0,0.06833473589445217,0,0,0,0.0,0,0,0.0,0,0,0,0,0,0,0,0.0,0.0,0.0,0.0,off,0.0,0,0.6.1-D1.4,0.0,0,0,0,540,0.004915638098278222,0.4004626240421886,0.2772561693093441,0.30011194407112074,0.140598183272345,0.0,0.0,0,0.0,0,0,0.0,0,patchy,,0.0,0.0,3.2568764259880885,0.503719975170019,0.0,1.8901286544484766,0,0,True,0.05555555555555555,0,0,0.0,0.0,0,0.0,0,0,0.0,0.0,0,0,0.0,0,0.0,0.0,0,0.0,0.0,0,0.0,0,0.0,0,0.0,0,0,0,0.0,full,0,0,0.0,0,0.6-F2.0,0,0,0,0.0,3.1993383850234465,1,1,0,0,0,0,stable,,540,0,0,29.254841726819617,-2.3294637898629844e-06,-2.3294637898629844e-06,0.0015222787934366664,0,624,0,2.5500813576677585e-05,0.576263695536696,0.9727837592098101,0.0,0.863417150616578,0.9988033078729691,0.0015222787934366664,0.001203496690164489,12.0,0.15222787934366663,39.0,624.0,0.004505787713151807,0.0,0.6063911480917481,2.5069423128765838,0.000725702263525691,-0.03421994804256031,0.0,0.0,0.9994770963054147,0.016609517647230884,0.0013878317446070574,4.0,0.00012966358234117034,2.7306373894301603,0.0,2.4386235023124057,-0.005731966278974384,-0.04303587277561234,6,7.677143050712686e-05,0,0.0,0,0,0,0.0,0.0,0.0,0,0,0.0,0,0,0.0,0,0,0,0.0,0,0.0,0.0,0.0,0.0,0,0,0.0,0.0,0.8,0.0,0,0,0.0,0,0.0,0,no_tissue,efficient2,0.0,0.0,0.0,0.0,0.0,0.0,efficient2,0.0,0.0,0,0.0,0.0,0.6.2-M1.1,540,0.9988033078729691,1.0967107287633941,0,0,0.0,0,0,0,0,0,0,0,0.0,0.0,0.000617930000000008,0.010986455555555693,0.00018,1,540,0.0116043855555557,0.014888416111120862,0,0.0,0.0004379300000000035,0,0,0.0,0.0,0,0.010986455555555462,864,0.0,0.0,0.0004379300000000035,0.0,0.0,0,0,0,8.896095120869043e-06,0.06206884391453412,0.09992575264777152,0.7737581330935357,0.0,0.023413698253336612,0.0026423558573522203,0.0,0.0,0,0,1,0,0.0,demand,0.0,0.0,0.002185,0.0,0.0,0.006269705555555465,0.0,0.0,0.0018809999999999999,0.0,0.0,0,0,0,0,0.0,0.0,0.0,0.6.3-NG1.0,0.00030833000000000623,5.61458333333332e-07,1,0.0,0.0,1,1,30.000000000000348,0.95,native,0,0.0,none,0.0,0.0,0.0,0,0,0,0.0,0,0.6-P1.1,0,0,0,0.0,0.0,0,0,0,0.0,0.0,moving_patch,"[0.0, 0.0, 0.0, 0.0, 0.0, 0.0, 0.0, 0.0]",0,0,0.0,0.0,0.18165194904546983,full,0.0,0.0,0.0,0.0,1,0,0.0,0,0,0.0,0.0,0,0,0.05534132609869775,0,0.0,0.0,4.536047045745673,0,0.6-P2.2,0,0,0,0,0.0,440,0.0,0.0,conditional,0.6-P0.2,0,0.0,0,0.0,3.1708270288226644e-05,0.0004460800000000009,0.0,0.9499553872053734,-0.00041437172971177426,0.999953039163551,-0.018414371729711772,0.0,0.05679265763746418,0.00012960000000000014,0.010335705555555465,0,0,0.0,0.0,0,0.07831365003826914,0,30.0,6204,0.0,0.1,pulsed,0,150.0,0,stable-moving-patch,9.464892825226432,4.536047045745673,2.5023481845855713,0.00108419545228218
0.0,30.000000000000348,0.23999389240330446,2.5,0.0,0.95,conditional,1.0,single,0,0,0.6.4-AB1.1,stable-moving-patch,0,SOMA-CELL 0.6.4,6.234548114120089,1,0,0,conditional,0.8433284044277478,0.9071985835336831,0.11428571428571428,0.11428571428571428,0.11428571428571428,0,0,0.0,0,0,0.0,0.0,0,0,0.06845480109548668,0,0,0,0.0,0,0,0.0,0,0,0,0,0,0,0,0.0,0.0,0.0,0.0,off,0.0,0,0.6.1-D1.4,0.0,0,0,0,540,0.005023261025419177,0.24312239291979248,0.19938580940657227,0.31556236814005234,0.30565636135998525,0.0,0.0,0,0.0,0,0,0.0,0,patchy,,0.0,0.0,3.211428053784821,0.46476967501755895,0.0,1.8841787430577903,0,0,True,0.05555555555555555,0,0,0.0,0.0,0,0.0,0,0,0.0,0.0,0,0,0.0,0,0.0,0.0,0,0.0,0.0,0,0.0,0,0.0,0,0.0,0,0,0,0.0,full,0,0,0.0,0,0.6-F2.0,0,0,0,0.0,3.198967688920986,1,1,0,0,0,0,stable,,540,0,0,29.240146889210042,-2.1280021211822486e-06,-2.1280021211822486e-06,0.0015580317617589455,0,624,0,2.5713385905936038e-05,0.5729578754289467,0.9726299734729383,0.0,0.8621446186008791,0.99877825452053,0.0015580317617589455,0.0013690957459394934,12.0,0.15580317617589456,39.0,624.0,0.004581017916104291,0.0,0.60792624092313,2.5057142669175736,0.0007409044963152486,-0.023299626357171015,0.0,0.0,0.9994700945002492,0.018184400901413298,0.0014612704262095893,4.0,0.00013173567688599822,2.7200822953730928,0.0,2.4336026809596865,-0.005723510400079512,-0.043546025638326574,6,5.7786006064434164e-05,0,0.0,0,0,0,0.0,0.0,0.0,0,0,0.0,0,0,0.0,0,0,0,0.0,0,0.0,0.0,0.0,0.0,0,0,0.0,0.0,0.8,0.0,0,0,0.0,0,0.0,0,no_tissue,efficient2,0.0,0.0,0.0,0.0,0.0,0.0,efficient2,0.0,0.0,0,0.0,0.0,0.6.2-M1.1,540,0.99877825452053,1.1356625220914414,0,0,0.0,0,0,0,0,0,0,0,0.0,0.0,0.000617930000000008,0.010986452777777914,0.00018,1,540,0.011604382777777922,0.014889006388898821,0,0.0,0.0004379300000000035,0,0,0.0,0.0,0,0.010986452777777683,864,0.0,0.0,0.0004379300000000035,0.0,0.0,0,0,0,6.297908060504575e-06,0.05157357256605449,0.10010341190985592,0.7750453254817873,0.0,0.015227386601522508,0.002695000173514259,0.0,0.0,0,0,1,0,0.0,demand,0.0,0.0,0.002185,0.0,0.0,0.006269702777777686,0.0,0.0,0.0018809999999999999,0.0,0.0,0,0,0,0,0.0,0.0,0.0,0.6.3-NG1.0,0.00030833000000000623,5.61458333333332e-07,1,0.0,0.0,1,1,30.000000000000348,0.95,native,0,0.0,none,0.0,0.0,0.0,0,0,0,0.0,0,0.6-P1.1,0,0,0,0.0,0.0,0,0,0,0.0,0.0,moving_patch,"[0.0, 0.0, 0.0, 0.0, 0.0, 0.0, 0.0, 0.0]",0,0,0.0,0.0,0.018472670898558297,full,0.0,0.0,0.0,0.0,1,0,0.0,0,0,0.0,0.0,0,0,0.055226569172064886,0,0.0,0.0,4.574624103415732,0,0.6-P2.2,0,0,0,0,0.0,440,0.0,0.0,conditional,0.6-P0.2,0,0.0,0,0.0,3.2340002082171104e-05,0.0004460800000000009,0.0,0.9499549663299525,-0.0004137399979178298,0.9999525961367921,-0.01841373999791783,0.0,0.04661531412595995,0.00012960000000000014,0.010335702777777686,0,0,0.0,0.0,0,0.07859521213591997,0,30.0,6205,0.0,0.1,pulsed,0,150.0,0,stable-moving-patch,9.44597616790491,4.574624103415732,2.481915235519409,0.0009566748600139396
0.0,30.000000000000348,0.23999814383552812,2.5,0.0,0.95,conditional,1.0,single,0,0,0.6.4-AB1.1,stable-moving-patch,0,SOMA-CELL 0.6.4,5.983397872472644,1,0,0,conditional,0.8437340681716108,0.9071322908955866,0.11428571428571428,0.11428571428571428,0.11428571428571428,0,0,0.0,0,0,0.0,0.0,0,0,0.06732934794501505,0,0,0,0.0,0,0,0.0,0,0,0,0,0,0,0,0.0,0.0,0.0,0.0,off,0.0,0,0.6.1-D1.4,0.0,0,0,0,540,0.004970671096114696,0.4268773617227726,0.47047889699438233,0.10217047691123712,0.2505292735748168,0.0,0.0,0,0.0,0,0,0.0,0,patchy,,0.0,0.09045337155170097,3.4696554663915364,0.6777562028314128,0.0,1.8259690990297877,0,0,True,0.05555555555555555,0,0,0.0,0.0,0,0.0,0,0,0.0,0.0,0,0,0.0,0,0.0,0.0,0,0.0,0.0,0,0.0,0,0.0,0,0.0,0,0,0,0.0,full,0,0,0.0,0,0.6-F2.0,0,0,0,0.0,3.10395887253063,1,1,0,0,0,0,stable,,540,0,0,29.243444043537153,-2.1246687715859025e-06,-2.1246687715859025e-06,0.0015469271101071443,0,624,0,2.597548974006523e-05,0.5607605734660128,0.9721200067666104,0.0,0.8559889740310266,0.9988029489652449,0.0015469271101071443,0.001334861777435612,12.0,0.15469271101071444,39.0,624.0,0.00451995981305651,0.0,0.5889257707542404,2.474902004944955,0.0007259200440139142,-0.03557053021301608,0.0,0.0,0.9994739288041392,0.016655249752407845,0.0014939160000392803,4.0,0.00012904831732564787,2.6821102642073713,0.0,2.415708229191499,-0.006250349314972602,-0.04428830012898601,6,4.618041039290039e-05,0,0.0,0,0,0,0.0,0.0,0.0,0,0,0.0,0,0,0.0,0,0,0,0.0,0,0.0,0.0,0.0,0.0,0,0,0.0,0.0,0.8,0.0,0,0,0.0,0,0.0,0,no_tissue,efficient2,0.0,0.0,0.0,0.0,0.0,0.0,efficient2,0.0,0.0,0,0.0,0.0,0.6.2-M1.1,540,0.9988029489652449,0.9226863452687656,0,0,0.0,0,0,0,0,0,0,0,0.0,0.0,0.000617930000000008,0.0109864416666668,0.00018,1,540,0.011604371666666807,0.014891423055566228,0,0.0,0.0004379300000000035,0,0,0.0,0.0,0,0.010986441666666569,864,0.0,0.0,0.0004379300000000035,0.0,0.0,0,0,0,7.654268044826445e-06,0.053624527560492505,0.10581010392476782,0.9460931147919874,0.0,0.016827131497184157,0.00271024811448636,0.0,0.0,0,0,1,0,0.0,demand,0.0,0.0,0.002185,0.0,0.0,0.006269691666666572,0.0,0.0,0.0018809999999999999,0.0,0.0,0,0,0,0,0.0,0.0,0.0,0.6.3-NG1.0,0.00030833000000000623,5.61458333333332e-07,1,0.0,0.0,1,1,30.000000000000348,0.95,native,0,0.0,none,0.0,0.0,0.0,0,0,0,0.0,0,0.6-P1.1,0,0,0,0.0,0.0,0,0,0,0.0,0.0,moving_patch,"[0.0, 0.0, 0.0, 0.0, 0.0, 0.0, 0.0, 0.0]",0,0,0.0,0.0,0.29236995643472485,full,0.0,0.0,0.0,0.0,1,0,0.0,0,0,0.0,0.0,0,0,0.11785577826368034,0,0.0,0.0,4.266643361634924,0,0.6-P2.2,0,0,0,0,0.0,440,0.0,0.0,conditional,0.6-P0.2,0,0.0,0,0.0,3.252297737383632e-05,0.0004460800000000009,0.0,0.9499532828282684,-0.00041355702262616456,0.9999508240297563,-0.018413557022626162,0.0,0.05134058129868877,0.00012960000000000014,0.010335691666666572,0,0,0.0,0.0,0,0.0778047736825279,0,30.0,6206,0.0,0.1,pulsed,0,150.0,0,stable-moving-patch,9.45305333886418,4.266643361634924,2.5432515144348145,0.0008522898674257623
0.0,30.000000000000348,0.24000768233664566,2.5,0.0,0.95,conditional,1.0,single,0,0,0.6.4-AB1.1,stable-moving-patch,0,SOMA-CELL 0.6.4,6.250525920357699,1,0,0,conditional,0.8426539436383281,0.9070268228974692,0.11428571428571428,0.11428571428571428,0.11428571428571428,0,0,0.0,0,0,0.0,0.0,0,0,0.06829742055819349,0,0,0,0.0,0,0,0.0,0,0,0,0,0,0,0,0.0,0.0,0.0,0.0,off,0.0,0,0.6.1-D1.4,0.0,0,0,0,540,0.005007278330519262,0.3907917982639722,0.23674578855304,0.33346480570032133,0.16652061568455906,0.0,0.0,0,0.0,0,0,0.0,0,patchy,,0.0,0.0,3.206123448610653,0.4571602470416102,0.0,1.8869891633374785,0,0,True,0.05555555555555555,0,0,0.0,0.0,0,0.0,0,0,0.0,0.0,0,0,0.0,0,0.0,0.0,0,0.0,0.0,0,0.0,0,0.0,0,0.0,0,0,0,0.0,full,0,0,0.0,0,0.6-F2.0,0,0,0,0.0,3.200175153965693,1,1,0,0,0,0,stable,,540,0,0,29.247678012945354,-2.388396568520079e-06,-2.388396568520079e-06,0.0015272769574900921,0,624,0,2.5502106647674545e-05,0.5765243465342084,0.972791980617946,0.0,0.8630894115307455,0.998799895484241,0.0015272769574900921,0.001228763257634056,12.0,0.1527276957490092,39.0,624.0,0.004519411691618657,0.0,0.609374486756091,2.5072799832230537,0.0007277728593048241,-0.02303020822738522,0.0,0.0,0.9994759019749725,0.016921616773230994,0.001394522741315735,4.0,0.00013005907896874799,2.728146412355021,0.0,2.4375307572961096,-0.005325101890822125,-0.04309213699896379,6,7.738814169728362e-05,0,0.0,0,0,0,0.0,0.0,0.0,0,0,0.0,0,0,0.0,0,0,0,0.0,0,0.0,0.0,0.0,0.0,0,0,0.0,0.0,0.8,0.0,0,0,0.0,0,0.0,0,no_tissue,efficient2,0.0,0.0,0.0,0.0,0.0,0.0,efficient2,0.0,0.0,0,0.0,0.0,0.6.2-M1.1,540,0.998799895484241,1.143288031472019,0,0,0.0,0,0,0,0,0,0,0,0.0,0.0,0.000617930000000008,0.010986455555555693,0.00018,1,540,0.0116043855555557,0.014888416111120862,0,0.0,0.0004379300000000035,0,0,0.0,0.0,0,0.010986455555555462,864,0.0,0.0,0.0004379300000000035,0.0,0.0,0,0,0,7.126650171949118e-06,0.05024833544497107,0.09044234590689994,0.773801197650602,0.0,0.014193701647077436,0.0024611712372170228,0.0,0.0,0,0,1,0,0.0,demand,0.0,0.0,0.002185,0.0,0.0,0.006269705555555465,0.0,0.0,0.0018809999999999999,0.0,0.0,0,0,0,0,0.0,0.0,0.0,0.6.3-NG1.0,0.00030833000000000623,5.61458333333332e-07,1,0.0,0.0,1,1,30.000000000000348,0.95,native,0,0.0,none,0.0,0.0,0.0,0,0,0,0.0,0,0.6-P1.1,0,0,0,0.0,0.0,0,0,0,0.0,0.0,moving_patch,"[0.0, 0.0, 0.0, 0.0, 0.0, 0.0, 0.0, 0.0]",0,0,0.0,0.0,0.16671794626438025,full,0.0,0.0,0.0,0.0,1,0,0.0,0,0,0.0,0.0,0,0,0.04876271626401734,0,0.0,0.0,4.583470867774357,0,0.6-P2.2,0,0,0,0,0.0,440,0.0,0.0,conditional,0.6-P0.2,0,0.0,0,0.0,2.9534054846604274e-05,0.0004460800000000009,0.0,0.9499553872053734,-0.0004165459451533966,0.999953039163551,-0.018416545945153396,0.0,0.05042047243776837,0.00012960000000000014,0.010335705555555465,0,0,0.0,0.0,0,0.07831481984421357,0,30.0,6207,0.0,0.1,pulsed,0,150.0,0,stable-moving-patch,9.456649368968352,4.583470867774357,2.546630382537842,0.0011143965903865766
0.0,30.000000000000348,0.23999048177158286,2.5,0.0,0.95,conditional,1.0,single,0,0,0.6.4-AB1.1,stable-moving-patch,0,SOMA-CELL 0.6.4,5.982295203762397,1,0,0,conditional,0.8432880848574728,0.9070231082370918,0.11428571428571428,0.11428571428571428,0.11428571428571428,0,0,0.0,0,0,0.0,0.0,0,0,0.06747613254893463,0,0,0,0.0,0,0,0.0,0,0,0,0,0,0,0,0.0,0.0,0.0,0.0,off,0.0,0,0.6.1-D1.4,0.0,0,0,0,540,0.005090257679758107,0.35015678473155404,0.4572334545889896,0.05515575446242806,0.32046031790560486,0.0,0.0,0,0.0,0,0,0.0,0,patchy,,0.0,0.06574139799577126,3.454844779763188,0.6788600151398354,0.0,1.830676371486144,0,0,True,0.05555555555555555,0,0,0.0,0.0,0,0.0,0,0,0.0,0.0,0,0,0.0,0,0.0,0.0,0,0.0,0.0,0,0.0,0,0.0,0,0.0,0,0,0,0.0,full,0,0,0.0,0,0.6-F2.0,0,0,0,0.0,3.128584098488851,1,1,0,0,0,0,stable,,540,0,0,29.233042893067132,-2.230292500016162e-06,-2.230292500016162e-06,0.0015399721910480486,0,624,0,2.5887780944527363e-05,0.5638256813515153,0.972256048706061,0.0,0.8566020522108168,0.9988089462293007,0.0015399721910480486,0.0012923266664503063,12.0,0.15399721910480485,39.0,624.0,0.004509095451691526,0.0,0.5883067926307112,2.480448848807,0.000722280993308053,-0.03548846173879086,0.0,0.0,0.9994752592762683,0.016368747632055067,0.0014761726528432593,4.0,0.00012882737432490875,2.6845118879103977,0.0,2.4168106266846663,-0.0059816163230995536,-0.044494705758569994,6,4.3091392277386163e-05,0,0.0,0,0,0,0.0,0.0,0.0,0,0,0.0,0,0,0.0,0,0,0,0.0,0,0.0,0.0,0.0,0.0,0,0,0.0,0.0,0.8,0.0,0,0,0.0,0,0.0,0,no_tissue,efficient2,0.0,0.0,0.0,0.0,0.0,0.0,efficient2,0.0,0.0,0,0.0,0.0,0.6.2-M1.1,540,0.9988089462293007,0.9215798791555057,0,0,0.0,0,0,0,0,0,0,0,0.0,0.0,0.000617930000000008,0.010986444444444578,0.00018,1,540,0.011604374444444586,0.01489081055556604,0,0.0,0.0004379300000000035,0,0,0.0,0.0,0,0.010986444444444347,864,0.0,0.0,0.0004379300000000035,0.0,0.0,0,0,0,5.600579017010006e-06,0.05559752824118354,0.10323754668497014,0.9462305787966812,0.0,0.01836607202812316,0.0028011117260996056,0.0,0.0,0,0,1,0,0.0,demand,0.0,0.0,0.002185,0.0,0.0,0.00626969444444435,0.0,0.0,0.0018809999999999999,0.0,0.0,0,0,0,0,0.0,0.0,0.0,0.6.3-NG1.0,0.00030833000000000623,5.61458333333332e-07,1,0.0,0.0,1,1,30.000000000000348,0.95,native,0,0.0,none,0.0,0.0,0.0,0,0,0,0.0,0,0.6-P1.1,0,0,0,0.0,0.0,0,0,0,0.0,0.0,moving_patch,"[0.0, 0.0, 0.0, 0.0, 0.0, 0.0, 0.0, 0.0]",0,0,0.0,0.0,0.25886774229011716,full,0.0,0.0,0.0,0.0,1,0,0.0,0,0,0.0,0.0,0,0,0.11948869079570038,0,0.0,0.0,4.290154459415939,0,0.6-P2.2,0,0,0,0,0.0,440,0.0,0.0,conditional,0.6-P0.2,0,0.0,0,0.0,3.3613340713195265e-05,0.0004460800000000009,0.0,0.9499537037036895,-0.0004124666592868056,0.9999512670565153,-0.018412466659286805,0.0,0.054663092875865744,0.00012960000000000014,0.01033569444444435,0,0,0.0,0.0,0,0.07780363854429122,0,30.0,6208,0.0,0.1,pulsed,0,150.0,0,stable-moving-patch,9.437139983525585,4.290154459415939,2.5006165504455566,0.0008198521750755472
0.0,30.000000000000348,0.23999682648971363,2.5,0.0,0.95,conditional,1.0,single,0,0,0.6.4-AB1.1,stable-moving-patch,0,SOMA-CELL 0.6.4,6.083334545253952,1,0,0,conditional,0.843325641158432,0.9071511843750453,0.11428571428571428,0.11428571428571428,0.11428571428571428,0,0,0.0,0,0,0.0,0.0,0,0,0.06800729972514723,0,0,0,0.0,0,0,0.0,0,0,0,0,0,0,0,0.0,0.0,0.0,0.0,off,0.0,0,0.6.1-D1.4,0.0,0,0,0,540,0.005067382404699713,0.4628895144009514,0.3890645570424295,0.24628577657338793,0.10469580099808222,0.0,0.0,0,0.0,0,0,0.0,0,patchy,,0.0,0.015032385754400869,3.372569581060147,0.615601948038043,0.0,1.8716957334076596,0,0,True,0.05555555555555555,0,0,0.0,0.0,0,0.0,0,0,0.0,0.0,0,0,0.0,0,0.0,0.0,0,0.0,0.0,0,0.0,0,0.0,0,0.0,0,0,0,0.0,full,0,0,0.0,0,0.6-F2.0,0,0,0,0.0,3.1779372042428404,1,1,0,0,0,0,stable,,540,0,0,29.245661198204527,-2.568529733792957e-06,-2.568529733792957e-06,0.0015268305478978409,0,624,0,2.549432827626053e-05,0.5716997998789753,0.9725929348541457,0.0,0.8606578600336198,0.9988054171799519,0.0015268305478978409,0.00122999541122913,12.0,0.15268305478978408,39.0,624.0,0.004505101853624896,0.0,0.595846931709761,2.5043295840401476,0.0007244223653632561,-0.02319879209379282,0.0,0.0,0.9994770737232158,0.016470283964397814,0.0014126685504789731,4.0,0.0001294210915581254,2.712236240820056,0.0,2.4299867473313883,-0.005835741581377585,-0.04342394359923753,6,6.799520779236997e-05,0,0.0,0,0,0,0.0,0.0,0.0,0,0,0.0,0,0,0.0,0,0,0,0.0,0,0.0,0.0,0.0,0.0,0,0,0.0,0.0,0.8,0.0,0,0,0.0,0,0.0,0,no_tissue,efficient2,0.0,0.0,0.0,0.0,0.0,0.0,efficient2,0.0,0.0,0,0.0,0.0,0.6.2-M1.1,540,0.9988054171799519,0.9848386352999907,0,0,0.0,0,0,0,0,0,0,0,0.0,0.0,0.000617930000000008,0.010986451388889025,0.00018,1,540,0.011604381388889033,0.014889303611121134,0,0.0,0.0004379300000000035,0,0,0.0,0.0,0,0.010986451388888794,864,0.0,0.0,0.0004379300000000035,0.0,0.0,0,0,0,7.1839347289062885e-06,0.06092811407744851,0.09805494172793708,0.7742310845219614,0.0,0.022523928980409842,0.002682281709618122,0.0,0.0,0,0,1,0,0.0,demand,0.0,0.0,0.002185,0.0,0.0,0.006269701388888797,0.0,0.0,0.0018809999999999999,0.0,0.0,0,0,0,0,0.0,0.0,0.0,0.6.3-NG1.0,0.00030833000000000623,5.61458333333332e-07,1,0.0,0.0,1,1,30.000000000000348,0.95,native,0,0.0,none,0.0,0.0,0.0,0,0,0,0.0,0,0.6-P1.1,0,0,0,0.0,0.0,0,0,0,0.0,0.0,moving_patch,"[0.0, 0.0, 0.0, 0.0, 0.0, 0.0, 0.0, 0.0]",0,0,0.0,0.0,0.2660419524071459,full,0.0,0.0,0.0,0.0,1,0,0.0,0,0,0.0,0.0,0,0,0.0868407816429532,0,0.0,0.0,4.402772666032545,0,0.6-P2.2,0,0,0,0,0.0,440,0.0,0.0,conditional,0.6-P0.2,0,0.0,0,0.0,3.218738051541746e-05,0.0004460800000000009,0.0,0.949954755892242,-0.00041389261948458344,0.9999523746234127,-0.018413892619484583,0.0,0.0588019732803225,0.00012960000000000014,0.010335701388888797,0,0,0.0,0.0,0,0.07813110472446536,0,30.0,6209,0.0,0.1,pulsed,0,150.0,0,stable-moving-patch,9.455904126314099,4.402772666032545,2.5154917240142822,0.0010285433691552132
0.0,30.000000000000348,0.24000758793327384,2.5,0.0,0.95,conditional,1.0,single,0,0,0.6.4-AB1.1,stable-moving-patch,0,SOMA-CELL 0.6.4,6.0911447823280875,1,0,0,conditional,0.8449216237023087,0.9071359318488538,0.11428571428571428,0.11428571428571428,0.11428571428571428,0,0,0.0,0,0,0.0,0.0,0,0,0.0682044773544504,0,0,0,0.0,0,0,0.0,0,0,0,0,0,0,0,0.0,0.0,0.0,0.0,off,0.0,0,0.6.1-D1.4,0.0,0,0,0,540,0.004985087206354512,0.4527342025495381,0.3745889356942187,0.24983418398478252,0.10471739145769168,0.0,0.0,0,0.0,0,0,0.0,0,patchy,,0.0,0.006364418128463468,3.369750957091522,0.6128915611227065,0.0,1.8822436069789747,0,0,True,0.05555555555555555,0,0,0.0,0.0,0,0.0,0,0,0.0,0.0,0,0,0.0,0,0.0,0.0,0,0.0,0.0,0,0.0,0,0.0,0,0.0,0,0,0,0.0,full,0,0,0.0,0,0.6-F2.0,0,0,0,0.0,3.1886623236057305,1,1,0,0,0,0,stable,,540,0,0,29.254227404600663,-2.5649020507501064e-06,-2.5649020507501064e-06,0.0015180316692992787,0,624,0,2.5598350934311956e-05,0.5795593230416433,0.9729216958550454,0.0,0.8631839547652986,0.9988072184773197,0.0015180316692992787,0.0011875233224475379,12.0,0.15180316692992787,39.0,624.0,0.00449947415240274,0.0,0.5977902198765459,2.500910148495713,0.0007233293652940602,-0.03391102613861066,0.0,0.0,0.9994773345392102,0.016433112856660576,0.0013768694398572266,4.0,0.00012934978639569488,2.7301592599997444,0.0,2.438507673897354,-0.006218307065405356,-0.042786182492607766,6,7.327024900496906e-05,0,0.0,0,0,0,0.0,0.0,0.0,0,0,0.0,0,0,0.0,0,0,0,0.0,0,0.0,0.0,0.0,0.0,0,0,0.0,0.0,0.8,0.0,0,0,0.0,0,0.0,0,no_tissue,efficient2,0.0,0.0,0.0,0.0,0.0,0.0,efficient2,0.0,0.0,0,0.0,0.0,0.6.2-M1.1,540,0.9988072184773197,0.9875607270096293,0,0,0.0,0,0,0,0,0,0,0,0.0,0.0,0.000617930000000008,0.010986454166666803,0.00018,1,540,0.011604384166666811,0.014888710555565397,0,0.0,0.0004379300000000035,0,0,0.0,0.0,0,0.010986454166666573,864,0.0,0.0,0.0004379300000000035,0.0,0.0,0,0,0,8.177452699432174e-06,0.05914251792795597,0.0952028855448588,0.7740448096264091,0.0,0.021131163983805656,0.0026314723694011114,0.0,0.0,0,0,1,0,0.0,demand,0.0,0.0,0.002185,0.0,0.0,0.006269704166666576,0.0,0.0,0.0018809999999999999,0.0,0.0,0,0,0,0,0.0,0.0,0.0,0.6.3-NG1.0,0.00030833000000000623,5.61458333333332e-07,1,0.0,0.0,1,1,30.000000000000348,0.95,native,0,0.0,none,0.0,0.0,0.0,0,0,0,0.0,0,0.6-P1.1,0,0,0,0.0,0.0,0,0,0,0.0,0.0,moving_patch,"[0.0, 0.0, 0.0, 0.0, 0.0, 0.0, 0.0, 0.0]",0,0,0.0,0.0,0.2532268346627622,full,0.0,0.0,0.0,0.0,1,0,0.0,0,0,0.0,0.0,0,0,0.07953221021024728,0,0.0,0.0,4.416230638548634,0,0.6-P2.2,0,0,0,0,0.0,440,0.0,0.0,conditional,0.6-P0.2,0,0.0,0,0.0,3.157766843281334e-05,0.0004460800000000009,0.0,0.949955176767663,-0.0004145023315671875,0.9999528176501716,-0.018414502331567186,0.0,0.05861347936720861,0.00012960000000000014,0.010335704166666576,0,0,0.0,0.0,0,0.07820411929779651,0,30.0,6210,0.0,0.1,pulsed,0,150.0,0,stable-moving-patch,9.460895739419609,4.416230638548634,2.5173943042755127,0.001090948890537638
0.0,30.000000000000348,0.23999291656819768,2.5,0.0,0.95,conditional,1.0,single,0,0,0.6.4-AB1.1,stable-moving-patch,0,SOMA-CELL 0.6.4,6.247168661847442,1,0,0,conditional,0.8434735956843836,0.9071292898092266,0.11428571428571428,0.11428571428571428,0.11428571428571428,0,0,0.0,0,0,0.0,0.0,0,0,0.06834528018756872,0,0,0,0.0,0,0,0.0,0,0,0,0,0,0,0,0.0,0.0,0.0,0.0,off,0.0,0,0.6.1-D1.4,0.0,0,0,0,540,0.0049130372772226705,0.39849017731878045,0.27055724508226825,0.30536263542227576,0.14440616523885386,0.0,0.0,0,0.0,0,0,0.0,0,patchy,,0.0,0.0,3.216198371146163,0.46312873959273954,0.0,1.890697649797383,0,0,True,0.05555555555555555,0,0,0.0,0.0,0,0.0,0,0,0.0,0.0,0,0,0.0,0,0.0,0.0,0,0.0,0.0,0,0.0,0,0.0,0,0.0,0,0,0,0.0,full,0,0,0.0,0,0.6-F2.0,0,0,0,0.0,3.2000810348650575,1,1,0,0,0,0,stable,,540,0,0,29.254714992194135,-2.3266743962579994e-06,-2.3266743962579994e-06,0.0015206238070200554,0,624,0,2.5525251447511196e-05,0.5812229997970998,0.9729881989023053,0.0,0.8640051142887576,0.9988032494603749,0.0015206238070200554,0.0011981718070584286,12.0,0.15206238070200553,39.0,624.0,0.004507576555624377,0.0,0.610004859487519,2.505672082883725,0.000725737707514334,-0.03381896571150768,0.0,0.0,0.9994769803400202,0.016656872274447374,0.0013777271334685492,4.0,0.00012972594017603806,2.735593114427177,0.0,2.4411011411589474,-0.0055880854894442234,-0.04262392458180635,6,5.674492781395786e-05,0,0.0,0,0,0,0.0,0.0,0.0,0,0,0.0,0,0,0.0,0,0,0,0.0,0,0.0,0.0,0.0,0.0,0,0,0.0,0.0,0.8,0.0,0,0,0.0,0,0.0,0,no_tissue,efficient2,0.0,0.0,0.0,0.0,0.0,0.0,efficient2,0.0,0.0,0,0.0,0.0,0.6.2-M1.1,540,0.9988032494603749,1.137317939931706,0,0,0.0,0,0,0,0,0,0,0,0.0,0.0,0.000617930000000008,0.010986455555555693,0.00018,1,540,0.0116043855555557,0.014888416111120862,0,0.0,0.0004379300000000035,0,0,0.0,0.0,0,0.010986455555555462,864,0.0,0.0,0.0004379300000000035,0.0,0.0,0,0,0,8.041973257585262e-06,0.05400888281247819,0.0896957931359,0.774610506964782,0.0,0.017126928593732986,0.002560447036522274,0.0,0.0,0,0,1,0,0.0,demand,0.0,0.0,0.002185,0.0,0.0,0.006269705555555465,0.0,0.0,0.0018809999999999999,0.0,0.0,0,0,0,0,0.0,0.0,0.0,0.6.3-NG1.0,0.00030833000000000623,5.61458333333332e-07,1,0.0,0.0,1,1,30.000000000000348,0.95,native,0,0.0,none,0.0,0.0,0.0,0,0,0,0.0,0,0.6-P1.1,0,0,0,0.0,0.0,0,0,0,0.0,0.0,moving_patch,"[0.0, 0.0, 0.0, 0.0, 0.0, 0.0, 0.0, 0.0]",0,0,0.0,0.0,0.17851719368814076,full,0.0,0.0,0.0,0.0,1,0,0.0,0,0,0.0,0.0,0,0,0.049872631015966874,0,0.0,0.0,4.577391891364961,0,0.6-P2.2,0,0,0,0,0.0,440,0.0,0.0,conditional,0.6-P0.2,0,0.0,0,0.0,3.0725364438267285e-05,0.0004460800000000009,0.0,0.9499553872053734,-0.0004153546355617336,0.999953039163551,-0.018415354635561734,0.0,0.053793981181254114,0.00012960000000000014,0.010335705555555465,0,0,0.0,0.0,0,0.07833146550267614,0,30.0,6211,0.0,0.1,pulsed,0,150.0,0,stable-moving-patch,9.463367032993606,4.577391891364961,2.55907940864563,0.0009370757576748351
0.0,30.000000000000348,0.24000733997679252,2.5,0.0,0.95,conditional,1.0,single,0,0,0.6.4-AB1.1,stable-moving-patch,0,SOMA-CELL 0.6.4,6.287772325597423,1,0,0,conditional,0.8439663897327362,0.9070699084201309,0.11428571428571428,0.11428571428571428,0.11428571428571428,0,0,0.0,0,0,0.0,0.0,0,0,0.06841462538220672,0,0,0,0.0,0,0,0.0,0,0,0,0,0,0,0,0.0,0.0,0.0,0.0,off,0.0,0,0.6.1-D1.4,0.0,0,0,0,540,0.004905921564317068,0.35763987245700984,0.2109909889207729,0.3329583246022434,0.2016734116254107,0.0,0.0,0,0.0,0,0,0.0,0,patchy,,0.0,0.0,3.177901218477743,0.4246048956201411,0.0,1.8901554774705054,0,0,True,0.05555555555555555,0,0,0.0,0.0,0,0.0,0,0,0.0,0.0,0,0,0.0,0,0.0,0.0,0,0.0,0.0,0,0.0,0,0.0,0,0.0,0,0,0,0.0,full,0,0,0.0,0,0.6-F2.0,0,0,0,0.0,3.2001716963666373,1,1,0,0,0,0,stable,,540,0,0,29.25434140279033,-2.3721395212561447e-06,-2.3721395212561447e-06,0.0015365979085326029,0,624,0,2.556187434948101e-05,0.5785952591780188,0.9728743156242893,0.0,0.8637857843655454,0.9987919730271331,0.0015365979085326029,0.0012752535497827786,12.0,0.1536597908532603,39.0,624.0,0.00453377320760509,0.0,0.6121146825476012,2.5061905756659266,0.0007325801367393125,-0.0340549620620101,0.0,0.0,0.9994746025209011,0.017257511111823227,0.0014189980071722995,4.0,0.0001305124600535379,2.7350514630863256,0.0,2.440817413672752,-0.0059009262856112655,-0.042825297827946744,6,5.821542064243182e-05,0,0.0,0,0,0,0.0,0.0,0.0,0,0,0.0,0,0,0.0,0,0,0,0.0,0,0.0,0.0,0.0,0.0,0,0,0.0,0.0,0.8,0.0,0,0,0.0,0,0.0,0,no_tissue,efficient2,0.0,0.0,0.0,0.0,0.0,0.0,efficient2,0.0,0.0,0,0.0,0.0,0.6.2-M1.1,540,0.9987919730271331,1.1758538800959548,0,0,0.0,0,0,0,0,0,0,0,0.0,0.0,0.000617930000000008,0.010986455555555693,0.00018,1,540,0.0116043855555557,0.014888416111120862,0,0.0,0.0004379300000000035,0,0,0.0,0.0,0,0.010986455555555462,864,0.0,0.0,0.0004379300000000035,0.0,0.0,0,0,0,8.562641686475637e-06,0.046869775392461274,0.09141887454348246,0.7745682763706417,0.0,0.011558424806119794,0.002564964998638937,0.0,0.0,0,0,1,0,0.0,demand,0.0,0.0,0.002185,0.0,0.0,0.006269705555555465,0.0,0.0,0.0018809999999999999,0.0,0.0,0,0,0,0,0.0,0.0,0.0,0.6.3-NG1.0,0.00030833000000000623,5.61458333333332e-07,1,0.0,0.0,1,1,30.000000000000348,0.95,native,0,0.0,none,0.0,0.0,0.0,0,0,0,0.0,0,0.6-P1.1,0,0,0,0.0,0.0,0,0,0,0.0,0.0,moving_patch,"[0.0, 0.0, 0.0, 0.0, 0.0, 0.0, 0.0, 0.0]",0,0,0.0,0.0,0.13297022235659217,full,0.0,0.0,0.0,0.0,1,0,0.0,0,0,0.0,0.0,0,0,0.037325099575526016,0,0.0,0.0,4.6160329164393845,0,0.6-P2.2,0,0,0,0,0.0,440,0.0,0.0,conditional,0.6-P0.2,0,0.0,0,0.0,3.0779579983667244e-05,0.0004460800000000009,0.0,0.9499553872053734,-0.00041530042001633363,0.999953039163551,-0.018415300420016333,0.0,0.045717882008855286,0.00012960000000000014,0.010335705555555465,0,0,0.0,0.0,0,0.07844050944206729,0,30.0,6212,0.0,0.1,pulsed,0,150.0,0,stable-moving-patch,9.465673544075166,4.6160329164393845,2.5195629596710205,0.000948172796847252
0.0,60.0000000000012,0.005713027792292708,5.0,0.7,0.95,conditional,1.0,periodic,1,5,0.6.4-AB1.1,registered-holdout,0,SOMA-CELL 0.6.4,3.9110849225601996,1,0,0,conditional,0.10787161251864984,0.2401930657867561,0.11428571428571428,0.11428571428571428,0.11428571428571428,0,0,0.0,0,0,0.0,0.0,0,0,0.0451607467149923,0,0,0,0.0,0,0,0.0,0,0,0,0,0,0,0,0.0,0.0,0.0,0.0,off,0.0,0,0.6.1-D1.4,0.0,0,0,0,1080,0.006299406667598454,0.2378780076454157,0.13967281969966852,0.38474424350024927,0.35235022768274576,0.0,0.0,0,0.0,0,0,0.0,0,patchy,,0.0,0.0,0.5135947148014017,0.0,0.0,0.14205187081072404,0,0,True,0.05555555555555555,0,0,0.0,0.0,0,0.0,0,0,0.0,0.0,0,0,0.0,0,0.0,0.0,0,0.0,0.0,0,0.0,0,0.0,0,0.0,0,0,0,0.0,full,697,697,0.0,0,0.6-F2.0,0,0,0,0.0,0.013324877561277995,1,1,0,0,0,0,holdout,,1080,0,0,27.164998802150755,-1.566327875934803e-05,-1.566327875934803e-05,0.03619939108426134,0,624,0,0.0019407430627320114,0.0,0.24099164171071732,0.0,0.6492237401978084,0.9579182491283292,0.03619939108426134,0.08978373742724105,12.0,3.619939108426134,39.0,624.0,0.05836504698433215,0.0,6.416054606883476e-39,1.4930487989605874,0.026056266419165603,0.055253447522459996,0.0,0.0,0.9539646113753446,0.01791718665282609,0.01805183566197336,4.0,0.0,1.3785988194280872,0.0,1.6264704592574772,-0.00048378283436217775,0.012405732679785671,0,3.756392486150657e-08,0,0.0,0,0,0,0.0,0.0,0.0,0,0,0.0,0,0,0.0,0,0,0,0.0,0,0.0,0.0,0.0,0.0,0,0,0.0,0.0,0.8,0.0,0,0,0.0,0,0.0,0,no_tissue,efficient2,0.0,0.0,0.0,0.0,0.0,0.0,efficient2,0.0,0.0,0,0.0,0.0,0.6.2-M1.1,1080,0.9579182491283292,0.00898429485552118,0,0,0.0,0,0,0,0,0,0,0,0.0,0.0,0.06747886977778009,0.021236738888888808,6.0158611111111926e-05,1,5201,0.0887156086666689,8.61413662482182,191,0.07153318136092464,0.006918467847188356,590,0,0.0,0.0,0,0.000735369444444444,2827,0.06128249663870251,0.019719116125222886,0.006136214527966994,0.0007822533192213622,0.0,3,1,1,0.7328786130622676,0.8844190367781135,0.9942110362884363,0.9905510116672444,0.0,0.5098468486869285,2.3799747265957014e-06,0.001506000000000001,0.0,0,0,0,0,0.0009360000000000002,demand,0.0,0.0021,8.5e-05,0.0021,0.006269684722222125,0.0,0.006269684722222125,0.0018809999999999999,0.0,0.0018809999999999999,0.0005700000000000008,2,1,1,1,0.0,0.0060870250422569005,0.009468431403000762,0.6.3-NG1.0,0.0003501625555555798,2.7604166666666754e-07,0,38.66666666666726,0.05555555555555555,1,1,60.0000000000012,0.95,native,0,0.0,none,0.0,0.0,0.0,0,0,0,0.0,0,0.6-P1.1,0,0,0,0.0,0.0,0,0,5,1.0942870844914938,0.0007555819226888003,cue_reversal,"[0.0, 0.0, 0.0, 0.0, 0.0, 0.0, 0.0, 0.0]",0,0,0.0,0.0,0.12180374457062806,full,0.0,0.0,0.0,0.005750476448893694,9,0,0.0,697,697,0.0,0.0,0,0,0.12737009979078093,5,8.011693142351431,3.5910659355461427,0.022271723760198186,0,0.6-P2.2,3,1,0,0,0.0,440,0.0,0.0,conditional,0.6-P0.2,1,0.0,1,0.0,0.45140969691913374,0.0,21.111111111111544,0.0,0.45140969691913374,0.0,0.4334096969191337,0.8549360737339895,0.8909401349199232,0.00013920000000000016,8.5e-05,0,0,0.0,0.0,0,0.034623164360264115,0,60.0,6101,0.0,0.1,pulsed,0,150.0,0,registered-holdout,17.12172579975067,0.022271723760198186,7.383676528930664,4.743305580276469e-05
0.0,60.0000000000012,0.009569594566828002,5.0,0.7,0.95,option_no_tissue,1.0,periodic,1,5,0.6.4-AB1.1,registered-holdout,0,SOMA-CELL 0.6.4,3.9310303858186955,1,0,0,option_no_tissue,0.1728464027701854,0.4998201927238674,0.11428571428571428,0.11428571428571428,0.11428571428571428,0,0,0.0,0,0,0.0,0.0,0,0,0.046065473564436445,0,0,0,0.0,0,0,0.0,0,0,0,0,0,0,0,0.0,0.0,0.0,0.0,off,0.0,0,0.6.1-D1.4,0.0,0,0,0,1080,0.0011741975146591346,0.249736274122587,0.150240917763153,0.36633429398657896,0.3280319217825116,0.0,0.0,0,0.0,0,0,0.0,0,patchy,,0.0,0.0,0.5329306517639869,0.0,0.0,0.15698269318665486,0,0,True,0.05555555555555555,0,0,0.0,0.0,0,0.0,0,0,0.0,0.0,0,0,0.0,0,0.0,0.0,0,0.0,0.0,0,0.0,0,0.0,0,0.0,0,0,0,0.0,full,0,0,0.0,0,0.6-F2.0,0,0,0,0.0,0.04819271429598228,1,1,0,0,0,0,holdout,,1080,0,0,27.433424712167152,-1.56495392964473e-05,-1.56495392964473e-05,0.03376869134650444,0,624,0,0.001786201351514116,0.0,0.24135491965513237,0.0,0.6488367973391775,0.9578018801436549,0.03376869134650444,0.0735353754244185,12.0,3.376869134650444,39.0,624.0,0.058580729755147415,0.0,1.329081881116655e-09,1.4944882649039393,0.026129895814595072,0.056069959810928674,0.0,0.0,0.9629106176083115,0.017542582899616452,0.021014473417835588,4.0,0.0,1.3904797266872242,0.0,1.6404720011372815,-0.0018636201733982854,0.0343967243662228,2,5.0603803418988435e-08,0,0.0,0,0,0,0.0,0.0,0.0,0,0,0.0,0,0,0.0,0,0,0,0.0,0,0.0,0.0,0.0,0.0,0,0,0.0,0.0,0.8,0.0,0,0,0.0,0,0.0,0,no_tissue,efficient2,0.0,0.0,0.0,0.0,0.0,0.0,efficient2,0.0,0.0,0,0.0,0.0,0.6.2-M1.1,1080,0.9578018801436549,0.010030156480829966,0,0,0.0,0,0,0,0,0,0,0,0.0,0.0,0.0011886979999999752,0.011776151666666693,0.00017645000000001416,1,1080,0.012964849666666639,0.13820621188886742,0,0.0,0.0010122479999999639,0,0,0.0,0.0,0,0.011776151666666682,1542,0.0,0.0,0.0010122479999999639,0.0,0.0,0,0,0,0.7457689640709908,0.48754532295024433,0.9996871429479596,0.9953463010222579,0.0,0.3552853519011906,0.00029638967013763173,0.0,0.0,0,0,1,0,0.0,prepared_no_tissue,0.0,0.0,0.002185,0.0,0.0,0.00626595166666669,0.0,0.0,0.0018809999999999999,0.0,0.0,0,0,0,0,0.0,0.0,0.0,0.6.3-NG1.0,0.0008274479999999594,3.147083333333371e-06,0,0.0,0.0,1,1,60.0000000000012,0.95,native,0,0.0,none,0.0,0.0,0.0,0,0,0,0.0,0,0.6-P1.1,0,0,0,0.0,0.0,0,0,5,1.090430502921093,0.002033740981784107,cue_reversal,"[0.0, 0.0, 0.0, 0.0, 0.0, 0.0, 0.0, 0.0]",0,0,0.0,0.0,0.1048657255317677,full,0.0,0.0,0.0,0.009610594144118901,9,0,0.0,0,0,0.0,0.0,0,0,0.1246670365030855,5,7.976825064481687,3.5900198410420376,0.058181871199521354,0,0.6-P2.2,3,0,0,0,0.0,440,0.0,0.0,option_no_tissue,0.6-P0.2,0,0.0,0,0.0,0.3978135147080305,0.008475519999999999,31.6666666666674,0.9493866161616198,0.3893379947080305,0.999354332801705,0.37133799470803047,0.6363236056329107,0.5234341553052364,0.00018480000000000024,0.01033195166666669,0,0,0.0,0.0,0,0.03513258212465579,0,60.0,6101,0.0,0.1,pulsed,0,150.0,0,registered-holdout,17.1212364460275,0.058181871199521354,3.9700217247009277,5.6368070469575704e-05
0.0,60.0000000000012,0.00451384613361802,5.0,0.7,1.0,always_no_tissue,1.0,periodic,1,5,0.6.4-AB1.1,registered-holdout,0,SOMA-CELL 0.6.4,3.6873242960752295,1,0,0,always_no_tissue,0.08698794545061098,0.5568053041478029,0.11428571428571428,0.11428571428571428,0.11428571428571428,0,0,0.0,0,0,0.0,0.0,0,0,0.04422829586613417,0,0,0,0.0,0,0,0.0,0,0,0,0,0,0,0,0.0,0.0,0.0,0.0,active,0.0,0,0.6.1-D1.4,0.0,0,0,0,1080,8.434193730197574e-05,0.23139168944109093,0.15471993373623566,0.3692043468187379,0.3462773363400986,0.0,0.0,0,0.0,0,0,0.0,0,patchy,,0.0,0.0,0.5015105704958724,0.0,0.0,0.1494519379855466,0,0,True,0.05555555555555555,0,0,0.0,0.0,0,0.0,0,0,0.0,0.0,0,0,0.0,0,0.0,0.0,0,0.0,0.0,0,0.0,0,0.0,0,0.0,0,0,0,0.0,full,0,0,0.0,0,0.6-F2.0,0,0,0,0.0,0.04407741059381873,1,1,0,0,0,0,holdout,,1080,0,0,28.52110944168636,-1.765420870469825e-05,-1.765420870469825e-05,0.0325160216134199,0,496,0,0.0015471038633936116,0.0,0.24158694476943093,0.0,0.6208273873795788,0.9593934847488946,0.0325160216134199,0.07313113039841906,4.0,3.2516021613419896,31.0,496.0,0.05646530809416672,0.0,5.704635090449267e-10,1.5063941241199756,0.025123624788779678,0.05786083864823461,0.0,0.0,0.9652139645547704,0.017800919839047066,0.020931020565796425,4.0,0.0,1.446595371210363,0.0,1.6740856930408767,-0.0003179180091507128,-0.0018992016575489021,0,3.2227537437227313e-09,0,0.0,0,0,0,0.0,0.0,0.0,0,0,0.0,0,0,0.0,0,0,0,0.0,0,0.0,0.0,0.0,0.0,0,0,0.0,0.0,0.8,0.0,0,0,0.0,0,0.0,0,no_tissue,efficient2,0.0,0.0,0.0,0.0,0.0,0.0,no_tissue,0.0,0.0,0,0.0,0.0,0.6.2-M1.1,1080,0.9593934847488946,0.011089572002608754,0,0,0.0,0,0,0,0,0,0,0,0.0,0.0,0.0,0.0,0.0,0,0,0.0,0.0,0,0.0,0.0,0,0,0.0,0.0,0,0.0,0,0.0,0.0,0.0,0.0,0.0,0,0,0,0.0,0.0,0.0,0.0,0.0,0.0,0.0,0.0,0.0,0,0,1,0,0.0,always_no_tissue,0.0,0.0,0.0,0.0,0.0,0.0,0.0,0.0,0.0,0.0,0.0,0,0,0,0,0.0,0.0,0.0,0.6.3-NG1.0,0.0,0.0,0,0.0,0.0,1,1,60.0000000000012,1.0,native,0,0.0,none,0.0,0.0,0.0,0,0,0,0.0,0,0.6-P1.1,0,0,0,0.0,0.0,0,0,5,1.0954861538663818,0.0028398235689930124,cue_reversal,"[0.0, 0.0, 0.0, 0.0, 0.0, 0.0, 0.0, 0.0]",0,0,0.0,0.0,0.12263832620211457,none,0.0,0.0,0.0,0.012706779499275265,9,0,0.0,0,0,0.0,0.0,0,0,0.1279110728223354,5,8.005930971078982,3.5889366599223633,0.04697404923077024,0,0.6-P2.2,3,0,0,0,0.0,440,0.0,0.0,always_no_tissue,0.6-P0.2,0,0.0,0,0.0,0.0,0.0,0.0,0.0,0.0,0.0,0.0,0.0,0.0,0.0,0.0,0,0,0.0,0.0,0,0.038190498393751895,0,60.0,6101,0.0,0.1,pulsed,0,150.0,0,registered-holdout,16.87918865143883,0.04697404923077024,3.7132174968719482,1.355572731714938e-05
0.0,60.0000000000012,0.009876381229493957,5.0,0.7,1.0,eager,1.0,periodic,1,5,0.6.4-AB1.1,registered-holdout,0,SOMA-CELL 0.6.4,3.9276848181226596,1,0,0,eager,0.17944031880250788,0.7354024261516495,0.11428571428571428,0.11428571428571428,0.11428571428571428,0,0,0.0,0,0,0.0,0.0,0,0,0.04788457175605691,0,0,0,0.0,0,0,0.0,0,0,0,0,0,0,0,0.0,0.0,0.0,0.0,off,0.0,0,0.6.1-D1.4,0.0,0,0,0,1080,0.0075042970028982,0.24956592470445538,0.11632559540890186,0.4095012090686054,0.3635102936675869,0.0,0.0,0,0.0,0,0,0.0,0,patchy,,0.0,0.0,0.5617804442863839,0.0,0.0,0.1500482548392997,0,0,True,0.05555555555555555,0,0,0.0,0.0,0,0.0,0,0,0.0,0.0,0,0,0.0,0,0.0,0.0,0,0.0,0.0,0,0.0,0,0.0,0,0.0,0,0,0,0.0,full,698,698,0.0,0,0.6-F2.0,0,0,0,0.0,0.07162728889141334,1,1,0,0,0,0,holdout,,1080,0,0,27.59799710912323,-1.603732149391135e-05,-1.603732149391135e-05,0.03947159957681452,0,624,0,0.0022992602775843834,0.0,0.24072031130367091,0.0,0.6477605030636568,0.9565094770346584,0.03947159957681452,0.0900838009923759,12.0,3.9471599576814524,39.0,624.0,0.06036597712925586,0.0,5.332533497116646e-10,1.495123026504863,0.026948231585921245,0.05618674050327561,0.0,0.0,0.9504721994415275,0.018173404839995824,0.026759930483610056,4.0,0.0,1.3682756650214345,0.0,1.6142684438445383,-0.014256633399310934,0.06418595056965148,1,4.3769163443576704e-08,0,0.0,0,0,0,0.0,0.0,0.0,0,0,0.0,0,0,0.0,0,0,0,0.0,0,0.0,0.0,0.0,0.0,0,0,0.0,0.0,0.8,0.0,0,0,0.0,0,0.0,0,no_tissue,efficient2,0.0,0.0,0.0,0.0,0.0,0.0,efficient2,0.0,0.0,0,0.0,0.0,0.6.2-M1.1,1080,0.9565094770346584,0.01576763814107409,0,0,0.0,0,0,0,0,0,0,0,0.0,0.0,0.15223322311394227,0.022720151666666695,0.0001755542666666808,1,5268,0.17495337478060893,8.721267213018212,201,0.15511469609159603,0.008143745379175615,636,0,0.0,0.0,0,0.001920151666666659,2940,0.14471469609159604,0.019999227376504704,0.007342972755680317,0.0008007726234952986,0.0,3,1,1,0.7453922979582503,0.45128233506496285,0.9996585283052439,0.9919878423697026,0.0,0.327000221350671,0.005469263935434733,0.002106000000000001,0.0,0,0,1,0,0.0015360000000000003,demand,0.0,0.0021,0.0002000000000000001,0.0021,0.0064,0.00019595166666666532,0.0064,0.0019,8.00000000000001e-05,0.0019,0.0005700000000000008,2,1,1,1,0.0,0.006410543931262414,0.0095992273765047,0.6.3-NG1.0,0.0008274479999999594,3.147083333333371e-06,0,38.72222222222282,0.05555555555555555,1,1,60.0000000000012,1.0,native,0,0.0,none,0.0,0.0,0.0,0,0,0,0.0,0,0.6-P1.1,0,0,0,0.0,0.0,0,0,5,1.0901237160119406,0.004937137065138958,cue_reversal,"[0.0, 0.0, 0.0, 0.0, 0.0, 0.0, 0.0, 0.0]",0,0,0.0,0.0,0.11284135158130983,full,0.0,0.0,0.0,0.009917948603083145,9,0,0.0,698,698,0.0,0.0,0,0,0.12165337438873153,5,7.953390400228614,3.584282258899167,0.08735335965889825,0,0.6-P2.2,3,1,0,0,0.0,440,0.0,0.0,eager,0.6-P0.2,1,0.0,0,1.0,0.40918217233323445,0.0089216,31.388888888889614,0.029689646464646263,0.4002605723332345,0.029689646464646263,0.38226057233323446,0.659739178336132,0.5430750546451324,0.00018360000000000023,0.0004759516666666655,0,0,0.0,0.0,0,0.034777270072131466,0,60.0,6101,0.0,0.1,pulsed,0,150.0,0,registered-holdout,17.117261637548765,0.08735335965889825,7.594202280044556,5.8170912338381675e-05
0.0,60.0000000000012,0.006245347296826706,5.0,0.7,1.0,always_efficient2,1.0,periodic,1,5,0.6.4-AB1.1,registered-holdout,0,SOMA-CELL 0.6.4,3.9291253112588675,1,0,0,always_efficient2,0.11652250370803476,0.6555966596978077,0.11428571428571428,0.11428571428571428,0.11428571428571428,0,0,0.0,0,0,0.0,0.0,0,0,0.04614322551414532,0,0,0,0.0,0,0,0.0,0,0,0,0,0,0,0,0.0,0.0,0.0,0.0,off,0.0,0,0.6.1-D1.4,0.0,0,0,1,1080,0.011677232352367352,0.21362654563763653,0.16695522480745772,0.3651461553966318,0.35884461942514995,0.0,0.0,0,0.0,0,0,0.0,0,patchy,,0.0,0.0,0.54357899363715,0.0,0.0,0.14964590707490613,0,0,True,0.05555555555555555,0,0,0.0,0.0,0,0.0,0,0,0.0,0.0,0,13,0.0,13,0.78,0.78,0,0.0,0.0,0,3.083422222222216e-05,1,6.306999999999988e-05,0,0.0,0,0,0,1.0,full,1080,1080,0.0,0,0.6-F2.0,8,0,1,0.0,0.059159492197402956,1,1,0,0,0,0,holdout,,1080,0,0,27.143301671378552,-1.544345057169494e-05,-1.544345057169494e-05,0.033677732851292885,0,624,0,0.001842246076269058,0.0,0.24131830424797324,0.0,0.6481165310349783,0.9576010165768198,0.033677732851292885,0.0729864162405605,12.0,3.3677732851292888,39.0,624.0,0.05879937346191104,0.0,2.013305711435975e-09,1.4882674833691467,0.026257007970169288,0.055233303535569246,0.0,0.0,0.9624066547432971,0.01780772214194656,0.019571309000118095,4.0,0.0,1.386265072547692,0.0,1.6373054738634363,-0.0005237256395562144,0.03935819044350765,0,8.468036140907211e-09,0,0.0,0,0,0,0.0,0.0,0.0,0,0,0.0,0,0,0.0,0,0,0,1.0,0,0.0,0.0,0.0,0.0,0,0,1.0,0.0,0.8,0.0,0,0,0.0,0,0.0,2,no_tissue,efficient2,0.0012006160000000024,1.2600000000000002e-06,0.0,0.0,0.0012006160000000024,1.2600000000000002e-06,efficient2,0.0,0.0,0,0.0,0.0,0.6.2-M1.1,1080,0.9576010165768198,0.013118234459659633,0,0,0.0,0,0,0,0,0,0,0,0.0,0.0,0.018688847121705328,0.027127302189279435,0.007081295892605792,3,5505,0.04581614931098474,0.9111571099482787,244,6.585814382506928e-05,0.01276806347074988,572,0,6.585814382506928e-05,0.0,1080,0.025900931803804237,3241,6.585814382506928e-05,0.0,0.01154169308527466,0.0012263703854752208,0.0,0,1,0,0.0,0.0,0.0,0.0,0.0,0.0,0.0,0.0012006160000000024,1.2600000000000002e-06,1,0,0,0,0.0,always_efficient2,0.0,0.0,0.0,0.0,0.0,0.0,0.0,0.0,0.0,0.0,0.0012006160000000024,0,0,0,0,0.0,0.0,0.0,0.6.3-NG1.0,0.0,0.0,0,0.0,0.0,1,1,60.0000000000012,1.0,native,0,0.0,none,0.0,0.0,0.0,0,0,0,0.0,0,0.6-P1.1,0,0,0,0.0,31.777777777778176,0,0,5,1.093754652703173,0.0007668061614385445,cue_reversal,"[0.0225, 0.0225, 0.0225, 0.0225, 0.0225, 0.0225, 0.0225, 0.0225]",0,0,0.007732319414393641,0.0,0.12023040689088826,full,0.3377159132691442,0.0014828747492334766,0.0012263703854752213,0.006282082886844628,9,0,2.2222222222218235,1080,1080,0.0,0.009101778066290329,1139,32,0.12274482351117898,5,7.965855235519649,3.586924456206229,0.07224099106704465,0,0.6-P2.2,3,1,0,1,2.7564799348024345e-05,440,0.0,0.0,always_efficient2,0.6-P0.2,0,0.0,0,0.0,0.0,0.0,0.0,0.0,0.0,0.0,0.0,0.0,0.0,0.0,0.0,0,0,0.0,0.0,0,0.034216805653950605,0,60.0,6101,0.0,0.1,pulsed,0,150.0,0,registered-holdout,17.11923864932507,0.07224099106704465,10.869519472122192,3.689526166394952e-05
0.0,60.0000000000012,0.011681792948681732,5.0,0.7,1.0,random_cost_matched,1.0,periodic,1,5,0.6.4-AB1.1,registered-holdout,0,SOMA-CELL 0.6.4,3.9270925835809987,1,0,0,random_cost_matched,0.20575330304515216,0.6374072372208011,0.11428571428571428,0.11428571428571428,0.11428571428571428,0,0,0.0,0,0,0.0,0.0,0,0,0.0469243061283728,0,0,0,0.0,0,0,0.0,0,0,0,0,0,0,0,0.0,0.0,0.0,0.0,off,0.0,0,0.6.1-D1.4,0.0,0,0,0,1080,0.0011735648386715825,0.22782681288302564,0.14131060141890106,0.3903006077112697,0.36551086684901823,0.0,0.0,0,0.0,0,0,0.0,0,patchy,,0.0,0.0,0.5443807350069941,0.0,0.0,0.1475054693805281,0,0,True,0.05555555555555555,0,0,0.0,0.0,0,0.0,0,0,0.0,0.0,0,0,0.0,0,0.0,0.0,0,0.0,0.0,0,0.0,0,0.0,0,0.0,0,0,0,0.0,full,0,0,0.0,0,0.6-F2.0,0,0,0,0.0,0.05120159998956016,1,1,0,0,0,0,holdout,,1080,0,0,27.540931058296664,-1.579462737666404e-05,-1.579462737666404e-05,0.035533907033443266,0,624,0,0.0018968669319203927,0.0,0.24122268178768458,0.0,0.6481395208507772,0.9569667269079718,0.035533907033443266,0.07494954734123495,12.0,3.5533907033443266,39.0,624.0,0.05979619792722364,0.0,4.548991130878253e-35,1.4942822662685897,0.026658579548393697,0.05598232550479243,0.0,0.0,0.9615327376458874,0.018070317767619734,0.02604360272514543,4.0,0.0,1.385646389684627,0.0,1.6347621304512332,-0.014001562742896097,0.046226022150483624,0,4.078964186560302e-08,0,0.0,0,0,0,0.0,0.0,0.0,0,0,0.0,0,0,0.0,0,0,0,0.0,0,0.0,0.0,0.0,0.0,0,0,0.0,0.0,0.8,0.0,0,0,0.0,0,0.0,0,no_tissue,efficient2,0.0,0.0,0.0,0.0,0.0,0.0,efficient2,0.0,0.0,0,0.0,0.0,0.6.2-M1.1,1080,0.9569667269079718,0.014745096613609631,0,0,0.0,0,0,0,0,0,0,0,0.0,0.0,0.0011886979999999752,0.012320151666666695,0.00017645000000001416,1,1080,0.01350884966666664,0.13876521188886742,0,0.0,0.0010122479999999639,0,0,0.0,0.0,0,0.012320151666666682,1542,0.0,0.0,0.0010122479999999639,0.0,0.0,0,0,0,0.7457075750819758,0.5098450004071181,0.9996825846362712,0.9865284779158533,0.0,0.37267910031755214,0.002558740093804576,0.0,0.0,0,0,1,0,0.0,random_cost_matched,0.0,0.0,0.0023,0.0,0.0,0.006595951666666691,0.0,0.0,0.00198,0.0,0.0,0,0,0,0,0.0,0.0,0.0,0.6.3-NG1.0,0.0008274479999999594,3.147083333333371e-06,0,0.0,0.0,1,1,60.0000000000012,1.0,native,0,0.0,none,0.0,0.0,0.0,0,0,0,0.0,0,0.6-P1.1,0,0,0,0.0,0.0,0,0,5,1.0883183042927527,0.004937168311230146,cue_reversal,"[0.0, 0.0, 0.0, 0.0, 0.0, 0.0, 0.0, 0.0]",0,0,0.0,0.0,0.13447275134727543,full,0.0,0.0,0.0,0.01172298089368266,9,0,0.0,0,0,0.0,0.0,0,0,0.12628185528555538,5,7.973816089130468,3.585304420998043,0.06590550865816885,0,0.6-P2.2,3,0,0,0,0.0,440,0.0,0.0,random_cost_matched,0.6-P0.2,1,0.0,0,1.0,0.40622092661136355,0.0089216,31.6666666666674,0.9993866161616198,0.3972993266113636,0.9993866161616198,0.37929932661136356,0.6430483539383552,0.5344608180660901,0.00018480000000000024,0.01087595166666669,1,0,0.0,0.0,0,0.03523060292449295,0,60.0,6101,0.0,0.1,pulsed,0,150.0,0,registered-holdout,17.118912133009253,0.06590550865816885,3.9235990047454834,5.8170912338381675e-05
0.0,60.0000000000012,0.016672301969293823,5.0,0.7,0.95,conditional,1.0,periodic,1,5,0.6.4-AB1.1,registered-holdout,0,SOMA-CELL 0.6.4,4.08072537888982,1,0,0,conditional,0.28105778234147943,0.932387207233979,0.11428571428571428,0.11428571428571428,0.11428571428571428,0,0,0.0,0,0,0.0,0.0,0,0,0.05118913018499149,0,0,0,0.0,0,0,0.0,0,0,0,0,0,0,0,0.0,0.0,0.0,0.0,off,0.0,0,0.6.1-D1.4,0.0,0,0,0,1080,0.005748834112604087,0.4580411418194991,0.36755979797988697,0.26455126832043546,0.09211889633324893,0.0,0.0,0,0.0,0,0,0.0,0,patchy,,0.0,0.0,0.7405620739456877,0.0,0.0,0.21528515760799444,0,0,True,0.05555555555555555,0,0,0.0,0.0,0,0.0,0,0,0.0,0.0,0,0,0.0,0,0.0,0.0,0,0.0,0.0,0,0.0,0,0.0,0,0.0,0,0,0,0.0,full,313,313,0.0,0,0.6-F2.0,0,0,0,0.0,0.39138592564855446,1,1,0,0,0,0,holdout,,1080,0,0,29.888577818991173,-1.9831640369005754e-05,-1.9831640369005754e-05,0.035097883590399725,0,624,0,0.002063047386518794,0.0,0.2413420474430989,0.0,0.6849018271783971,0.9613962130216627,0.035097883590399725,0.07471049052774462,12.0,3.5097883590399723,39.0,624.0,0.05404305981882366,0.0,3.280684585340769e-08,1.5996928973629632,0.023859795487712204,0.061118179895982845,0.0,0.0,0.9554785862727485,0.015471533239916253,0.022614350382806313,4.0,0.0,1.6078421254013109,0.0,1.7590091498446343,-0.018066928600552635,0.04568508648813326,2,1.4028399073498132e-07,0,0.0,0,0,0,0.0,0.0,0.0,0,0,0.0,0,0,0.0,0,0,0,0.0,0,0.0,0.0,0.0,0.0,0,0,0.0,0.0,0.8,0.0,0,0,0.0,0,0.0,0,no_tissue,efficient2,0.0,0.0,0.0,0.0,0.0,0.0,efficient2,0.0,0.0,0,0.0,0.0,0.6.2-M1.1,1080,0.9613962130216627,0.033199848995678696,0,0,0.0,0,0,0,0,0,0,0,0.0,0.0,0.12653942753959674,0.021815231944444513,6.424133333333219e-05,1,3033,0.14835465948404128,5.786386137990776,168,0.13129095319937814,0.006171562461437076,312,0,0.0,0.0,0,0.0010152319444444154,2095,0.12089095319937815,0.020212670545448588,0.005584233006885661,0.0005873294545514152,0.0,3,1,0,0.7147581002397447,0.8605440400431978,0.993366417289547,0.950904336522522,0.0,0.4912243512336944,0.0005268175616187872,0.0008760000000000002,0.0,0,0,1,0,0.0006160000000000001,demand,0.0,0.0021,8.5e-05,0.0021,0.0064,0.00019873194444441737,0.0064,0.0019,8.00000000000001e-05,0.0019,0.00026000000000000003,1,1,0,1,0.0,0.00773741325781929,0.009812670545448585,0.6.3-NG1.0,0.00035066000000001245,1.1239583333333076e-06,0,17.33333333333332,0.05555555555555555,1,1,60.0000000000012,0.95,native,0,0.0,none,0.0,0.0,0.0,0,0,0,0.0,0,0.6-P1.1,0,0,0,0.0,0.0,0,0,5,1.0833283538529168,0.00780012736487457,cue_reversal,"[0.0, 0.0, 0.0, 0.0, 0.0, 0.0, 0.0, 0.0]",0,0,0.0,0.0,0.09993611608670258,full,0.0,0.0,0.0,0.025474251545545428,9,0,0.0,313,313,0.0,0.0,0,0,0.11642795791584475,5,7.63363154834522,3.5668494932672323,0.4157838250679815,0,0.6-P2.2,3,1,0,0,0.0,440,0.0,0.0,conditional,0.6-P0.2,1,0.0,1,0.0,0.5780205787490937,0.0,27.50000000000052,0.03011090067339657,0.5780205787490937,0.031695684919364815,0.5600205787490937,0.846592560981248,0.8757791771793081,0.00015360000000000018,0.0003637319444444175,0,0,0.0,0.0,0,0.04347374372040182,0,60.0,6102,0.0,0.1,pulsed,0,150.0,0,registered-holdout,17.105096848300875,0.4157838250679815,5.6575398445129395,5.5626737219760525e-05
0.0,60.0000000000012,0.0233848697015201,5.0,0.7,0.95,option_no_tissue,1.0,periodic,1,5,0.6.4-AB1.1,registered-holdout,0,SOMA-CELL 0.6.4,4.231694231978457,1,0,0,option_no_tissue,0.3690145304506658,0.9347340504520328,0.11428571428571428,0.11428571428571428,0.11428571428571428,0,0,0.0,0,0,0.0,0.0,0,0,0.05543903046378349,0,0,0,0.0,0,0,0.0,0,0,0,0,0,0,0,0.0,0.0,0.0,0.0,off,0.0,0,0.6.1-D1.4,0.0,0,0,0,1080,0.001210299905371288,0.5277637341895468,0.4128111522068574,0.311368051572848,0.04503944716501647,0.0,0.0,0,0.0,0,0,0.0,0,patchy,,0.0,0.0,0.9193599279918032,0.0,0.0,0.27138722690498673,0,0,True,0.05555555555555555,0,0,0.0,0.0,0,0.0,0,0,0.0,0.0,0,0,0.0,0,0.0,0.0,0,0.0,0.0,0,0.0,0,0.0,0,0.0,0,0,0,0.0,full,0,0,0.0,0,0.6-F2.0,0,0,0,0.0,0.6419081648241782,1,1,0,0,0,0,holdout,,1080,0,0,33.510094122176184,-1.904521966977768e-05,-1.904521966977768e-05,0.029503262005127172,0,624,0,0.0010910812665735048,0.0,0.24233012176175875,0.0,0.702855389084055,0.9655058583944979,0.029503262005127172,0.07102043918644702,12.0,2.950326200512717,39.0,624.0,0.04864058172952612,0.0,1.360563300723685e-08,1.6500322118607882,0.021274611758031036,0.06896903536691056,0.0,0.0,0.9707409789137516,0.015829694307158672,0.025969472755116584,4.0,0.0,1.7493918640767425,0.0,1.8554823300966239,-0.017605672959964937,0.08103343285121994,19,2.149181564094567e-07,0,0.0,0,0,0,0.0,0.0,0.0,0,0,0.0,0,0,0.0,0,0,0,0.0,0,0.0,0.0,0.0,0.0,0,0,0.0,0.0,0.8,0.0,0,0,0.0,0,0.0,0,no_tissue,efficient2,0.0,0.0,0.0,0.0,0.0,0.0,efficient2,0.0,0.0,0,0.0,0.0,0.6.2-M1.1,1080,0.9655058583944979,0.11936505921157284,0,0,0.0,0,0,0,0,0,0,0,0.0,0.0,0.001255520466666631,0.011776731111111192,0.0002084724666666831,1,1080,0.013032251577777735,0.10067127004442851,0,0.0,0.0010470479999999647,0,0,0.0,0.0,0,0.011776731111111122,1629,0.0,0.0,0.0010470479999999647,0.0,0.0,0,0,0,0.7345194453238366,0.5365187408337309,0.9992676786160712,0.9644747658015365,0.0,0.3934846178503101,0.00833767172344452,0.0,0.0,0,0,1,0,0.0,prepared_no_tissue,0.0,0.0,0.002185,0.0,0.0,0.006266531111111131,0.0,0.0,0.0018809999999999999,0.0,0.0,0,0,0,0,0.0,0.0,0.0,0.6.3-NG1.0,0.0008274479999999594,3.147083333333371e-06,0,0.0,0.0,1,1,60.0000000000012,0.95,native,0,0.0,none,0.0,0.0,0.0,0,0,0,0.0,0,0.6-P1.1,0,0,0,0.0,0.0,0,0,5,1.0766157818105477,0.011699114476222508,cue_reversal,"[0.0, 0.0, 0.0, 0.0, 0.0, 0.0, 0.0, 0.0]",0,0,0.0,0.0,0.09623382704036496,full,0.0,0.0,0.0,0.04839370451001378,9,0,0.0,0,0,0.0,0.0,0,0,0.12124749502357325,5,7.3831087503692325,3.480683486154651,0.7362643892272573,0,0.6-P2.2,3,0,0,0,0.0,440,0.0,0.0,option_no_tissue,0.6-P0.2,0,0.0,0,0.0,0.6265728372386361,0.008475519999999999,43.05555555555651,0.9494744107744139,0.6180973172386361,0.9994467481835936,0.6000973172386361,0.6976381016717614,0.6062639856560719,0.0002196000000000003,0.010332531111111131,0,0,0.0,0.0,0,0.055871062626027784,0,60.0,6102,0.0,0.1,pulsed,0,150.0,0,registered-holdout,17.091462178304692,0.7362643892272573,3.9626717567443848,5.821633361745293e-05
0.0,60.0000000000012,0.016998201966540286,5.0,0.7,1.0,always_no_tissue,1.0,periodic,1,5,0.6.4-AB1.1,registered-holdout,0,SOMA-CELL 0.6.4,3.941486081571805,1,0,0,always_no_tissue,0.28925094722950173,0.9348400221375535,0.11428571428571428,0.11428571428571428,0.11428571428571428,0,0,0.0,0,0,0.0,0.0,0,0,0.05280455156903841,0,0,0,0.0,0,0,0.0,0,0,0,0,0,0,0,0.0,0.0,0.0,0.0,active,0.0,0,0.6.1-D1.4,0.0,0,0,0,1080,8.590351908255779e-05,0.52471222278678,0.4143388643815891,0.3050774910881492,0.051245032577033826,0.0,0.0,0,0.0,0,0,0.0,0,patchy,,0.0,0.0,0.8704433988433152,0.0,0.0,0.28171374745129596,0,0,True,0.05555555555555555,0,0,0.0,0.0,0,0.0,0,0,0.0,0.0,0,0,0.0,0,0.0,0.0,0,0.0,0.0,0,0.0,0,0.0,0,0.0,0,0,0,0.0,full,0,0,0.0,0,0.6-F2.0,0,0,0,0.0,0.6002676890205212,1,1,0,0,0,0,holdout,,1080,0,0,34.5895524824472,-1.8408307962403114e-05,-1.8408307962403114e-05,0.02419715459344179,0,496,0,0.0009314846346814893,0.0,0.24289208734106543,0.0,0.6726814294384988,0.96866978245929,0.02419715459344179,0.05352479380997345,4.0,2.419715459344179,31.0,496.0,0.04485412031353388,0.0,1.0083293418776022e-07,1.6323357075697733,0.01929182239177816,0.07288439987182763,0.0,0.0,0.9780777864070094,0.015952079684451646,0.018041702126052363,4.0,0.0,1.8561162643695992,0.0,1.9242858906231801,-0.019837837350612918,0.039134910637295114,5,2.1313654220658148e-08,0,0.0,0,0,0,0.0,0.0,0.0,0,0,0.0,0,0,0.0,0,0,0,0.0,0,0.0,0.0,0.0,0.0,0,0,0.0,0.0,0.8,0.0,0,0,0.0,0,0.0,0,no_tissue,efficient2,0.0,0.0,0.0,0.0,0.0,0.0,no_tissue,0.0,0.0,0,0.0,0.0,0.6.2-M1.1,1080,0.96866978245929,0.09134949357231163,0,0,0.0,0,0,0,0,0,0,0,0.0,0.0,0.0,0.0,0.0,0,0,0.0,0.0,0,0.0,0.0,0,0,0.0,0.0,0,0.0,0,0.0,0.0,0.0,0.0,0.0,0,0,0,0.0,0.0,0.0,0.0,0.0,0.0,0.0,0.0,0.0,0,0,1,0,0.0,always_no_tissue,0.0,0.0,0.0,0.0,0.0,0.0,0.0,0.0,0.0,0.0,0.0,0,0,0,0,0.0,0.0,0.0,0.6.3-NG1.0,0.0,0.0,0,0.0,0.0,1,1,60.0000000000012,1.0,native,0,0.0,none,0.0,0.0,0.0,0,0,0,0.0,0,0.6-P1.1,0,0,0,0.0,0.0,0,0,5,1.0830017980334596,0.008319417989920173,cue_reversal,"[0.0, 0.0, 0.0, 0.0, 0.0, 0.0, 0.0, 0.0]",0,0,0.0,0.0,0.07559079631494474,none,0.0,0.0,0.0,0.017018577041358833,9,0,0.0,0,0,0.0,0.0,0,0,0.1201059770383659,5,7.4497400716766435,3.5086746417085704,0.6915968075180143,0,0.6-P2.2,3,0,0,0,0.0,440,0.0,0.0,always_no_tissue,0.6-P0.2,0,0.0,0,0.0,0.0,0.0,0.0,0.0,0.0,0.0,0.0,0.0,0.0,0.0,0.0,0,0,0.0,0.0,0,0.06265963393326823,0,60.0,6102,0.0,0.1,pulsed,0,150.0,0,registered-holdout,16.85334599183379,0.6915968075180143,3.182823657989502,2.0006936521627106e-05
0.0,60.0000000000012,0.022615667642225997,5.0,0.7,1.0,eager,1.0,periodic,1,5,0.6.4-AB1.1,registered-holdout,0,SOMA-CELL 0.6.4,4.208589898152087,1,0,0,eager,0.36147358530994256,0.9558224601387044,0.11428571428571428,0.11428571428571428,0.11428571428571428,0,0,0.0,0,0,0.0,0.0,0,0,0.05459189479012511,0,0,0,0.0,0,0,0.0,0,0,0,0,0,0,0,0.0,0.0,0.0,0.0,off,0.0,0,0.6.1-D1.4,0.0,0,0,0,1080,0.006196304376601594,0.555204505693021,0.38599526092648023,0.3837321170422048,0.03450559325040103,0.0,0.0,0,0.0,0,0,0.0,0,patchy,,0.0,0.0,0.9351534925566668,0.0,0.0,0.28056065896240445,0,0,True,0.05555555555555555,0,0,0.0,0.0,0,0.0,0,0,0.0,0.0,0,0,0.0,0,0.0,0.0,0,0.0,0.0,0,0.0,0,0.0,0,0.0,0,0,0,0.0,full,313,313,0.0,0,0.6-F2.0,0,0,0,0.0,0.6693369915509103,1,1,0,0,0,0,holdout,,1080,0,0,33.36414396157153,-1.8122864233305336e-05,-1.8122864233305336e-05,0.022332279185285367,0,624,0,0.0007919546866698569,0.0,0.24307917351038774,0.0,0.7159231512370521,0.9723603996170497,0.022332279185285367,0.05919342398728535,12.0,2.2332279185285366,39.0,624.0,0.0421480448866809,0.0,7.787421206795184e-08,1.6707958268347274,0.016987128330393203,0.06936119442148943,0.0,0.0,0.976707693472896,0.01573164199054956,0.011059241032759992,4.0,0.0,1.805790156984745,0.0,1.9012723807096834,-0.022759746167774098,0.08248988448121455,7,1.8991512410600825e-07,0,0.0,0,0,0,0.0,0.0,0.0,0,0,0.0,0,0,0.0,0,0,0,0.0,0,0.0,0.0,0.0,0.0,0,0,0.0,0.0,0.8,0.0,0,0,0.0,0,0.0,0,no_tissue,efficient2,0.0,0.0,0.0,0.0,0.0,0.0,efficient2,0.0,0.0,0,0.0,0.0,0.6.2-M1.1,1080,0.9723603996170497,0.08613387863810795,0,0,0.0,0,0,0,0,0,0,0,0.0,0.0,0.16157578200338035,0.022720696111111178,0.0002402710000000189,1,3031,0.18429647811449146,5.61720601564931,211,0.16570192435539638,0.006623480966766957,312,0,0.0,0.0,0,0.0019206961111111036,2344,0.1553019243553964,0.020210105681218074,0.006033586647985027,0.0005898943187819292,0.0,3,1,0,0.7322881689999948,0.7107982390479138,0.9997424810279089,0.8976584618932149,0.0,0.37442262645737284,0.012526277849298943,0.0007400000000000001,0.0,0,0,1,0,0.00048000000000000007,demand,0.0,0.0021,0.0002000000000000001,0.0021,0.0064,0.00019649611111110978,0.0064,0.0019,8.00000000000001e-05,0.0019,0.00026000000000000003,1,1,0,1,0.0,0.007999997634625906,0.009810105681218071,0.6.3-NG1.0,0.0008274479999999594,3.147083333333371e-06,0,17.33333333333332,0.05555555555555555,1,1,60.0000000000012,1.0,native,0,0.0,none,0.0,0.0,0.0,0,0,0,0.0,0,0.6-P1.1,0,0,0,0.0,0.0,0,0,5,1.077384982163779,0.012495963420292237,cue_reversal,"[0.0, 0.0, 0.0, 0.0, 0.0, 0.0, 0.0, 0.0]",0,0,0.0,0.0,0.1066154612690766,full,0.0,0.0,0.0,0.022657039843507566,9,0,0.0,313,313,0.0,0.0,0,0,0.12081063404925077,5,7.35568013332461,3.513914379306935,0.7554294979877367,0,0.6-P2.2,3,1,0,0,0.0,440,0.0,0.0,eager,0.6-P0.2,1,0.0,0,1.0,0.8433904212118607,0.0089216,50.83333333333451,0.029772138047137846,0.8344688212118607,0.029772138047137846,0.8164688212118607,0.6547146142837844,0.6911804146538111,0.00025320000000000014,0.00047649611111111,0,0,0.0,0.0,0,0.07197909266882786,0,60.0,6102,0.0,0.1,pulsed,0,150.0,0,registered-holdout,17.090722885504075,0.7554294979877367,6.067249298095703,5.8156112415150285e-05
0.0,60.0000000000012,0.02215724678114884,5.0,0.7,1.0,always_efficient2,1.0,periodic,1,5,0.6.4-AB1.1,registered-holdout,0,SOMA-CELL 0.6.4,4.184452993611149,1,0,0,always_efficient2,0.3539368640055859,0.93273931892528,0.11428571428571428,0.11428571428571428,0.11428571428571428,0,0,0.0,0,0,0.0,0.0,0,0,0.054092484574968874,0,0,0,0.0,0,0,0.0,0,0,0,0,0,0,0,0.0,0.0,0.0,0.0,off,0.0,0,0.6.1-D1.4,0.0,0,0,1,1080,0.013409603971534387,0.5063860565884954,0.38417378082423764,0.31171967314005483,0.039138346772508444,0.0,0.0,0,0.0,0,0,0.0,0,patchy,,0.0,0.0,0.8513160461124607,0.0,0.0,0.25830187898071055,0,0,True,0.05555555555555555,0,0,0.0,0.0,0,0.0,0,0,0.0,0.0,0,13,0.0,13,0.78,0.78,0,0.0,0.0,0,7.25511111111114e-05,1,0.00014840000000000027,0,0.0,0,0,0,1.0,full,1080,1080,0.0,0,0.6-F2.0,8,0,1,0.0,0.5549122094086227,1,1,0,0,0,0,holdout,,1080,0,0,32.341547931690236,-1.807048112922871e-05,-1.807048112922871e-05,0.03177003279608621,0,624,0,0.001269270440147997,0.0,0.24203301996815882,0.0,0.6954692812740024,0.9632692255596278,0.03177003279608621,0.07313786030628967,12.0,3.1770032796086207,39.0,624.0,0.05166663314957932,0.0,4.4099509618844366e-08,1.6233203213794083,0.022680204012214662,0.06743385348642902,0.0,0.0,0.9682457985335452,0.015619068915371665,0.02898600438993932,4.0,0.0,1.6988584590924716,0.0,1.8224816569553721,-0.017905335727665058,0.04818011245736724,13,6.214967450359223e-08,0,0.0,0,0,0,0.0,0.0,0.0,0,0,0.0,0,0,0.0,0,0,0,1.0,0,0.0,0.0,0.0,0.0,0,0,1.0,0.0,0.8,0.0,0,0,0.0,0,0.0,2,no_tissue,efficient2,0.0014535400000000025,3.15e-06,0.00025200000000000005,0.0,0.0012015400000000025,3.15e-06,efficient2,0.0,0.0,0,0.0,0.0,0.6.2-M1.1,1080,0.9632692255596278,0.08618415558803398,0,0,0.0,0,0,0,0,0,0,0,0.0,0.0,0.0207146429972252,0.0280744772045264,0.007384512431200976,3,5470,0.048789120201751524,0.8803656986273738,218,5.802063053419928e-05,0.015306876087933597,682,0,5.802063053419928e-05,0.0,1080,0.026039711052083074,3241,5.802063053419928e-05,0.0,0.013272109935490209,0.0020347661524433886,0.0,0,1,0,0.0,0.0,0.0,0.0,0.0,0.0,0.0,0.0014535400000000025,3.15e-06,1,0,0,0,0.00025200000000000005,always_efficient2,0.0,0.0,0.0,0.0,0.0,0.0,0.0,0.0,0.0,0.0,0.0012015400000000025,0,0,0,0,0.0,0.0,0.0,0.6.3-NG1.0,0.0,0.0,0,0.0,0.0,1,1,60.0000000000012,1.0,native,0,0.0,none,0.0,0.0,0.0,0,0,0,0.0,0,0.6-P1.1,0,0,0,0.0,37.88888888888946,0,0,5,1.077842753218851,0.012759045283604276,cue_reversal,"[0.0225, 0.0225, 0.0225, 0.0225, 0.0225, 0.0225, 0.0225, 0.0225]",0,0,0.006343605535568472,0.0,0.09386586911621252,full,0.5181457156680063,0.002876747416007935,0.0020347661524433933,0.0221882545310417,9,63,0.0,1080,1080,0.0,0.009138568292874509,1301,106,0.12159716544557898,5,7.470101589288838,3.513857594251648,0.6410653572467638,0,0.6-P2.2,3,1,0,1,6.640810541904894e-05,440,0.0,0.0,always_efficient2,0.6-P0.2,0,0.0,0,0.0,0.0,0.0,0.0,0.0,0.0,0.0,0.0,0.0,0.0,0.0,0.0,0,0,0.0,0.0,0,0.05066605837037843,0,60.0,6102,0.0,0.1,pulsed,0,150.0,0,registered-holdout,17.09757097648295,0.6410653572467638,11.376336574554443,3.487770099364074e-05
0.0,60.0000000000012,0.024880481101938128,5.0,0.7,1.0,random_cost_matched,1.0,periodic,1,5,0.6.4-AB1.1,registered-holdout,0,SOMA-CELL 0.6.4,4.207728997728798,1,0,0,random_cost_matched,0.3876010646223062,0.9579203467421883,0.11428571428571428,0.11428571428571428,0.11428571428571428,0,0,0.0,0,0,0.0,0.0,0,0,0.05488823137021541,0,0,0,0.0,0,0,0.0,0,0,0,0,0,0,0,0.0,0.0,0.0,0.0,off,0.0,0,0.6.1-D1.4,0.0,0,0,0,1080,0.0063093157782391045,0.5537760502098024,0.38881302128845097,0.3782928778937208,0.028515841257052907,0.0,0.0,0,0.0,0,0,0.0,0,patchy,,0.0,0.0,0.9441012063940772,0.0,0.0,0.2859490151079947,0,0,True,0.05555555555555555,0,0,0.0,0.0,0,0.0,0,0,0.0,0.0,0,0,0.0,0,0.0,0.0,0,0.0,0.0,0,0.0,0,0.0,0,0.0,0,0,0,0.0,full,313,313,0.0,0,0.6-F2.0,0,0,0,0.0,0.6897479140269296,1,1,0,0,0,0,holdout,,1080,0,0,33.51338501860388,-1.8852830717008828e-05,-1.8852830717008828e-05,0.022707633217344182,0,624,0,0.0008791919709785754,0.0,0.24303889856888258,0.0,0.7177172563653738,0.9728860418878578,0.022707633217344182,0.05996644625255773,12.0,2.2707633217344183,39.0,624.0,0.04157061683430424,0.0,1.5072587258239268e-07,1.6773484447628788,0.016659590313436824,0.06996666426622603,0.0,0.0,0.974747718981098,0.015757228840924602,0.01078751431197425,4.0,0.0,1.8179417815097927,0.0,1.9064201247911365,-0.01967655047314583,0.08614979356177867,7,1.899614329318613e-07,0,0.0,0,0,0,0.0,0.0,0.0,0,0,0.0,0,0,0.0,0,0,0,0.0,0,0.0,0.0,0.0,0.0,0,0,0.0,0.0,0.8,0.0,0,0,0.0,0,0.0,0,no_tissue,efficient2,0.0,0.0,0.0,0.0,0.0,0.0,efficient2,0.0,0.0,0,0.0,0.0,0.6.2-M1.1,1080,0.9728860418878578,0.07194132633712033,0,0,0.0,0,0,0,0,0,0,0,0.0,0.0,0.16156314045784204,0.022720696111111178,0.00024094280000001885,1,3033,0.18428383656895314,5.556594495597077,215,0.1655756214150659,0.006735297241835854,312,0,0.0,0.0,0,0.001920696111111104,2347,0.1551756214150659,0.02021127900094122,0.006146576242777075,0.0005887209990587782,0.0,3,1,0,0.7172559095410564,0.7065960657505509,0.9992185090469211,0.905150789137189,0.0,0.37114493128542975,0.011268345431987124,0.0008520000000000001,0.0,0,0,1,0,0.0005920000000000001,random_cost_matched,0.0,0.0021,0.0002000000000000001,0.0021,0.0064,0.00019649611111111016,0.0064,0.0019,8.00000000000001e-05,0.0019,0.00026000000000000003,1,1,0,1,0.0,0.007999997504009275,0.009811279000941222,0.6.3-NG1.0,0.0008274479999999594,3.147083333333371e-06,0,17.33333333333332,0.05555555555555555,1,1,60.0000000000012,1.0,native,0,0.0,none,0.0,0.0,0.0,0,0,0,0.0,0,0.6-P1.1,0,0,0,0.0,0.0,0,0,5,1.075120168704067,0.013631400518007953,cue_reversal,"[0.0, 0.0, 0.0, 0.0, 0.0, 0.0, 0.0, 0.0]",0,0,0.0,0.0,0.09309020006977756,full,0.0,0.0,0.0,0.024921639441952505,9,0,0.0,313,313,0.0,0.0,0,0,0.12055919971880862,5,7.3352692108485895,3.5281067177466547,0.7616480820240356,0,0.6-P2.2,3,1,0,0,0.0,440,0.0,0.0,random_cost_matched,0.6-P0.2,1,0.0,0,1.0,0.8669554472118739,0.0089216,51.111111111112294,0.029772138047137905,0.8580338472118739,0.029772138047137905,0.8400338472118739,0.6852001964592919,0.7066469242391331,0.0002544000000000001,0.00047649611111111036,0,0,0.0,0.0,0,0.07225571644621345,0,60.0,6102,0.0,0.1,pulsed,0,150.0,0,registered-holdout,17.090326301422188,0.7616480820240356,5.8586413860321045,5.8156112415150285e-05
0.0,60.0000000000012,0.01367159653707981,5.0,0.7,0.95,conditional,1.0,periodic,1,5,0.6.4-AB1.1,registered-holdout,0,SOMA-CELL 0.6.4,4.2474512805591775,1,0,0,conditional,0.24214922974005496,0.9281359529117756,0.11428571428571428,0.11428571428571428,0.11428571428571428,0,0,0.0,0,0,0.0,0.0,0,0,0.05394791010548449,0,0,0,0.0,0,0,0.0,0,0,0,0,0,0,0,0.0,0.0,0.0,0.0,off,0.0,0,0.6.1-D1.4,0.0,0,0,1,1080,0.006816105547220607,0.4315455643941169,0.40014072953326696,0.1941018552039234,0.15734217323013885,0.0,0.0,0,0.0,0,0,0.0,0,patchy,,0.0,0.0,0.914338070580185,0.0,0.0,0.29995737905493786,0,0,True,0.05555555555555555,0,0,0.0,0.0,0,0.0,0,0,0.0,0.0,0,0,0.0,0,0.0,0.0,0,0.0,0.0,0,0.0,0,0.0,0,0.0,0,0,0,1.0,full,695,695,0.0,0,0.6-F2.0,0,0,1,0.0,0.6531661588120391,1,1,0,0,0,0,holdout,,1080,0,0,33.515654305018494,-1.9673307573242482e-05,-1.9673307573242482e-05,0.018322915085494107,0,624,0,0.0009219799059257896,0.0,0.2434610875660878,0.0,0.7132361153956825,0.9721652968000402,0.018322915085494107,0.027696986957133827,12.0,1.8322915085494107,39.0,624.0,0.04171471227335417,0.0,8.941653109546508e-08,1.6625911539457745,0.017108745784084497,0.0707305804058667,0.0,0.0,0.9857986027739986,0.015765866286933963,0.008346024631761328,4.0,0.0,1.8211309206190125,0.0,1.9225756447486038,-0.00876084418775264,0.02686904221402886,7,3.2802017644652014e-08,0,0.0,0,0,0,0.0,0.0,0.0,0,0,0.0,0,0,0.0,0,0,0,1.0,0,0.0,0.0,0.0,0.0,0,0,1.0,0.0,0.8,0.0,0,0,0.0,0,0.0,2,no_tissue,efficient2,0.001726000000000001,0.0,0.001136,0.0,0.0005900000000000009,0.0,efficient2,0.0,0.0,6,0.00468,0.0,0.6.2-M1.1,1080,0.9721652968000402,0.11644870525672246,0,0,0.0,0,0,0,0,0,0,0,0.0,0.0,0.09111510270754468,0.02181525694444452,0.008124237333333334,4,4937,0.11293035965198919,7.672406295407567,111,0.08671807357007845,0.007473585183506212,465,0,0.07163807357007845,0.0,694,0.010614463565071508,2945,0.07631807357007844,0.010400000000000001,0.006672791804133357,0.0008007933793728556,0.0,0,1,1,0.49465999920674514,0.7888583940816503,0.980340306188222,0.8541163170957837,0.0,0.43530954738368727,0.0038156199547631398,0.001726000000000001,0.0,0,0,0,1,0.001136,demand,0.0,0.0021,8.5e-05,0.0021,0.0064,0.00019875694444436431,0.0064,0.0019,8.00000000000001e-05,0.0019,0.0005900000000000009,1,0,1,0,0.0,0.0,0.0,0.6.3-NG1.0,0.00035066000000001245,1.1239583333333076e-06,1,38.55555555555615,0.05555555555555555,1,1,60.0000000000012,0.95,native,0,0.0,none,0.0,0.0,0.0,0,0,0,0.0,0,0.6-P1.1,0,0,0,0.0,25.833333333333563,0,1,5,1.08632840346292,0.005320709195888053,cue_reversal,"[0.0225, 0.0225, 0.0225, 0.0225, 0.0225, 0.0225, 0.0225, 0.0225]",1,0,0.003754509022817846,0.0,0.06796811417956675,full,0.24266538935383586,0.0007577318041329447,0.0008007933793728555,0.013703611259856932,9,284,0.0,695,695,0.0,0.007839300621448858,582,0,0.11493826192190167,5,7.3718486485180925,3.4835938974678355,0.7695828493459845,0,0.6-P2.2,3,1,0,1,0.0,440,0.0,0.0,conditional,0.6-P0.2,1,0.0,1,0.0,0.9260890951392605,0.0,52.44554789978271,0.030114688552176413,0.9260890951392605,0.031699672160185696,0.9080890951392605,0.7185346234737369,0.7357180802945718,0.00018840000000000024,0.0003637569444443644,0,0,0.0,0.0,0,0.0706578147218378,0,60.0,6103,0.0,0.1,pulsed,0,150.0,0,registered-holdout,17.10356030058821,0.7695828493459845,7.121877670288086,2.421560524024091e-05
0.0,60.0000000000012,0.014129713276568392,5.0,0.7,0.95,option_no_tissue,1.0,periodic,1,5,0.6.4-AB1.1,registered-holdout,0,SOMA-CELL 0.6.4,4.229843726421509,1,0,0,option_no_tissue,0.2451715846505389,0.9226997758354731,0.11428571428571428,0.11428571428571428,0.11428571428571428,0,0,0.0,0,0,0.0,0.0,0,0,0.054635190198991476,0,0,0,0.0,0,0,0.0,0,0,0,0,0,0,0,0.0,0.0,0.0,0.0,off,0.0,0,0.6.1-D1.4,0.0,0,0,0,1080,0.001190617810470115,0.43688739246698277,0.3039854159547554,0.30978847451586883,0.10346708829118237,0.0,0.0,0,0.0,0,0,0.0,0,patchy,,0.0,0.0,0.919944505687369,0.0,0.0,0.27154337877108514,0,0,True,0.05555555555555555,0,0,0.0,0.0,0,0.0,0,0,0.0,0.0,0,0,0.0,0,0.0,0.0,0,0.0,0.0,0,0.0,0,0.0,0,0.0,0,0,0,0.0,full,0,0,0.0,0,0.6-F2.0,0,0,0,0.0,0.6396693654287505,1,1,0,0,0,0,holdout,,1080,0,0,33.77255247692588,-1.911772443463633e-05,-1.911772443463633e-05,0.027553050848875403,0,624,0,0.0010129706164708767,0.0,0.24249233045706242,0.0,0.7028731958085096,0.9666522985863484,0.027553050848875403,0.06913555026325365,12.0,2.7553050848875404,39.0,624.0,0.04698027297105749,0.0,3.6385256249519115e-09,1.6496313005601924,0.020555403222732457,0.06936611745851971,0.0,0.0,0.9721706543583792,0.015642548079930787,0.020944905920735335,4.0,0.0,1.7536719792985533,0.0,1.8614655187939868,-0.0049558580388488664,0.06306385061871148,3,3.306058761320201e-08,0,0.0,0,0,0,0.0,0.0,0.0,0,0,0.0,0,0,0.0,0,0,0,0.0,0,0.0,0.0,0.0,0.0,0,0,0.0,0.0,0.8,0.0,0,0,0.0,0,0.0,0,no_tissue,efficient2,0.0,0.0,0.0,0.0,0.0,0.0,efficient2,0.0,0.0,0,0.0,0.0,0.6.2-M1.1,1080,0.9666522985863484,0.1212645025292246,0,0,0.0,0,0,0,0,0,0,0,0.0,0.0,0.0012601597999999637,0.011776727222222299,0.0002107118000000166,1,1080,0.01303688702222218,0.09827549437776198,0,0.0,0.0010494479999999648,0,0,0.0,0.0,0,0.011776727222222234,1635,0.0,0.0,0.0010494479999999648,0.0,0.0,0,0,0,0.7448191096838065,0.48090439939676227,0.9996794849082992,0.9672758740676686,0.0,0.35010543152947454,0.007468006069315003,0.0,0.0,0,0,1,0,0.0,prepared_no_tissue,0.0,0.0,0.002185,0.0,0.0,0.006266527222222242,0.0,0.0,0.0018809999999999999,0.0,0.0,0,0,0,0,0.0,0.0,0.0,0.6.3-NG1.0,0.0008274479999999594,3.147083333333371e-06,0,0.0,0.0,1,1,60.0000000000012,0.95,native,0,0.0,none,0.0,0.0,0.0,0,0,0,0.0,0,0.6-P1.1,0,0,0,0.0,0.0,0,0,5,1.0858702867234313,0.008203592803465507,cue_reversal,"[0.0, 0.0, 0.0, 0.0, 0.0, 0.0, 0.0, 0.0]",0,0,0.0,0.0,0.10613827905950482,full,0.0,0.0,0.0,0.01415812225286104,9,0,0.0,0,0,0.0,0.0,0,0,0.11934501408600498,5,7.385345057531161,3.4787774205623,0.7609054589816825,0,0.6-P2.2,3,0,0,0,0.0,440,0.0,0.0,option_no_tissue,0.6-P0.2,0,0.0,0,0.0,0.5914859981607297,0.008475519999999999,43.05555555555652,0.9494738215488246,0.5830104781607297,0.9994461279461312,0.5650104781607297,0.6833678158346669,0.5723190794398882,0.0002220000000000003,0.010332527222222242,0,0,0.0,0.0,0,0.05661209036576517,0,60.0,6103,0.0,0.1,pulsed,0,150.0,0,registered-holdout,17.099780996925773,0.7609054589816825,4.074654817581177,2.3447944172971802e-05
0.0,60.0000000000012,0.009159163389631159,5.0,0.7,1.0,always_no_tissue,1.0,periodic,1,5,0.6.4-AB1.1,registered-holdout,0,SOMA-CELL 0.6.4,3.963562989362286,1,0,0,always_no_tissue,0.16760081178723413,0.903654736384111,0.11428571428571428,0.11428571428571428,0.11428571428571428,0,0,0.0,0,0,0.0,0.0,0,0,0.05091730163345204,0,0,0,0.0,0,0,0.0,0,0,0,0,0,0,0,0.0,0.0,0.0,0.0,active,0.0,0,0.6.1-D1.4,0.0,0,0,0,1080,7.468315088958357e-05,0.37643550814451204,0.3866690674605676,0.15404988213376328,0.2115198386067707,0.0,0.0,0,0.0,0,0,0.0,0,patchy,,0.0,0.0,0.8311127158562417,0.0,0.0,0.25993121615970594,0,0,True,0.05555555555555555,0,0,0.0,0.0,0,0.0,0,0,0.0,0.0,0,0,0.0,0,0.0,0.0,0,0.0,0.0,0,0.0,0,0.0,0,0.0,0,0,0,0.0,full,0,0,0.0,0,0.6-F2.0,0,0,0,0.0,0.5541344052300496,1,1,0,0,0,0,holdout,,1080,0,0,34.12487870334818,-1.7385845911377373e-05,-1.7385845911377373e-05,0.025358748709723107,0,496,0,0.0009013333949638171,0.0,0.24267115755821228,0.0,0.6707780705326947,0.9678969342078503,0.025358748709723107,0.06702007168751628,4.0,2.535874870972311,31.0,496.0,0.04517752034785278,0.0,5.0196444410456626e-08,1.6338442456723548,0.019775557757562963,0.07031532282521681,0.0,0.0,0.9737868305750902,0.01565882809437271,0.015050463822051652,4.0,0.0,1.8412740735611983,0.0,1.9086351189254986,0.0003454558321835105,0.047262012795137316,3,2.3877539245470802e-08,0,0.0,0,0,0,0.0,0.0,0.0,0,0,0.0,0,0,0.0,0,0,0,0.0,0,0.0,0.0,0.0,0.0,0,0,0.0,0.0,0.8,0.0,0,0,0.0,0,0.0,0,no_tissue,efficient2,0.0,0.0,0.0,0.0,0.0,0.0,no_tissue,0.0,0.0,0,0.0,0.0,0.6.2-M1.1,1080,0.9678969342078503,0.11774563538649756,0,0,0.0,0,0,0,0,0,0,0,0.0,0.0,0.0,0.0,0.0,0,0,0.0,0.0,0,0.0,0.0,0,0,0.0,0.0,0,0.0,0,0.0,0.0,0.0,0.0,0.0,0,0,0,0.0,0.0,0.0,0.0,0.0,0.0,0.0,0.0,0.0,0,0,1,0,0.0,always_no_tissue,0.0,0.0,0.0,0.0,0.0,0.0,0.0,0.0,0.0,0.0,0.0,0,0,0,0,0.0,0.0,0.0,0.6.3-NG1.0,0.0,0.0,0,0.0,0.0,1,1,60.0000000000012,1.0,native,0,0.0,none,0.0,0.0,0.0,0,0,0,0.0,0,0.6-P1.1,0,0,0,0.0,0.0,0,0,5,1.0908408366103686,0.003842778369943614,cue_reversal,"[0.0, 0.0, 0.0, 0.0, 0.0, 0.0, 0.0, 0.0]",0,0,0.0,0.0,0.10845418233165233,none,0.0,0.0,0.0,0.00917718417812157,9,0,0.0,0,0,0.0,0.0,0,0,0.11663193769165159,5,7.495872303711787,3.482275501661283,0.6718620198280568,0,0.6-P2.2,3,0,0,0,0.0,440,0.0,0.0,always_no_tissue,0.6-P0.2,0,0.0,0,0.0,0.0,0.0,0.0,0.0,0.0,0.0,0.0,0.0,0.0,0.0,0.0,0,0,0.0,0.0,0,0.056122466573442345,0,60.0,6103,0.0,0.1,pulsed,0,150.0,0,registered-holdout,16.863664347201965,0.6718620198280568,3.2329251766204834,2.1570850717161916e-05
0.0,60.0000000000012,0.011572813863660993,5.0,0.7,1.0,eager,1.0,periodic,1,5,0.6.4-AB1.1,registered-holdout,0,SOMA-CELL 0.6.4,4.281478419051932,1,0,0,eager,0.2054398335443047,0.9393855525783941,0.11428571428571428,0.11428571428571428,0.11428571428571428,0,0,0.0,0,0,0.0,0.0,0,0,0.05602695395057095,0,0,0,0.0,0,0,0.0,0,0,0,0,0,0,0,0.0,0.0,0.0,0.0,off,0.0,0,0.6.1-D1.4,0.0,0,0,0,1080,0.006382209939393856,0.4963675261752891,0.298786394215446,0.3924916694466926,0.1007089812873876,0.0,0.0,0,0.0,0,0,0.0,0,patchy,,0.0,0.0,1.0178592566352256,0.0,0.0,0.30697772573017945,0,0,True,0.05555555555555555,0,0,0.0,0.0,0,0.0,0,0,0.0,0.0,0,0,0.0,0,0.0,0.0,0,0.0,0.0,0,0.0,0,0.0,0,0.0,0,0,0,0.0,full,313,313,0.0,0,0.6-F2.0,0,0,0,0.0,0.7672732673280002,1,1,0,0,0,0,holdout,,1080,0,0,35.54556627047249,-1.715310144589921e-05,-1.715310144589921e-05,0.02510152708885309,0,624,0,0.0011690367368733488,0.0,0.2426793609265259,0.0,0.7121863729621118,0.9713510528523653,0.02510152708885309,0.06697255588715947,12.0,2.510152708885309,39.0,624.0,0.041714240495355936,0.0,3.655807785034756e-08,1.6636855913938726,0.01761656884342699,0.07399046416373407,0.0,0.0,0.967769025834498,0.015741479504219648,0.010281828067684453,4.0,0.0,1.7981395493741814,0.0,1.8884845341801486,-0.0034363922030582975,0.07422761584880713,3,3.443109899179165e-08,0,0.0,0,0,0,0.0,0.0,0.0,0,0,0.0,0,0,0.0,0,0,0,0.0,0,0.0,0.0,0.0,0.0,0,0,0.0,0.0,0.8,0.0,0,0,0.0,0,0.0,0,no_tissue,efficient2,0.0,0.0,0.0,0.0,0.0,0.0,efficient2,0.0,0.0,0,0.0,0.0,0.6.2-M1.1,1080,0.9713510528523653,0.15270944771738215,0,0,0.0,0,0,0,0,0,0,0,0.0,0.0,0.15484785162823625,0.02272074666666675,0.00023668806666668526,1,3031,0.1775685982949029,5.254402222363476,204,0.15876968569615857,0.006904618479154839,312,0,0.0,0.0,0,0.0019207466666666608,2335,0.14836968569615858,0.020136859386256818,0.006241477865411653,0.0006631406137431851,0.0,3,1,0,0.7421340203005746,0.6313674423434412,0.9999036749272401,0.889303398117451,0.0,0.4674666050278842,0.012149926840810734,0.0007800000000000001,0.0,0,0,1,0,0.0005200000000000001,demand,0.0,0.0021,0.0002000000000000001,0.0021,0.0064,0.00019654666666666707,0.0064,0.0019,8.00000000000001e-05,0.0019,0.00026000000000000003,1,1,0,1,0.0,0.007935607306258176,0.009736859386256815,0.6.3-NG1.0,0.0008274479999999594,3.147083333333371e-06,0,17.33333333333332,0.05555555555555555,1,1,60.0000000000012,1.0,native,0,0.0,none,0.0,0.0,0.0,0,0,0,0.0,0,0.6-P1.1,0,0,0,0.0,0.0,0,0,5,1.0884271861363386,0.0056756792383338105,cue_reversal,"[0.0, 0.0, 0.0, 0.0, 0.0, 0.0, 0.0, 0.0]",0,0,0.0,0.0,0.10897513401952869,full,0.0,0.0,0.0,0.011601773850200153,9,0,0.0,313,313,0.0,0.0,0,0,0.11911974330722622,5,7.257741308955849,3.4473318843804726,0.9199537550588431,0,0.6-P2.2,3,1,0,0,0.0,440,0.0,0.0,eager,0.6-P0.2,1,0.0,0,1.0,0.741844207561891,0.0089216,49.444444444445594,0.02977979797979804,0.732922607561891,0.02977979797979804,0.714922607561891,0.6155016323418397,0.6250267486852112,0.0002496000000000002,0.0004765466666666673,0,0,0.0,0.0,0,0.06572476092618657,0,60.0,6103,0.0,0.1,pulsed,0,150.0,0,registered-holdout,17.092838055159817,0.9199537550588431,5.799757957458496,2.3424417978895606e-05
0.0,60.0000000000012,0.019958006833145973,5.0,0.7,1.0,always_efficient2,1.0,periodic,1,5,0.6.4-AB1.1,registered-holdout,0,SOMA-CELL 0.6.4,4.3236557891798615,1,0,0,always_efficient2,0.32572284181136957,0.950660377422529,0.11428571428571428,0.11428571428571428,0.11428571428571428,0,0,0.0,0,0,0.0,0.0,0,0,0.05829292378933085,0,0,0,0.0,0,0,0.0,0,0,0,0,0,0,0,0.0,0.0,0.0,0.0,off,0.0,0,0.6.1-D1.4,0.0,0,0,1,1080,0.013918584975038284,0.4966733191516543,0.3448309844104463,0.34178691993223087,0.04735314655983914,0.0,0.0,0,0.0,0,0,0.0,0,patchy,,0.0,0.0,1.0636349953831616,0.0,0.0,0.33784643432793515,0,0,True,0.05555555555555555,0,0,0.0,0.0,0,0.0,0,0,0.0,0.0,0,13,0.0,13,0.78,0.78,0,0.0,0.0,0,9.613022222222264e-05,1,0.00019663000000000105,0,0.0,0,0,0,1.0,full,1080,1080,0.0,0,0.6-F2.0,9,0,1,0.0,0.8228236170974356,1,1,0,0,0,0,holdout,,1080,0,0,36.0547113464307,-1.924345454895615e-05,-1.924345454895615e-05,0.019616258332807425,0,624,0,0.0008680606370455957,0.0,0.2435165491142438,0.0,0.7131130644444844,0.9729836943276489,0.019616258332807425,0.031517071316630604,12.0,1.9616258332807426,39.0,624.0,0.04056329625756582,0.0,3.688486697010838e-07,1.6659903309851558,0.016598760653782595,0.07711592939804322,0.0,0.0,0.9853840561175994,0.015684387190553806,0.015557524372998115,4.0,0.0,1.8272495881698132,0.0,1.9264628692442278,-0.006754804363321661,0.07608843324157277,3,7.304075978803365e-08,0,0.0,0,0,0,0.0,0.0,0.0,0,0,0.0,0,0,0.0,0,0,0,1.0,0,0.0,0.0,0.0,0.0,0,0,1.0,0.0,0.8,0.0,0,0,0.0,0,0.0,2,no_tissue,efficient2,0.0014058480000000025,3.78e-06,0.00020400000000000005,0.0,0.0012018480000000025,3.78e-06,efficient2,0.0,0.0,0,0.0,0.0,0.6.2-M1.1,1080,0.9729836943276489,0.17837418212411768,0,0,0.0,0,0,0,0,0,0,0,0.0,0.0,0.02180083174544181,0.02842438952320658,0.007940000000000003,3,5458,0.05022522126864837,0.7401301611736943,241,6.211175199133693e-05,0.016104530786287475,649,0,6.211175199133693e-05,0.0,1080,0.026118578730369924,3241,6.211175199133693e-05,0.0,0.013798719993450687,0.0023058107928367886,0.0,0,1,0,0.0,0.0,0.0,0.0,0.0,0.0,0.0,0.0014058480000000025,3.78e-06,1,0,0,0,0.00020400000000000005,always_efficient2,0.0,0.0,0.0,0.0,0.0,0.0,0.0,0.0,0.0,0.0,0.0012018480000000025,0,0,0,0,0.0,0.0,0.0,0.6.3-NG1.0,0.0,0.0,0,0.0,0.0,1,1,60.0000000000012,1.0,native,0,0.0,none,0.0,0.0,0.0,0,0,0,0.0,0,0.6-P1.1,0,0,0,0.0,36.055555555556076,0,0,5,1.0800419931668541,0.012501599470914563,cue_reversal,"[0.0225, 0.0225, 0.0225, 0.0225, 0.0225, 0.0225, 0.0225, 0.0225]",0,0,0.005414143353658359,0.0,0.06698647131423953,full,0.5582402240008153,0.0033646511095366425,0.0023058107928367886,0.01998518918346994,9,51,0.0,1080,1080,0.0,0.015304222708968302,1291,100,0.11729476903658281,5,7.202188263722552,3.421660410476537,1.0011706168712293,0,0.6-P2.2,3,1,0,1,8.804560293234716e-05,440,0.0,0.0,always_efficient2,0.6-P0.2,0,0.0,0,0.0,0.0,0.0,0.0,0.0,0.0,0.0,0.0,0.0,0.0,0.0,0.0,0,0,0.0,0.0,0,0.07709197014035991,0,60.0,6103,0.0,0.1,pulsed,0,150.0,0,registered-holdout,17.091181451928968,1.0011706168712293,11.66392731666565,3.4616682324573045e-05
0.0,60.0000000000012,0.010473398177669239,5.0,0.7,1.0,random_cost_matched,1.0,periodic,1,5,0.6.4-AB1.1,registered-holdout,0,SOMA-CELL 0.6.4,4.359824398838365,1,0,0,random_cost_matched,0.1902982005943785,0.9476041264355516,0.11428571428571428,0.11428571428571428,0.11428571428571428,0,0,0.0,0,0,0.0,0.0,0,0,0.057339733827872344,0,0,0,0.0,0,0,0.0,0,0,0,0,0,0,0,0.0,0.0,0.0,0.0,off,0.0,0,0.6.1-D1.4,0.0,0,0,0,1080,0.006617723694676947,0.5208809571095645,0.3528762787511221,0.367972036380952,0.04252194944035792,0.0,0.0,0,0.0,0,0,0.0,0,patchy,,0.0,0.0,1.0832698399562826,0.0,0.0,0.3641969168252314,0,0,True,0.05555555555555555,0,0,0.0,0.0,0,0.0,0,0,0.0,0.0,0,0,0.0,0,0.0,0.0,0,0.0,0.0,0,0.0,0,0.0,0,0.0,0,0,0,0.0,full,313,313,0.0,0,0.6-F2.0,0,0,0,0.0,0.8864429033576269,1,1,0,0,0,0,holdout,,1080,0,0,36.597436028591034,-1.9687050677674733e-05,-1.9687050677674733e-05,0.012722082732192325,0,624,0,0.0008715538117317243,0.0,0.24429500123618286,0.0,0.733017959214471,0.9807157721531526,0.012722082732192325,0.009255464362425435,12.0,1.2722082732192326,39.0,624.0,0.032663758337044164,0.0,4.4212080626836963e-08,1.7102598261975661,0.011801572222356964,0.07926118456051132,0.0,0.0,0.99004695969024,0.01578931641749739,0.003140969044649496,4.0,0.0,1.9275413070125484,0.0,1.99657352395021,-0.0037282696294658425,0.06223590986520134,5,3.447432826719232e-08,0,0.0,0,0,0,0.0,0.0,0.0,0,0,0.0,0,0,0.0,0,0,0,0.0,0,0.0,0.0,0.0,0.0,0,0,0.0,0.0,0.8,0.0,0,0,0.0,0,0.0,0,no_tissue,efficient2,0.0,0.0,0.0,0.0,0.0,0.0,efficient2,0.0,0.0,0,0.0,0.0,0.6.2-M1.1,1080,0.9807157721531526,0.1793088543367462,0,0,0.0,0,0,0,0,0,0,0,0.0,0.0,0.0870415895799515,0.02272074666666675,0.00042889906666666877,1,3033,0.10976233624661817,4.901331347050574,104,0.0905365457269397,0.007147665833242204,312,0,0.0,0.0,0,0.001920746666666663,2359,0.08013654572693969,0.020128478953103428,0.006476144786345631,0.0006715210468965726,0.0,3,1,0,0.6111604489291235,0.8777412591291042,0.9853730270954726,0.9312161737905018,0.0,0.5046381821207013,0.022232987151696207,0.0009800000000000002,0.0,0,0,1,0,0.0007200000000000002,random_cost_matched,0.0,0.0021,0.0002000000000000001,0.0021,0.0064,0.0001965466666666693,0.0064,0.0019,8.00000000000001e-05,0.0019,0.00026000000000000003,1,1,0,1,0.0,0.007859571126939618,0.009728478953103428,0.6.3-NG1.0,0.0008274479999999594,3.147083333333371e-06,1,17.33333333333332,0.05555555555555555,1,1,60.0000000000012,1.0,native,0,0.0,none,0.0,0.0,0.0,0,0,0,0.0,0,0.6-P1.1,0,0,0,0.0,0.0,0,0,5,1.0895266018223306,0.0056758618435540035,cue_reversal,"[0.0, 0.0, 0.0, 0.0, 0.0, 0.0, 0.0, 0.0]",0,0,0.0,0.0,0.053984476466849625,full,0.0,0.0,0.0,0.010501903925611827,9,0,0.0,313,313,0.0,0.0,0,0,0.11560168251577678,5,7.138571672926221,3.420732023522512,1.0657232519464304,0,0.6-P2.2,3,1,0,0,0.0,440,0.0,0.0,random_cost_matched,0.6-P0.2,1,0.0,0,1.0,1.0215222420721592,0.0089216,51.66666666666788,0.029779797979798378,1.0126006420721592,0.029779797979798378,0.9946006420721591,0.743436600774278,0.8235931017954151,0.0002592,0.00047654666666666946,0,0,0.0,0.0,0,0.09176199977429182,0,60.0,6103,0.0,0.1,pulsed,0,150.0,0,registered-holdout,17.09192453706571,1.0657232519464304,5.67346978187561,2.3424417978895606e-05
0.0,60.0000000000012,0.010044967247316294,5.0,0.7,0.95,conditional,1.0,periodic,1,5,0.6.4-AB1.1,registered-holdout,0,SOMA-CELL 0.6.4,4.229746126337828,1,0,0,conditional,0.18244638246240955,0.9412863753175416,0.11428571428571428,0.11428571428571428,0.11428571428571428,0,0,0.0,0,0,0.0,0.0,0,0,0.05407796104774537,0,0,0,0.0,0,0,0.0,0,0,0,0,0,0,0,0.0,0.0,0.0,0.0,off,0.0,0,0.6.1-D1.4,0.0,0,0,0,1080,0.00590743999950442,0.3806074285290381,0.47238793735761103,0.04701624283028958,0.30610272099308117,0.0,0.0,0,0.0,0,0,0.0,0,patchy,,0.0,0.0,0.8627119075663114,0.0,0.0,0.2577262144825416,0,0,True,0.05555555555555555,0,0,0.0,0.0,0,0.0,0,0,0.0,0.0,0,0,0.0,0,0.0,0.0,0,0.0,0.0,0,0.0,0,0.0,0,0.0,0,0,0,0.0,full,313,313,0.0,0,0.6-F2.0,0,0,0,0.0,0.5987291363324656,1,1,0,0,0,0,holdout,,1080,0,0,32.66418838272327,-1.9893145545069046e-05,-1.9893145545069046e-05,0.03125558792764455,0,624,0,0.0015388476708925768,0.0,0.24189832599873048,0.0,0.7007724915832155,0.9653418835805151,0.03125558792764455,0.07530850148236459,12.0,3.1255587927644553,39.0,624.0,0.04869377116018957,0.0,2.1277877152551207e-08,1.651878924892017,0.02137754962642914,0.0670514479898237,0.0,0.0,0.9606137818780168,0.015649431689040316,0.01840334614119083,4.0,0.0,1.7195471582694621,0.0,1.8297760632538833,-0.006469626333393487,0.05387667425014147,7,1.1203849669357363e-08,0,0.0,0,0,0,0.0,0.0,0.0,0,0,0.0,0,0,0.0,0,0,0,0.0,0,0.0,0.0,0.0,0.0,0,0,0.0,0.0,0.8,0.0,0,0,0.0,0,0.0,0,no_tissue,efficient2,0.0,0.0,0.0,0.0,0.0,0.0,efficient2,0.0,0.0,0,0.0,0.0,0.6.2-M1.1,1080,0.9653418835805151,0.11735035812637917,0,0,0.0,0,0,0,0,0,0,0,0.0,0.0,0.06950069162026075,0.021815252777777853,6.957177777777647e-05,1,3029,0.0913159443980386,5.268338121946143,84,0.0740259499309937,0.006418925623669031,312,0,0.0,0.0,0,0.0010152527777776944,2137,0.0636259499309937,0.020186244287820804,0.005805169911489834,0.0006137557121791974,0.0,3,1,0,0.7288997065060313,0.8523258156740209,0.9939171368017268,0.9688056421889654,0.0,0.48481413622573627,0.00291489669147023,0.0009600000000000001,0.0,0,0,1,0,0.0007200000000000002,demand,0.0,0.0021,8.5e-05,0.0021,0.0064,0.00019875277777769637,0.0064,0.0019,8.00000000000001e-05,0.0019,0.00024,1,1,0,1,0.0,0.007068975330993584,0.009786244287820803,0.6.3-NG1.0,0.00035066000000001245,1.1239583333333076e-06,0,17.33333333333332,0.05555555555555555,1,1,60.0000000000012,0.95,native,0,0.0,none,0.0,0.0,0.0,0,0,0,0.0,0,0.6-P1.1,0,0,0,0.0,0.0,0,0,5,1.0899550327526835,0.005902911887208518,cue_reversal,"[0.0, 0.0, 0.0, 0.0, 0.0, 0.0, 0.0, 0.0]",0,0,0.0,0.0,0.09777292955506672,full,0.0,0.0,0.0,0.010071322518112456,9,0,0.0,313,313,0.0,0.0,0,0,0.10839858163146238,5,7.451280815401909,3.482679842706522,0.7160531391880487,0,0.6-P2.2,3,1,0,0,0.0,440,0.0,0.0,conditional,0.6-P0.2,1,0.0,1,0.0,0.5483288985601249,0.0,25.928962778923562,0.030114057239044905,0.5483288985601249,0.03169900762004727,0.5303288985601249,0.8539284108392197,0.8810834504428987,0.0001704000000000002,0.0003637527777776965,0,0,0.0,0.0,0,0.05256373165358166,0,60.0,6104,0.0,0.1,pulsed,0,150.0,0,registered-holdout,17.116373724765253,0.7160531391880487,5.609440565109253,1.4372930486977742e-05
0.0,60.0000000000012,0.00744530971250567,5.0,0.7,0.95,option_no_tissue,1.0,periodic,1,5,0.6.4-AB1.1,registered-holdout,0,SOMA-CELL 0.6.4,4.263676363268349,1,0,0,option_no_tissue,0.13949032655450683,0.9527850723329503,0.11428571428571428,0.11428571428571428,0.11428571428571428,0,0,0.0,0,0,0.0,0.0,0,0,0.05453808651177757,0,0,0,0.0,0,0,0.0,0,0,0,0,0,0,0,0.0,0.0,0.0,0.0,off,0.0,0,0.6.1-D1.4,0.0,0,0,0,1080,0.0011881579299733885,0.4081919792103845,0.5384354419468265,0.026448832101547092,0.370393809306148,0.0,0.0,0,0.0,0,0,0.0,0,patchy,,0.0,0.0,0.921795546924548,0.0,0.0,0.2864615044811605,0,0,True,0.05555555555555555,0,0,0.0,0.0,0,0.0,0,0,0.0,0.0,0,0,0.0,0,0.0,0.0,0,0.0,0.0,0,0.0,0,0.0,0,0.0,0,0,0,0.0,full,0,0,0.0,0,0.6-F2.0,0,0,0,0.0,0.6711930776390439,1,1,0,0,0,0,holdout,,1080,0,0,34.113376909890846,-2.0457293715026026e-05,-2.0457293715026026e-05,0.022952704380200188,0,624,0,0.000791237251598895,0.0,0.24294905162018,0.0,0.7063180795874755,0.9692433398421806,0.022952704380200188,0.05476339541781161,12.0,2.295270438020019,39.0,624.0,0.04442999222881958,0.0,4.798723879584857e-08,1.6589682854190675,0.01893307509683017,0.07114193825652222,0.0,0.0,0.9785356753340795,0.015928879420791,0.012839186027876306,4.0,0.0,1.7804914503784763,0.0,1.8864776836164188,-0.0033826493269006217,0.039729983977237,7,7.066466534730072e-09,0,0.0,0,0,0,0.0,0.0,0.0,0,0,0.0,0,0,0.0,0,0,0,0.0,0,0.0,0.0,0.0,0.0,0,0,0.0,0.0,0.8,0.0,0,0,0.0,0,0.0,0,no_tissue,efficient2,0.0,0.0,0.0,0.0,0.0,0.0,efficient2,0.0,0.0,0,0.0,0.0,0.6.2-M1.1,1080,0.9692433398421806,0.14387335439900611,0,0,0.0,0,0,0,0,0,0,0,0.0,0.0,0.0014130338666666162,0.011776723333333404,0.0003263858666666781,1,1080,0.013189757199999944,0.06025499771109837,0,0.0,0.0010866479999999657,0,0,0.0,0.0,0,0.011776723333333346,1728,0.0,0.0,0.0010866479999999657,0.0,0.0,0,0,0,0.7379208315801989,0.5141210081869538,0.999782800764151,0.9185678315403719,0.0,0.37601438638582396,0.01492663801443076,0.0,0.0,0,0,1,0,0.0,prepared_no_tissue,0.0,0.0,0.002185,0.0,0.0,0.0062665233333333535,0.0,0.0,0.0018809999999999999,0.0,0.0,0,0,0,0,0.0,0.0,0.0,0.6.3-NG1.0,0.0008274479999999594,3.147083333333371e-06,1,0.0,0.0,1,1,60.0000000000012,0.95,native,0,0.0,none,0.0,0.0,0.0,0,0,0,0.0,0,0.6-P1.1,0,0,0,0.0,0.0,0,0,5,1.092554690287494,0.0052222282506144135,cue_reversal,"[0.0, 0.0, 0.0, 0.0, 0.0, 0.0, 0.0, 0.0]",0,0,0.0,0.0,0.09791258484928807,full,0.0,0.0,0.0,0.007471835261744527,9,0,0.0,0,0,0.0,0.0,0,0,0.10943411124781807,5,7.378816677644345,3.4561556141843655,0.8150399064888112,0,0.6-P2.2,3,0,0,0,0.0,440,0.0,0.0,option_no_tissue,0.6-P0.2,0,0.0,0,0.0,0.745067136457756,0.008475519999999999,50.935085871450504,0.9494732323232354,0.7365916164577561,0.9994455077086689,0.718591616457756,0.6222189918490587,0.6093442303876123,0.0002592,0.010332523333333354,0,0,0.0,0.0,0,0.06220085264337683,0,60.0,6104,0.0,0.1,pulsed,0,150.0,0,registered-holdout,17.1129988923091,0.8150399064888112,3.9855592250823975,1.1604916669627485e-05
0.0,60.0000000000012,0.020738771510910137,5.0,0.7,1.0,always_no_tissue,1.0,periodic,1,5,0.6.4-AB1.1,registered-holdout,0,SOMA-CELL 0.6.4,4.046906491230567,1,0,0,always_no_tissue,0.33900197021194695,0.9359769193336356,0.11428571428571428,0.11428571428571428,0.11428571428571428,0,0,0.0,0,0,0.0,0.0,0,0,0.05539407182750268,0,0,0,0.0,0,0,0.0,0,0,0,0,0,0,0,0.0,0.0,0.0,0.0,active,0.0,0,0.6.1-D1.4,0.0,0,0,0,1080,5.146304838773969e-05,0.3671854027969257,0.4772898513011603,0.03497852094392772,0.32772546293409655,0.0,0.0,0,0.0,0,0,0.0,0,patchy,,0.0,0.0,0.9514263035456496,0.0,0.0,0.29696743158225003,0,0,True,0.05555555555555555,0,0,0.0,0.0,0,0.0,0,0,0.0,0.0,0,0,0.0,0,0.0,0.0,0,0.0,0.0,0,0.0,0,0.0,0,0.0,0,0,0,0.0,full,0,0,0.0,0,0.6-F2.0,0,0,0,0.0,0.7425814613262364,1,1,0,0,0,0,holdout,,1080,0,0,36.5536964582577,-1.6864991223997094e-05,-1.6864991223997094e-05,0.02648945424812698,0,496,0,0.00081754189227542,0.0,0.2428241783066782,0.0,0.6797035037238638,0.9693415876532041,0.02648945424812698,0.06851117837960898,4.0,2.648945424812698,31.0,496.0,0.04348805644068654,0.0,5.903074954186612e-11,1.6730819981295992,0.018871644589350586,0.07659394025692327,0.0,0.0,0.9746699130464472,0.015768199893219963,0.024625044090510615,4.0,0.0,1.9149797045383858,0.0,1.9501807055523872,-0.018221495213477334,0.09952112994114591,3,6.415166803711407e-09,0,0.0,0,0,0,0.0,0.0,0.0,0,0,0.0,0,0,0.0,0,0,0,0.0,0,0.0,0.0,0.0,0.0,0,0,0.0,0.0,0.8,0.0,0,0,0.0,0,0.0,0,no_tissue,efficient2,0.0,0.0,0.0,0.0,0.0,0.0,no_tissue,0.0,0.0,0,0.0,0.0,0.6.2-M1.1,1080,0.9693415876532041,0.14385048910436715,0,0,0.0,0,0,0,0,0,0,0,0.0,0.0,0.0,0.0,0.0,0,0,0.0,0.0,0,0.0,0.0,0,0,0.0,0.0,0,0.0,0,0.0,0.0,0.0,0.0,0.0,0,0,0,0.0,0.0,0.0,0.0,0.0,0.0,0.0,0.0,0.0,0,0,1,0,0.0,always_no_tissue,0.0,0.0,0.0,0.0,0.0,0.0,0.0,0.0,0.0,0.0,0.0,0,0,0,0,0.0,0.0,0.0,0.6.3-NG1.0,0.0,0.0,0,0.0,0.0,1,1,60.0000000000012,1.0,native,0,0.0,none,0.0,0.0,0.0,0,0,0,0.0,0,0.6-P1.1,0,0,0,0.0,0.0,0,0,5,1.0792612284890901,0.011246638882984729,cue_reversal,"[0.0, 0.0, 0.0, 0.0, 0.0, 0.0, 0.0, 0.0]",0,0,0.0,0.0,0.12110351953169309,none,0.0,0.0,0.0,0.03085062136513336,9,0,0.0,0,0,0.0,0.0,0,0,0.11276891879183609,5,7.307422190060464,3.48116271125983,0.8763201005763803,0,0.6-P2.2,3,0,0,0,0.0,440,0.0,0.0,always_no_tissue,0.6-P0.2,0,0.0,0,0.0,0.0,0.0,0.0,0.0,0.0,0.0,0.0,0.0,0.0,0.0,0.0,0,0,0.0,0.0,0,0.06421087613750123,0,60.0,6104,0.0,0.1,pulsed,0,150.0,0,registered-holdout,16.8661789245856,0.8763201005763803,3.252357006072998,1.1690726022223208e-05
0.0,60.0000000000012,0.009838177611743928,5.0,0.7,1.0,eager,1.0,periodic,1,5,0.6.4-AB1.1,registered-holdout,0,SOMA-CELL 0.6.4,4.22423575428597,1,0,0,eager,0.17896543347713723,0.9264423163269699,0.11428571428571428,0.11428571428571428,0.11428571428571428,0,0,0.0,0,0,0.0,0.0,0,0,0.053680833010951036,0,0,0,0.0,0,0,0.0,0,0,0,0,0,0,0,0.0,0.0,0.0,0.0,off,0.0,0,0.6.1-D1.4,0.0,0,0,0,1080,0.007937429988842346,0.35561602313464186,0.46256977310723213,0.049694654250991135,0.3212126986025048,0.0,0.0,0,0.0,0,0,0.0,0,patchy,,0.0,0.0,0.8625675765520314,0.0,0.0,0.2614943967228487,0,0,True,0.05555555555555555,0,0,0.0,0.0,0,0.0,0,0,0.0,0.0,0,0,0.0,0,0.0,0.0,0,0.0,0.0,0,0.0,0,0.0,0,0.0,0,0,0,0.0,full,697,697,0.0,0,0.6-F2.0,0,0,0,0.0,0.593809515966923,1,1,0,0,0,0,holdout,,1080,0,0,33.064066055708665,-1.9719936847906183e-05,-1.9719936847906183e-05,0.030635113722554976,0,624,0,0.0011457761959552093,0.0,0.24203310087659116,0.0,0.7016560895403485,0.9659283742245803,0.030635113722554976,0.08422556334542762,12.0,3.0635113722554976,39.0,624.0,0.04790899881754961,0.0,9.858539952070695e-09,1.6494043930909406,0.021009451081255223,0.06791476194158502,0.0,0.0,0.9626270946014066,0.015594094526229686,0.01829037389787788,4.0,0.0,1.7280922740104587,0.0,1.8378309026733393,-0.00597440621402122,0.07731648418440619,9,6.448929014872117e-09,0,0.0,0,0,0,0.0,0.0,0.0,0,0,0.0,0,0,0.0,0,0,0,0.0,0,0.0,0.0,0.0,0.0,0,0,0.0,0.0,0.8,0.0,0,0,0.0,0,0.0,0,no_tissue,efficient2,0.0,0.0,0.0,0.0,0.0,0.0,efficient2,0.0,0.0,0,0.0,0.0,0.6.2-M1.1,1080,0.9659283742245803,0.11638628928218532,0,0,0.0,0,0,0,0,0,0,0,0.0,0.0,0.14252958070823063,0.02272071555555563,0.000206457066666683,1,5439,0.16525029626378618,8.03301913927577,190,0.1448866651219177,0.008621649878488354,696,0,0.0,0.0,0,0.0019207155555555488,3022,0.1344866651219177,0.020014808641158233,0.007836458519646582,0.0007851913588417713,0.0,3,1,1,0.7386703708203174,0.48380012513993725,0.9994829592340937,0.9548479103959876,0.0,0.35236409760915105,0.010564372681200996,0.0024500000000000012,0.0,0,0,0,0,0.0018800000000000004,demand,0.0,0.0021,0.0002000000000000001,0.0021,0.0064,0.00019651555555555493,0.0064,0.0019,8.00000000000001e-05,0.0019,0.0005700000000000008,2,1,1,1,0.0,0.0060999625850126134,0.00961480864115823,0.6.3-NG1.0,0.0008274479999999594,3.147083333333371e-06,0,38.66666666666726,0.05555555555555555,1,1,60.0000000000012,1.0,native,0,0.0,none,0.0,0.0,0.0,0,0,0,0.0,0,0.6-P1.1,0,0,0,0.0,0.0,0,0,5,1.0901618223882559,0.006265906177021459,cue_reversal,"[0.0, 0.0, 0.0, 0.0, 0.0, 0.0, 0.0, 0.0]",0,0,0.0,0.0,0.10905582126932921,full,0.0,0.0,0.0,0.009866097603119635,9,0,0.0,697,697,0.0,0.0,0,0,0.11189094951719353,5,7.456200217895325,3.483642760934757,0.7101678852577326,0,0.6-P2.2,3,1,0,0,0.0,440,0.0,0.0,eager,0.6-P0.2,1,0.0,0,1.0,0.547880027091355,0.0089216,39.225202030308395,0.02977508417508408,0.538958427091355,0.02977508417508408,0.520958427091355,0.6962603584105767,0.581846646912471,0.0002172000000000003,0.0004765155555555551,0,0,0.0,0.0,0,0.05397351006354532,0,60.0,6104,0.0,0.1,pulsed,0,150.0,0,registered-holdout,17.116808132056338,0.7101678852577326,7.686586380004883,1.125343532998313e-05
0.0,60.0000000000012,0.0208763429559212,5.0,0.7,1.0,always_efficient2,1.0,periodic,1,5,0.6.4-AB1.1,registered-holdout,0,SOMA-CELL 0.6.4,4.366785505129639,1,0,0,always_efficient2,0.338934702435372,0.9466898252495453,0.11428571428571428,0.11428571428571428,0.11428571428571428,0,0,0.0,0,0,0.0,0.0,0,0,0.058249922831495084,0,0,0,0.0,0,0,0.0,0,0,0,0,0,0,0,0.0,0.0,0.0,0.0,off,0.0,0,0.6.1-D1.4,0.0,0,0,1,1080,0.015251744528637284,0.38509883804152534,0.521099099728381,0.020545761868684623,0.3699530848736914,0.0,0.0,0,0.0,0,0,0.0,0,patchy,,0.0,0.0,1.0525353904776642,0.0,0.0,0.3245868828324169,0,0,True,0.05555555555555555,0,0,0.0,0.0,0,0.0,0,0,0.0,0.0,0,13,0.0,13,0.78,0.78,0,0.0,0.0,0,0.0001033853333333338,1,0.00021147000000000128,0,0.0,0,0,0,1.0,full,1080,1080,0.0,0,0.6-F2.0,10,0,1,0.0,0.8500007155394499,1,1,0,0,0,0,holdout,,1080,0,0,36.55941110804241,-1.797818939763829e-05,-1.797818939763829e-05,0.02634884254986716,0,624,0,0.0008482209891528354,0.0,0.24278898785507275,0.0,0.710029482447418,0.9690779252780697,0.02634884254986716,0.06887018844430609,12.0,2.6348842549867157,39.0,624.0,0.04379354374515688,0.0,7.43610917940749e-08,1.6903858733053938,0.019036516412801577,0.07710388440313264,0.0,0.0,0.9743320838142543,0.015772664785084302,0.022985278546157555,4.0,0.0,1.8037232811792303,0.0,1.8934827668023764,-0.013817791050478727,0.07925232472444474,5,1.3447619186867332e-08,0,0.0,0,0,0,0.0,0.0,0.0,0,0,0.0,0,0,0.0,0,0,0,1.0,0,0.0,0.0,0.0,0.0,0,0,1.0,0.0,0.8,0.0,0,0,0.0,0,0.0,2,no_tissue,efficient2,0.0027098480000000025,3.78e-06,0.0015080000000000002,0.0,0.0012018480000000025,3.78e-06,efficient2,0.0,0.0,0,0.0,0.0,0.6.2-M1.1,1080,0.9690779252780697,0.19576467196670289,0,0,0.0,0,0,0,0,0,0,0,0.0,0.0,0.020978088360559984,0.028391535677508985,0.0057549669071256995,3,5766,0.049369624038068924,1.170873705271839,225,5.6698953592371724e-05,0.01741457512749155,822,0,5.6698953592371724e-05,0.0,1080,0.026143383049859668,3241,5.6698953592371724e-05,0.0,0.01516642249984212,0.0022481526276494313,0.0,0,1,0,0.0,0.0,0.0,0.0,0.0,0.0,0.0,0.0027098480000000025,3.78e-06,1,0,0,0,0.0015080000000000002,always_efficient2,0.0,0.0,0.0,0.0,0.0,0.0,0.0,0.0,0.0,0.0,0.0012018480000000025,0,0,0,0,0.0,0.0,0.0,0.6.3-NG1.0,0.0,0.0,0,0.0,0.0,1,1,60.0000000000012,1.0,native,0,0.0,none,0.0,0.0,0.0,0,0,0,0.0,0,0.6-P1.1,0,0,0,0.0,45.66666666666746,0,4,5,1.0791236570440788,0.010126673048874137,cue_reversal,"[0.0225, 0.0225, 0.0225, 0.0225, 0.0225, 0.0225, 0.0225, 0.0225]",4,0,0.016558295863440653,0.0,0.10791632657852848,full,0.5339280066563391,0.0034485584227059423,0.002248152627649439,0.020897255785404162,9,377,0.0,1080,1080,0.0,0.010404875640021906,1599,60,0.10798044508888131,5,7.200006880568726,3.4042593782575183,1.0457444746766698,0,0.6-P2.2,3,1,0,1,9.448396443383486e-05,440,0.0,0.0,always_efficient2,0.6-P0.2,0,0.0,0,0.0,0.0,0.0,0.0,0.0,0.0,0.0,0.0,0.0,0.0,0.0,0.0,0,0,0.0,0.0,0,0.06387812352728676,0,60.0,6104,0.0,0.1,pulsed,0,150.0,0,registered-holdout,17.102710811477625,1.0457444746766698,11.793472528457642,1.4900953518762194e-05
0.0,60.0000000000012,0.008510182712933589,5.0,0.7,1.0,random_cost_matched,1.0,periodic,1,5,0.6.4-AB1.1,registered-holdout,0,SOMA-CELL 0.6.4,4.222547347417162,1,0,0,random_cost_matched,0.15585861440098936,0.918964926038142,0.11428571428571428,0.11428571428571428,0.11428571428571428,0,0,0.0,0,0,0.0,0.0,0,0,0.053389993379624856,0,0,0,0.0,0,0,0.0,0,0,0,0,0,0,0,0.0,0.0,0.0,0.0,off,0.0,0,0.6.1-D1.4,0.0,0,0,0,1080,0.0011456036909658263,0.36398014426869035,0.4719844039560913,0.04030165202110566,0.3242097396926261,0.0,0.0,0,0.0,0,0,0.0,0,patchy,,0.0,0.0,0.8550797463457068,0.0,0.0,0.2596802870224098,0,0,True,0.05555555555555555,0,0,0.0,0.0,0,0.0,0,0,0.0,0.0,0,0,0.0,0,0.0,0.0,0,0.0,0.0,0,0.0,0,0.0,0,0.0,0,0,0,0.0,full,0,0,0.0,0,0.6-F2.0,0,0,0,0.0,0.5872024569980804,1,1,0,0,0,0,holdout,,1080,0,0,33.13774829131989,-2.016926752901327e-05,-2.016926752901327e-05,0.027103656929605736,0,624,0,0.001033867881686601,0.0,0.2424429282264771,0.0,0.7018448050608724,0.9662009146472378,0.027103656929605736,0.06763668823185777,12.0,2.7103656929605737,39.0,624.0,0.04753824101068451,0.0,1.2973421787497378e-09,1.6491198357556551,0.02083847285968532,0.06795148918937946,0.0,0.0,0.9718797218554094,0.015622624865033042,0.017375215614082538,4.0,0.0,1.7457003085933072,0.0,1.8565570960476254,-0.004821146604966546,0.053277618196061124,5,6.469910760004621e-09,0,0.0,0,0,0,0.0,0.0,0.0,0,0,0.0,0,0,0.0,0,0,0,0.0,0,0.0,0.0,0.0,0.0,0,0,0.0,0.0,0.8,0.0,0,0,0.0,0,0.0,0,no_tissue,efficient2,0.0,0.0,0.0,0.0,0.0,0.0,efficient2,0.0,0.0,0,0.0,0.0,0.6.2-M1.1,1080,0.9662009146472378,0.11451596678144017,0,0,0.0,0,0,0,0,0,0,0,0.0,0.0,0.0012529768666666315,0.01232071555555563,0.00020832886666668324,1,1080,0.013573692422222183,0.10238274591109497,0,0.0,0.0010446479999999647,0,0,0.0,0.0,0,0.01232071555555557,1623,0.0,0.0,0.0010446479999999647,0.0,0.0,0,0,0,0.7434288373665927,0.48738458796040934,0.9996155019411412,0.9588508081380387,0.0,0.3551599786091193,0.010589317281661485,0.0,0.0,0,0,1,0,0.0,random_cost_matched,0.0,0.0,0.0023,0.0,0.0,0.006596515555555576,0.0,0.0,0.00198,0.0,0.0,0,0,0,0,0.0,0.0,0.0,0.6.3-NG1.0,0.0008274479999999594,3.147083333333371e-06,0,0.0,0.0,1,1,60.0000000000012,1.0,native,0,0.0,none,0.0,0.0,0.0,0,0,0,0.0,0,0.6-P1.1,0,0,0,0.0,0.0,0,0,5,1.0914898172870664,0.005723610454851085,cue_reversal,"[0.0, 0.0, 0.0, 0.0, 0.0, 0.0, 0.0, 0.0]",0,0,0.0,0.0,0.1069893265649801,full,0.0,0.0,0.0,0.00853851250808025,9,0,0.0,0,0,0.0,0.0,0,0,0.11197867592345793,5,7.462807276864168,3.4855134932392726,0.7016900939843739,0,0.6-P2.2,3,0,0,0,0.0,440,0.0,0.0,random_cost_matched,0.6-P0.2,1,0.0,0,1.0,0.5575280621693014,0.0089216,39.225202030308395,0.999472053872057,0.5486064621693014,0.999472053872057,0.5306064621693014,0.707574450334275,0.5920948793873545,0.0002172000000000003,0.010876515555555577,1,0,0.0,0.0,0,0.05443174284879645,0,60.0,6104,0.0,0.1,pulsed,0,150.0,0,registered-holdout,17.117437681153376,0.7016900939843739,3.954038143157959,1.125343532998313e-05
0.0,60.0000000000012,0.006950955433500649,5.0,0.7,0.95,conditional,1.0,periodic,1,5,0.6.4-AB1.1,registered-holdout,0,SOMA-CELL 0.6.4,3.932190256306224,1,0,0,conditional,0.12968073416494194,0.30749748588583325,0.11428571428571428,0.11428571428571428,0.11428571428571428,0,0,0.0,0,0,0.0,0.0,0,0,0.04483013080017256,0,0,0,0.0,0,0,0.0,0,0,0,0,0,0,0,0.0,0.0,0.0,0.0,off,0.0,0,0.6.1-D1.4,0.0,0,0,0,1080,0.005657897730694544,0.33251915158404605,0.19837255557156264,0.33033444731650885,0.2260609026738641,0.0,0.0,0,0.0,0,0,0.0,0,patchy,,0.0,0.0,0.4984922121968851,0.0,0.0,0.1493393248277535,0,0,True,0.05555555555555555,0,0,0.0,0.0,0,0.0,0,0,0.0,0.0,0,0,0.0,0,0.0,0.0,0,0.0,0.0,0,0.0,0,0.0,0,0.0,0,0,0,0.0,full,313,313,0.0,0,0.6-F2.0,0,0,0,0.0,0.024307560388197567,1,1,0,0,0,0,holdout,,1080,0,0,27.311559398509427,-1.5189190460063173e-05,-1.5189190460063173e-05,0.03511831877163488,0,624,0,0.0023399299616998987,0.0,0.24105357124034776,0.0,0.6509022966000829,0.9589918133836236,0.03511831877163488,0.07360376938960883,12.0,3.5118318771634875,39.0,624.0,0.057002996172772165,0.0,3.0491996036492297e-09,1.5054986150331944,0.025377418638083713,0.05563134620858052,0.0,0.0,0.9533137743013809,0.01627787916482781,0.015562423867221066,4.0,0.0,1.3890269035379577,0.0,1.6333764560876498,0.0007674270608840727,0.00908213036000799,0,1.668004114141846e-08,0,0.0,0,0,0,0.0,0.0,0.0,0,0,0.0,0,0,0.0,0,0,0,0.0,0,0.0,0.0,0.0,0.0,0,0,0.0,0.0,0.8,0.0,0,0,0.0,0,0.0,0,no_tissue,efficient2,0.0,0.0,0.0,0.0,0.0,0.0,efficient2,0.0,0.0,0,0.0,0.0,0.6.2-M1.1,1080,0.9589918133836236,0.009008721254599807,0,0,0.0,0,0,0,0,0,0,0,0.0,0.0,0.06579690075377952,0.021236731944444358,6.039072222222301e-05,1,3036,0.08703363269822388,5.91198252473971,183,0.07042942301110938,0.00612233732916671,312,0,0.0,0.0,0,0.0007353763888888884,2062,0.06017874523333171,0.019936783024614615,0.005557764798225968,0.0005645725309407418,0.0,3,1,0,0.7360257674519415,0.8818627076327253,0.9943965195294036,0.9902589117209366,0.0,0.5078529119535258,6.150039740966546e-07,0.0009000000000000002,0.0,0,0,1,0,0.0006400000000000002,demand,0.0,0.0021,8.5e-05,0.0021,0.006269677777777679,0.0,0.006269677777777679,0.0018809999999999999,0.0,0.0018809999999999999,0.00026000000000000003,1,1,0,1,0.0,0.006922767522924422,0.009686105246836937,0.6.3-NG1.0,0.00035016561111113527,2.812500000000009e-07,0,17.33333333333332,0.05555555555555555,1,1,60.0000000000012,0.95,native,0,0.0,none,0.0,0.0,0.0,0,0,0,0.0,0,0.6-P1.1,0,0,0,0.0,0.0,0,0,5,1.0930490445664993,0.0,cue_reversal,"[0.0, 0.0, 0.0, 0.0, 0.0, 0.0, 0.0, 0.0]",0,0,0.0,0.0,0.10129278080324745,full,0.0,0.0,0.0,0.006978456162475596,9,0,0.0,313,313,0.0,0.0,0,0,0.1210566882682536,5,8.025702474947114,3.591021819789491,0.033288780913822424,0,0.6-P2.2,3,1,0,0,0.0,440,0.0,0.0,conditional,0.6-P0.2,1,0.0,1,0.0,0.44597684854464276,0.0,20.833333333333776,0.0,0.44597684854464276,0.0,0.42797684854464274,0.8576729621845537,0.8919536823291712,0.00014040000000000016,8.5e-05,0,0,0.0,0.0,0,0.03494140523243817,0,60.0,6105,0.0,0.1,pulsed,0,150.0,0,registered-holdout,17.140455807806212,0.033288780913822424,5.826714038848877,3.574736696712599e-05
0.0,60.0000000000012,0.008755254006916706,5.0,0.7,0.95,option_no_tissue,1.0,periodic,1,5,0.6.4-AB1.1,registered-holdout,0,SOMA-CELL 0.6.4,3.9373277871855286,1,0,0,option_no_tissue,0.16051621789580808,0.4218519921916685,0.11428571428571428,0.11428571428571428,0.11428571428571428,0,0,0.0,0,0,0.0,0.0,0,0,0.04521740089680877,0,0,0,0.0,0,0,0.0,0,0,0,0,0,0,0,0.0,0.0,0.0,0.0,off,0.0,0,0.6.1-D1.4,0.0,0,0,0,1080,0.0011112186717063255,0.3315748320500588,0.16009532973169077,0.3663698836476849,0.25122805774214846,0.0,0.0,0,0.0,0,0,0.0,0,patchy,,0.0,0.0,0.4996606253525238,0.0,0.0,0.1457488305700982,0,0,True,0.05555555555555555,0,0,0.0,0.0,0,0.0,0,0,0.0,0.0,0,0,0.0,0,0.0,0.0,0,0.0,0.0,0,0.0,0,0.0,0,0.0,0,0,0,0.0,full,0,0,0.0,0,0.6-F2.0,0,0,0,0.0,0.028811060995313213,1,1,0,0,0,0,holdout,,1080,0,0,27.443530576176855,-1.4519855149330851e-05,-1.4519855149330851e-05,0.03359613634896065,0,624,0,0.001739182536094593,0.0,0.24140428952579235,0.0,0.6508702832324044,0.9581720514920384,0.03359613634896065,0.07191802331854302,12.0,3.359613634896065,39.0,624.0,0.0582192665241806,0.0,1.0914064156381577e-10,1.508418661071988,0.025895710713394207,0.05581655303805299,0.0,0.0,0.963438284207532,0.01673888191014421,0.02148118769189483,4.0,0.0,1.4047748078751896,0.0,1.6496292689940635,-0.009593021460335907,0.013528416921224608,1,5.6003987607853535e-09,0,0.0,0,0,0,0.0,0.0,0.0,0,0,0.0,0,0,0.0,0,0,0,0.0,0,0.0,0.0,0.0,0.0,0,0,0.0,0.0,0.8,0.0,0,0,0.0,0,0.0,0,no_tissue,efficient2,0.0,0.0,0.0,0.0,0.0,0.0,efficient2,0.0,0.0,0,0.0,0.0,0.6.2-M1.1,1080,0.9581720514920384,0.009534309859036673,0,0,0.0,0,0,0,0,0,0,0,0.0,0.0,0.0011889219333333085,0.011776151666666693,0.00017667393333334756,1,1080,0.012965073599999972,0.1380384858222007,0,0.0,0.0010122479999999639,0,0,0.0,0.0,0,0.011776151666666682,1542,0.0,0.0,0.0010122479999999639,0.0,0.0,0,0,0,0.7463521116047608,0.487966436271903,0.9996778291235219,0.9926488526929058,0.0,0.3556138202920843,0.0002725083930033584,0.0,0.0,0,0,1,0,0.0,prepared_no_tissue,0.0,0.0,0.002185,0.0,0.0,0.00626595166666669,0.0,0.0,0.0018809999999999999,0.0,0.0,0,0,0,0,0.0,0.0,0.0,0.6.3-NG1.0,0.0008274479999999594,3.147083333333371e-06,0,0.0,0.0,1,1,60.0000000000012,0.95,native,0,0.0,none,0.0,0.0,0.0,0,0,0,0.0,0,0.6-P1.1,0,0,0,0.0,0.0,0,0,5,1.0912447459930832,0.0037350212017687786,cue_reversal,"[0.0, 0.0, 0.0, 0.0, 0.0, 0.0, 0.0, 0.0]",0,0,0.0,0.0,0.13479289353411392,full,0.0,0.0,0.0,0.008780987303955629,9,0,0.0,0,0,0.0,0.0,0,0,0.1248405333439317,5,8.0211987875285,3.5904963723148478,0.038319637557310965,0,0.6-P2.2,3,0,0,0,0.0,440,0.0,0.0,option_no_tissue,0.6-P0.2,0,0.0,0,0.0,0.4012717538066649,0.008475519999999999,31.388888888889625,0.9493866161616198,0.3927962338066649,0.999354332801705,0.3747962338066649,0.6474145152677308,0.5326572792556719,0.00018480000000000024,0.01033195166666669,0,0,0.0,0.0,0,0.03535511871509627,0,60.0,6105,0.0,0.1,pulsed,0,150.0,0,registered-holdout,17.139928318374483,0.038319637557310965,4.067423343658447,2.0621832220873992e-05
0.0,60.0000000000012,0.008912691373848055,5.0,0.7,1.0,always_no_tissue,1.0,periodic,1,5,0.6.4-AB1.1,registered-holdout,0,SOMA-CELL 0.6.4,3.7289533336209266,1,0,0,always_no_tissue,0.1632582211673257,0.7395099256438239,0.11428571428571428,0.11428571428571428,0.11428571428571428,0,0,0.0,0,0,0.0,0.0,0,0,0.04392549294296242,0,0,0,0.0,0,0,0.0,0,0,0,0,0,0,0,0.0,0.0,0.0,0.0,active,0.0,0,0.6.1-D1.4,0.0,0,0,0,1080,4.59055187124723e-05,0.2747430221588663,0.14661089569468816,0.3657228977035346,0.3049004172120488,0.0,0.0,0,0.0,0,0,0.0,0,patchy,,0.0,0.0,0.5331200659814584,0.0,0.0,0.15688769516140666,0,0,True,0.05555555555555555,0,0,0.0,0.0,0,0.0,0,0,0.0,0.0,0,0,0.0,0,0.0,0.0,0,0.0,0.0,0,0.0,0,0.0,0,0.0,0,0,0,0.0,full,0,0,0.0,0,0.6-F2.0,0,0,0,0.0,0.08564614375017036,1,1,0,0,0,0,holdout,,1080,0,0,29.20380811462534,-1.72053201872302e-05,-1.72053201872302e-05,0.028871434808800753,0,496,0,0.0013642434112841073,0.0,0.24191833331287763,0.0,0.6295978781579589,0.9619311394576388,0.028871434808800753,0.06913998620916928,4.0,2.8871434808800753,31.0,496.0,0.0529734236675012,0.0,1.4969662086478522e-10,1.5181031304327617,0.023522673626551232,0.05940323203006278,0.0,0.0,0.9678682028821957,0.017435894303340357,0.012019772341846487,4.0,0.0,1.5023583152296418,0.0,1.709695978889271,0.00023552691209952978,0.08391964235397348,1,1.6548698187058606e-10,0,0.0,0,0,0,0.0,0.0,0.0,0,0,0.0,0,0,0.0,0,0,0,0.0,0,0.0,0.0,0.0,0.0,0,0,0.0,0.0,0.8,0.0,0,0,0.0,0,0.0,0,no_tissue,efficient2,0.0,0.0,0.0,0.0,0.0,0.0,no_tissue,0.0,0.0,0,0.0,0.0,0.6.2-M1.1,1080,0.9619311394576388,0.022010321296723406,0,0,0.0,0,0,0,0,0,0,0,0.0,0.0,0.0,0.0,0.0,0,0,0.0,0.0,0,0.0,0.0,0,0,0.0,0.0,0,0.0,0,0.0,0.0,0.0,0.0,0.0,0,0,0,0.0,0.0,0.0,0.0,0.0,0.0,0.0,0.0,0.0,0,0,1,0,0.0,always_no_tissue,0.0,0.0,0.0,0.0,0.0,0.0,0.0,0.0,0.0,0.0,0.0,0,0,0,0,0.0,0.0,0.0,0.6.3-NG1.0,0.0,0.0,0,0.0,0.0,1,1,60.0000000000012,1.0,native,0,0.0,none,0.0,0.0,0.0,0,0,0,0.0,0,0.6-P1.1,0,0,0,0.0,0.0,0,0,5,1.0910873086261519,0.001723033112401973,cue_reversal,"[0.0, 0.0, 0.0, 0.0, 0.0, 0.0, 0.0, 0.0]",0,0,0.0,0.0,0.11506344931481022,none,0.0,0.0,0.0,0.00892323705678675,9,0,0.0,0,0,0.0,0.0,0,0,0.11910170222893919,5,7.964356999293701,3.5780035792837213,0.10764591936395507,0,0.6-P2.2,3,0,0,0,0.0,440,0.0,0.0,always_no_tissue,0.6-P0.2,0,0.0,0,0.0,0.0,0.0,0.0,0.0,0.0,0.0,0.0,0.0,0.0,0.0,0.0,0,0,0.0,0.0,0,0.04164622824850171,0,60.0,6105,0.0,0.1,pulsed,0,150.0,0,registered-holdout,16.89552128680596,0.10764591936395507,3.202895164489746,2.851181899604649e-06
0.0,60.0000000000012,0.007827230685258736,5.0,0.7,1.0,eager,1.0,periodic,1,5,0.6.4-AB1.1,registered-holdout,0,SOMA-CELL 0.6.4,3.9413849748238126,1,0,0,eager,0.14515014554641845,0.5675410762818999,0.11428571428571428,0.11428571428571428,0.11428571428571428,0,0,0.0,0,0,0.0,0.0,0,0,0.046115961007259364,0,0,0,0.0,0,0,0.0,0,0,0,0,0,0,0,0.0,0.0,0.0,0.0,off,0.0,0,0.6.1-D1.4,0.0,0,0,0,1080,0.006003620688355186,0.322252242288347,0.14933810213681495,0.37219976182654174,0.26493022438689906,0.0,0.0,0,0.0,0,0,0.0,0,patchy,,0.0,0.0,0.5161813221753666,0.0,0.0,0.15278661453695325,0,0,True,0.05555555555555555,0,0,0.0,0.0,0,0.0,0,0,0.0,0.0,0,0,0.0,0,0.0,0.0,0,0.0,0.0,0,0.0,0,0.0,0,0.0,0,0,0,0.0,full,314,314,0.0,0,0.6-F2.0,0,0,0,0.0,0.04890205466197144,1,1,0,0,0,0,holdout,,1080,0,0,27.303636976637534,-1.5412729890584842e-05,-1.5412729890584842e-05,0.03682097040923614,0,624,0,0.0025935203007191186,0.0,0.2409028250874279,0.0,0.6508392645596015,0.9582071997965514,0.03682097040923614,0.07456980805500034,12.0,3.682097040923614,39.0,624.0,0.058061024728205846,0.0,7.353447878041351e-10,1.5076461469960118,0.02587347920287957,0.055638441510498515,0.0,0.0,0.9513356837506748,0.016901206972111508,0.020064864641465258,4.0,0.0,1.3872631728354534,0.0,1.629051399991697,-0.0020197614099377787,0.02037236852062282,2,4.823668569675005e-09,0,0.0,0,0,0,0.0,0.0,0.0,0,0,0.0,0,0,0.0,0,0,0,0.0,0,0.0,0.0,0.0,0.0,0,0,0.0,0.0,0.8,0.0,0,0,0.0,0,0.0,0,no_tissue,efficient2,0.0,0.0,0.0,0.0,0.0,0.0,efficient2,0.0,0.0,0,0.0,0.0,0.6.2-M1.1,1080,0.9582071997965514,0.012002977734965739,0,0,0.0,0,0,0,0,0,0,0,0.0,0.0,0.15370930124929638,0.022720151666666695,0.00017600213333334735,1,3037,0.17642945291596304,6.277044534163595,207,0.15802826108643858,0.006474236030872407,313,0,0.0,0.0,0,0.001920151666666659,2175,0.1476282610864386,0.02023080199865274,0.005905038029525145,0.0005691980013472619,0.0,3,1,0,0.7465178176781574,0.4787053720376995,0.9996885965050444,0.9896309886832503,0.0,0.3483901901894056,0.0009003480944441761,0.0006440000000000001,0.0,0,0,1,0,0.0003840000000000001,demand,0.0,0.0021,0.0002000000000000001,0.0021,0.0064,0.00019595166666666532,0.0064,0.0019,8.00000000000001e-05,0.0019,0.00026000000000000003,1,1,0,1,0.0,0.00775108398904516,0.009830801998652739,0.6.3-NG1.0,0.0008274479999999594,3.147083333333371e-06,0,17.38888888888888,0.05555555555555555,1,1,60.0000000000012,1.0,native,0,0.0,none,0.0,0.0,0.0,0,0,0,0.0,0,0.6-P1.1,0,0,0,0.0,0.0,0,0,5,1.092172769314741,0.0024076529863759927,cue_reversal,"[0.0, 0.0, 0.0, 0.0, 0.0, 0.0, 0.0, 0.0]",0,0,0.0,0.0,0.11007307687583445,full,0.0,0.0,0.0,0.007851782615889053,9,0,0.0,314,314,0.0,0.0,0,0,0.11943809861397843,5,8.001107513102335,3.5880273170139745,0.06088048046630687,0,0.6-P2.2,3,1,0,0,0.0,440,0.0,0.0,eager,0.6-P0.2,1,0.0,0,1.0,0.3977509685765994,0.0089216,31.6666666666674,0.029689646464646263,0.38882936857659944,0.029689646464646263,0.3708293685765994,0.6374501233638162,0.5233423215782327,0.00018480000000000024,0.0004759516666666655,0,0,0.0,0.0,0,0.03491073844569456,0,60.0,6105,0.0,0.1,pulsed,0,150.0,0,registered-holdout,17.13887389643023,0.06088048046630687,5.779644250869751,2.0598064159549345e-05
0.0,60.0000000000012,0.009339347882104528,5.0,0.7,1.0,always_efficient2,1.0,periodic,1,5,0.6.4-AB1.1,registered-holdout,0,SOMA-CELL 0.6.4,3.9289851052308555,1,0,0,always_efficient2,0.16851894185671512,0.1617313846616939,0.11428571428571428,0.11428571428571428,0.11428571428571428,0,0,0.0,0,0,0.0,0.0,0,0,0.04452651962151192,0,0,0,0.0,0,0,0.0,0,0,0,0,0,0,0,0.0,0.0,0.0,0.0,off,0.0,0,0.6.1-D1.4,0.0,0,0,1,1080,0.011810314114842702,0.2981980314098212,0.14786825839999315,0.36632858398781665,0.28344238806514677,0.0,0.0,0,0.0,0,0,0.0,0,patchy,,0.0,0.0,0.48559278868771816,0.0,0.0,0.14223993311833993,0,0,True,0.05555555555555555,0,0,0.0,0.0,0,0.0,0,0,0.0,0.0,0,13,0.0,13,0.78,0.78,0,0.0,0.0,0,3.1741111111111055e-05,1,6.492499999999987e-05,0,0.0,0,0,0,1.0,full,1080,1080,0.0,0,0.6-F2.0,6,0,1,0.0,0.00855672349356636,1,1,0,0,0,0,holdout,,1080,0,0,27.193028141490633,-1.4051719716690059e-05,-1.4051719716690059e-05,0.03242247424712098,0,624,0,0.0017207568514368114,0.0,0.24145158260277494,0.0,0.6501127298904417,0.9583753458589251,0.03242247424712098,0.07064990006128216,12.0,3.2422474247120983,39.0,624.0,0.05780819624073412,0.0,7.15589962996315e-63,1.4981839116127587,0.02576713710458455,0.05532766209234633,0.0,0.0,0.9640455239588137,0.017098484884524454,0.017213202004102042,4.0,0.0,1.4002478842876083,0.0,1.6484368896563095,-0.001805377647862759,0.0041022853918133845,0,9.0057756714e-10,0,0.0,0,0,0,0.0,0.0,0.0,0,0,0.0,0,0,0.0,0,0,0,1.0,0,0.0,0.0,0.0,0.0,0,0,1.0,0.0,0.8,0.0,0,0,0.0,0,0.0,2,no_tissue,efficient2,0.0012006160000000024,1.2600000000000002e-06,0.0,0.0,0.0012006160000000024,1.2600000000000002e-06,efficient2,0.0,0.0,0,0.0,0.0,0.6.2-M1.1,1080,0.9583753458589251,0.005613169760516135,0,0,0.0,0,0,0,0,0,0,0,0.0,0.0,0.018830499872792207,0.027327431733521527,0.007036152948225556,3,5498,0.04615793160631371,0.9379240463060613,243,6.562826053417917e-05,0.01315172880649864,600,0,6.562826053417917e-05,0.0,1080,0.025904421591055604,3241,6.562826053417917e-05,0.0,0.011728718664032687,0.0014230101424659526,0.0,0,1,0,0.0,0.0,0.0,0.0,0.0,0.0,0.0,0.0012006160000000024,1.2600000000000002e-06,1,0,0,0,0.0,always_efficient2,0.0,0.0,0.0,0.0,0.0,0.0,0.0,0.0,0.0,0.0,0.0012006160000000024,0,0,0,0,0.0,0.0,0.0,0.6.3-NG1.0,0.0,0.0,0,0.0,0.0,1,1,60.0000000000012,1.0,native,0,0.0,none,0.0,0.0,0.0,0,0,0,0.0,0,0.6-P1.1,0,0,0,0.0,33.333333333333776,0,0,5,1.0906606521178954,0.0007682338309890226,cue_reversal,"[0.0225, 0.0225, 0.0225, 0.0225, 0.0225, 0.0225, 0.0225, 0.0225]",0,0,0.0038388416448549324,0.0,0.1259996731101494,full,0.38582689103937967,0.0016684876455077614,0.0014230101424659496,0.00936039027167577,9,0,0.6666666666662238,1080,1080,0.0,0.011695862169339693,1196,52,0.1274258471845055,5,8.041450958120155,3.5944122143628956,0.01414885086451125,0,0.6-P2.2,3,1,0,1,2.859955910505857e-05,440,0.0,0.0,always_efficient2,0.6-P0.2,0,0.0,0,0.0,0.0,0.0,0.0,0.0,0.0,0.0,0.0,0.0,0.0,0.0,0.0,0,0,0.0,0.0,0,0.03475436871745491,0,60.0,6105,0.0,0.1,pulsed,0,150.0,0,registered-holdout,17.14110171851952,0.01414885086451125,11.0661301612854,1.0647308559125213e-05
0.0,60.0000000000012,0.008314575998884209,5.0,0.7,1.0,random_cost_matched,1.0,periodic,1,5,0.6.4-AB1.1,registered-holdout,0,SOMA-CELL 0.6.4,3.9457293984886253,1,0,0,random_cost_matched,0.15362257244378438,0.608041183622101,0.11428571428571428,0.11428571428571428,0.11428571428571428,0,0,0.0,0,0,0.0,0.0,0,0,0.045733167344038435,0,0,0,0.0,0,0,0.0,0,0,0,0,0,0,0,0.0,0.0,0.0,0.0,off,0.0,0,0.6.1-D1.4,0.0,0,0,0,1080,0.0011111970579301537,0.32190535665427833,0.1889105533727263,0.3345794361867653,0.23918097259590962,0.0,0.0,0,0.0,0,0,0.0,0,patchy,,0.0,0.0,0.5194840486217447,0.0,0.0,0.15736978654353068,0,0,True,0.05555555555555555,0,0,0.0,0.0,0,0.0,0,0,0.0,0.0,0,0,0.0,0,0.0,0.0,0,0.0,0.0,0,0.0,0,0.0,0,0.0,0,0,0,0.0,full,0,0,0.0,0,0.6-F2.0,0,0,0,0.0,0.06285214726196015,1,1,0,0,0,0,holdout,,1080,0,0,27.85584747675397,-1.5029406689848201e-05,-1.5029406689848201e-05,0.033551463102437826,0,624,0,0.0017271296365137469,0.0,0.2414264851978084,0.0,0.6508315944377485,0.958433527716537,0.033551463102437826,0.07344640453816977,12.0,3.3551463102437826,39.0,624.0,0.05781661150564931,0.0,2.4845981356826896e-08,1.508364475014059,0.025730344983697605,0.05739874812559457,0.0,0.0,0.9633925694915964,0.01643825310815321,0.021716676477833822,4.0,0.0,1.4051064741987749,0.0,1.6500046377314381,-0.0016588435850340047,0.013163159116148045,3,5.4374303014749706e-09,0,0.0,0,0,0,0.0,0.0,0.0,0,0,0.0,0,0,0.0,0,0,0,0.0,0,0.0,0.0,0.0,0.0,0,0,0.0,0.0,0.8,0.0,0,0,0.0,0,0.0,0,no_tissue,efficient2,0.0,0.0,0.0,0.0,0.0,0.0,efficient2,0.0,0.0,0,0.0,0.0,0.6.2-M1.1,1080,0.958433527716537,0.00507060718856931,0,0,0.0,0,0,0,0,0,0,0,0.0,0.0,0.0011903458666666417,0.012320151666666695,0.000178097866666681,1,1080,0.013510497533333306,0.1375323836888675,0,0.0,0.0010122479999999639,0,0,0.0,0.0,0,0.012320151666666682,1542,0.0,0.0,0.0010122479999999639,0.0,0.0,0,0,0,0.7462907963386596,0.4842713228754518,0.9996725578920881,0.9900705768289333,0.0,0.3527316318428524,0.001250823581600816,0.0,0.0,0,0,1,0,0.0,random_cost_matched,0.0,0.0,0.0023,0.0,0.0,0.006595951666666691,0.0,0.0,0.00198,0.0,0.0,0,0,0,0,0.0,0.0,0.0,0.6.3-NG1.0,0.0008274479999999594,3.147083333333371e-06,0,0.0,0.0,1,1,60.0000000000012,1.0,native,0,0.0,none,0.0,0.0,0.0,0,0,0,0.0,0,0.6-P1.1,0,0,0,0.0,0.0,0,0,5,1.0916854240011156,0.0033590373305453698,cue_reversal,"[0.0, 0.0, 0.0, 0.0, 0.0, 0.0, 0.0, 0.0]",0,0,0.0,0.0,0.1075157598684905,full,0.0,0.0,0.0,0.008339144778028988,9,0,0.0,0,0,0.0,0.0,0,0,0.1196275262488657,5,7.987157420502344,3.5949597044088852,0.06789818567138467,0,0.6-P2.2,3,0,0,0,0.0,440,0.0,0.0,random_cost_matched,0.6-P0.2,1,0.0,0,1.0,0.4047569630322163,0.0089216,31.388888888889625,0.9993866161616198,0.39583536303221634,0.9993866161616198,0.3778353630322163,0.6497485670751597,0.5372680794016296,0.00018480000000000024,0.01087595166666669,1,0,0.0,0.0,0,0.03522702229669198,0,60.0,6105,0.0,0.1,pulsed,0,150.0,0,registered-holdout,17.139015996022714,0.06789818567138467,3.9444990158081055,2.0598064159549345e-05
0.0,60.0000000000012,0.011252938905238473,5.0,0.7,0.95,conditional,1.0,periodic,1,5,0.6.4-AB1.1,registered-holdout,0,SOMA-CELL 0.6.4,3.93413095824175,1,0,0,conditional,0.20126433662336596,0.6799865220046234,0.11428571428571428,0.11428571428571428,0.11428571428571428,0,0,0.0,0,0,0.0,0.0,0,0,0.046586225571653414,0,0,0,0.0,0,0,0.0,0,0,0,0,0,0,0,0.0,0.0,0.0,0.0,off,0.0,0,0.6.1-D1.4,0.0,0,0,0,1080,0.005709874604908314,0.3057747406390146,0.26111669383423786,0.25646141435674147,0.2316380643157049,0.0,0.0,0,0.0,0,0,0.0,0,patchy,,0.0,0.0,0.5555417279454109,0.0,0.0,0.156184297731857,0,0,True,0.05555555555555555,0,0,0.0,0.0,0,0.0,0,0,0.0,0.0,0,0,0.0,0,0.0,0.0,0,0.0,0.0,0,0.0,0,0.0,0,0.0,0,0,0,0.0,full,313,313,0.0,0,0.6-F2.0,0,0,0,0.0,0.06255751146668348,1,1,0,0,0,0,holdout,,1080,0,0,27.668084218200075,-1.597250025753283e-05,-1.597250025753283e-05,0.03825811657373794,0,624,0,0.00252512249497411,0.0,0.2408502192627722,0.0,0.6490469581384167,0.9578949147035964,0.03825811657373794,0.07774778722577716,12.0,3.825811657373794,39.0,624.0,0.05867808988690492,0.0,1.983476992896943e-09,1.501145111433412,0.02607102994189647,0.05666762827423515,0.0,0.0,0.9508748122523024,0.01581884410464461,0.025246684466674614,4.0,0.0,1.3766216820243387,0.0,1.6213992006470017,-0.005703992425307561,0.04955880516556862,1,1.961399180222509e-08,0,0.0,0,0,0,0.0,0.0,0.0,0,0,0.0,0,0,0.0,0,0,0,0.0,0,0.0,0.0,0.0,0.0,0,0,0.0,0.0,0.8,0.0,0,0,0.0,0,0.0,0,no_tissue,efficient2,0.0,0.0,0.0,0.0,0.0,0.0,efficient2,0.0,0.0,0,0.0,0.0,0.6.2-M1.1,1080,0.9578949147035964,0.00938014183517435,0,0,0.0,0,0,0,0,0,0,0,0.0,0.0,0.07347519450039891,0.02123674583333325,6.031233333333411e-05,1,3036,0.09471194033373216,5.944434161879135,210,0.0780998872751554,0.006179681187417441,312,0,0.0,0.0,0,0.0007353624999999996,2062,0.06784919560848883,0.019887388704492703,0.005565686558577001,0.0006139946288404402,0.0,3,1,0,0.6947316988975047,0.8896613712744591,0.9926460346039229,0.9936370153346544,0.0,0.5139358695940781,1.0875571371963997e-05,0.0009080000000000002,0.0,0,0,1,0,0.0006480000000000001,demand,0.0,0.0021,8.5e-05,0.0021,0.006269691666666572,0.0,0.006269691666666572,0.0018809999999999999,0.0,0.0018809999999999999,0.00026000000000000003,1,1,0,1,0.0,0.007018815730045757,0.00963669703782613,0.6.3-NG1.0,0.0003501595000000243,2.7083333333333416e-07,0,17.33333333333332,0.05555555555555555,1,1,60.0000000000012,0.95,native,0,0.0,none,0.0,0.0,0.0,0,0,0,0.0,0,0.6-P1.1,0,0,0,0.0,0.0,0,0,5,1.0887470610947612,0.004998328924320579,cue_reversal,"[0.0, 0.0, 0.0, 0.0, 0.0, 0.0, 0.0, 0.0]",0,0,0.0,0.0,0.09829153255543577,full,0.0,0.0,0.0,0.011287436863450025,9,0,0.0,313,313,0.0,0.0,0,0,0.12146205860990948,5,7.962458791978999,3.5906647399492986,0.07190315534364627,0,0.6-P2.2,3,1,0,0,0.0,440,0.0,0.0,conditional,0.6-P0.2,1,0.0,1,0.0,0.4660191250394381,0.0,21.666666666667105,0.0,0.4660191250394381,0.0,0.4480191250394381,0.8590568191971114,0.8961903741011003,0.00014040000000000016,8.5e-05,0,0,0.0,0.0,0,0.03487169953300919,0,60.0,6106,0.0,0.1,pulsed,0,150.0,0,registered-holdout,17.13154327921022,0.07190315534364627,5.77817702293396,4.362006976703359e-05
0.0,60.0000000000012,0.010180877816215503,5.0,0.7,0.95,option_no_tissue,1.0,periodic,1,5,0.6.4-AB1.1,registered-holdout,0,SOMA-CELL 0.6.4,3.9518850898463724,1,0,0,option_no_tissue,0.18452977142338023,0.7742262088142058,0.11428571428571428,0.11428571428571428,0.11428571428571428,0,0,0.0,0,0,0.0,0.0,0,0,0.04622109434766112,0,0,0,0.0,0,0,0.0,0,0,0,0,0,0,0,0.0,0.0,0.0,0.0,off,0.0,0,0.6.1-D1.4,0.0,0,0,0,1080,0.0011540007299982052,0.30830095533578433,0.24640667037813285,0.27231805972905415,0.23026917683545314,0.0,0.0,0,0.0,0,0,0.0,0,patchy,,0.0,0.0,0.5601908942139375,0.0,0.0,0.15721533632282003,0,0,True,0.05555555555555555,0,0,0.0,0.0,0,0.0,0,0,0.0,0.0,0,0,0.0,0,0.0,0.0,0,0.0,0.0,0,0.0,0,0.0,0,0.0,0,0,0,0.0,full,0,0,0.0,0,0.6-F2.0,0,0,0,0.0,0.0796084057739534,1,1,0,0,0,0,holdout,,1080,0,0,27.44911135149873,-1.569271558565788e-05,-1.569271558565788e-05,0.034548942847765766,0,624,0,0.0017845002262457407,0.0,0.24134598489313175,0.0,0.6520796853530012,0.957989002886187,0.034548942847765766,0.07429457017701321,12.0,3.4548942847765765,39.0,624.0,0.05850491100483498,0.0,3.1616693915869406e-10,1.5113296822554745,0.02601150322372088,0.05608031326680346,0.0,0.0,0.9624495139628706,0.015954112644439987,0.024251013217403205,4.0,0.0,1.412319129731126,0.0,1.6521148009932438,-0.0061147851873788895,0.06230397692735613,3,1.449301715978268e-08,0,0.0,0,0,0,0.0,0.0,0.0,0,0,0.0,0,0,0.0,0,0,0,0.0,0,0.0,0.0,0.0,0.0,0,0,0.0,0.0,0.8,0.0,0,0,0.0,0,0.0,0,no_tissue,efficient2,0.0,0.0,0.0,0.0,0.0,0.0,efficient2,0.0,0.0,0,0.0,0.0,0.6.2-M1.1,1080,0.957989002886187,0.016205633926251357,0,0,0.0,0,0,0,0,0,0,0,0.0,0.0,0.0011880261999999754,0.011776151666666693,0.00017697820000001424,1,1080,0.01296417786666664,0.13833393368886743,0,0.0,0.0010110479999999639,0,0,0.0,0.0,0,0.011776151666666682,1539,0.0,0.0,0.0010110479999999639,0.0,0.0,0,0,0,0.7419643901117704,0.488153072481607,0.9995146718444367,0.99504999911861,0.0,0.35575939653565347,0.002838112686752212,0.0,0.0,0,0,1,0,0.0,prepared_no_tissue,0.0,0.0,0.002185,0.0,0.0,0.00626595166666669,0.0,0.0,0.0018809999999999999,0.0,0.0,0,0,0,0,0.0,0.0,0.0,0.6.3-NG1.0,0.0008274479999999594,3.147083333333371e-06,0,0.0,0.0,1,1,60.0000000000012,0.95,native,0,0.0,none,0.0,0.0,0.0,0,0,0,0.0,0,0.6-P1.1,0,0,0,0.0,0.0,0,0,5,1.0898191221837843,0.00524734315771435,cue_reversal,"[0.0, 0.0, 0.0, 0.0, 0.0, 0.0, 0.0, 0.0]",0,0,0.0,0.0,0.10388771684222697,full,0.0,0.0,0.0,0.012459315141362018,9,0,0.0,0,0,0.0,0.0,0,0,0.1197355428159086,5,7.945407823760029,3.583838534392274,0.09353560237505823,0,0.6-P2.2,3,0,0,0,0.0,440,0.0,0.0,option_no_tissue,0.6-P0.2,0,0.0,0,0.0,0.4306999515791948,0.008475519999999999,31.66666666666739,0.9493866161616198,0.42222443157919476,0.999354332801705,0.40422443157919474,0.6701147711468466,0.5666656502986104,0.00018360000000000023,0.01033195166666669,0,0,0.0,0.0,0,0.03490186094216108,0,60.0,6106,0.0,0.1,pulsed,0,150.0,0,registered-holdout,17.131141464396396,0.09353560237505823,4.148154020309448,3.4406572857734186e-05
0.0,60.0000000000012,0.011253815519242571,5.0,0.7,1.0,always_no_tissue,1.0,periodic,1,5,0.6.4-AB1.1,registered-holdout,0,SOMA-CELL 0.6.4,3.736378551659717,1,0,0,always_no_tissue,0.1988028831153857,0.8623134448682289,0.11428571428571428,0.11428571428571428,0.11428571428571428,0,0,0.0,0,0,0.0,0.0,0,0,0.044680447056349694,0,0,0,0.0,0,0,0.0,0,0,0,0,0,0,0,0.0,0.0,0.0,0.0,active,0.0,0,0.6.1-D1.4,0.0,0,0,0,1080,7.984143750886358e-05,0.2937650898776062,0.24983273542090426,0.26502793464911023,0.2440456387675603,0.0,0.0,0,0.0,0,0,0.0,0,patchy,,0.0,0.0,0.5552474431038023,0.0,0.0,0.17293891361030303,0,0,True,0.05555555555555555,0,0,0.0,0.0,0,0.0,0,0,0.0,0.0,0,0,0.0,0,0.0,0.0,0,0.0,0.0,0,0.0,0,0.0,0,0.0,0,0,0,0.0,full,0,0,0.0,0,0.6-F2.0,0,0,0,0.0,0.12439068284539102,1,1,0,0,0,0,holdout,,1080,0,0,29.58785920686492,-1.9774069489386648e-05,-1.9774069489386648e-05,0.031169126567976838,0,496,0,0.0014578595554587447,0.0,0.24169137747564667,0.0,0.6238883475176676,0.9603756332099215,0.031169126567976838,0.07082799423499779,4.0,3.116912656797684,31.0,496.0,0.05521489027172143,0.0,2.4451495500904505e-08,1.5324652050599785,0.024503506944509233,0.06202698063207052,0.0,0.0,0.9657497538455546,0.016067929271736836,0.01666389817288453,4.0,0.0,1.46702256989649,0.0,1.6863249834256802,-0.002864134989786693,0.04104597785385939,5,1.3780361398214676e-09,0,0.0,0,0,0,0.0,0.0,0.0,0,0,0.0,0,0,0.0,0,0,0,0.0,0,0.0,0.0,0.0,0.0,0,0,0.0,0.0,0.8,0.0,0,0,0.0,0,0.0,0,no_tissue,efficient2,0.0,0.0,0.0,0.0,0.0,0.0,no_tissue,0.0,0.0,0,0.0,0.0,0.6.2-M1.1,1080,0.9603756332099215,0.01728093581593609,0,0,0.0,0,0,0,0,0,0,0,0.0,0.0,0.0,0.0,0.0,0,0,0.0,0.0,0,0.0,0.0,0,0,0.0,0.0,0,0.0,0,0.0,0.0,0.0,0.0,0.0,0,0,0,0.0,0.0,0.0,0.0,0.0,0.0,0.0,0.0,0.0,0,0,1,0,0.0,always_no_tissue,0.0,0.0,0.0,0.0,0.0,0.0,0.0,0.0,0.0,0.0,0.0,0,0,0,0,0.0,0.0,0.0,0.6.3-NG1.0,0.0,0.0,0,0.0,0.0,1,1,60.0000000000012,1.0,native,0,0.0,none,0.0,0.0,0.0,0,0,0,0.0,0,0.6-P1.1,0,0,0,0.0,0.0,0,0,5,1.0887461844807573,0.0022246208048789977,cue_reversal,"[0.0, 0.0, 0.0, 0.0, 0.0, 0.0, 0.0, 0.0]",0,0,0.0,0.0,0.08454781714747349,none,0.0,0.0,0.0,0.02777015612744415,9,0,0.0,0,0,0.0,0.0,0,0,0.1162665865375884,5,7.925616869042482,3.582743669661452,0.12515527805312554,0,0.6-P2.2,3,0,0,0,0.0,440,0.0,0.0,always_no_tissue,0.6-P0.2,0,0.0,0,0.0,0.0,0.0,0.0,0.0,0.0,0.0,0.0,0.0,0.0,0.0,0.0,0,0,0.0,0.0,0,0.03833954094409272,0,60.0,6106,0.0,0.1,pulsed,0,150.0,0,registered-holdout,16.88873271794821,0.12515527805312554,3.3018205165863037,1.549845110408732e-05
0.0,60.0000000000012,0.008096245840983157,5.0,0.7,1.0,eager,1.0,periodic,1,5,0.6.4-AB1.1,registered-holdout,0,SOMA-CELL 0.6.4,3.942522358612879,1,0,0,eager,0.14695395864297459,0.8046430774168611,0.11428571428571428,0.11428571428571428,0.11428571428571428,0,0,0.0,0,0,0.0,0.0,0,0,0.04555995432204107,0,0,0,0.0,0,0,0.0,0,0,0,0,0,0,0,0.0,0.0,0.0,0.0,off,0.0,0,0.6.1-D1.4,0.0,0,0,0,1080,0.006137761828026856,0.3478560625784422,0.25418776484195765,0.28283730175661204,0.19184503847567722,0.0,0.0,0,0.0,0,0,0.0,0,patchy,,0.0,0.0,0.5832384157714516,0.0,0.0,0.16769830358459448,0,0,True,0.05555555555555555,0,0,0.0,0.0,0,0.0,0,0,0.0,0.0,0,0,0.0,0,0.0,0.0,0,0.0,0.0,0,0.0,0,0.0,0,0.0,0,0,0,0.0,full,314,314,0.0,0,0.6-F2.0,0,0,0,0.0,0.09771799417255186,1,1,0,0,0,0,holdout,,1080,0,0,28.156146971359025,-1.929745383577597e-05,-1.929745383577597e-05,0.028513241804638146,0,624,0,0.0016317972899921084,0.0,0.24197340235506082,0.0,0.6585739849854907,0.9637368052218628,0.028513241804638146,0.0635861702576994,12.0,2.8513241804638145,39.0,624.0,0.05290236055319369,0.0,2.719676274342104e-10,1.5083023950665777,0.022386088047333854,0.05803150669192207,0.0,0.0,0.9673190035912984,0.015783807355367295,0.012107570495426535,4.0,0.0,1.4339679612676008,0.0,1.6778869053003405,-0.0011509619002658962,0.07760204676501234,5,8.49162978398695e-09,0,0.0,0,0,0,0.0,0.0,0.0,0,0,0.0,0,0,0.0,0,0,0,0.0,0,0.0,0.0,0.0,0.0,0,0,0.0,0.0,0.8,0.0,0,0,0.0,0,0.0,0,no_tissue,efficient2,0.0,0.0,0.0,0.0,0.0,0.0,efficient2,0.0,0.0,0,0.0,0.0,0.6.2-M1.1,1080,0.9637368052218628,0.015270331259278173,0,0,0.0,0,0,0,0,0,0,0,0.0,0.0,0.1510051192502895,0.022720151666666695,0.00023713593333335206,1,3035,0.17372527091695616,6.216311691401077,200,0.15517286934112315,0.006621912755697907,313,0,0.0,0.0,0,0.001920151666666659,2337,0.14477286934112316,0.020173201220136043,0.005995113975833946,0.0006267987798639615,0.0,3,1,0,0.740483750881593,0.8758241909682203,0.9999732294488163,0.928686776345241,0.0,0.5031428689552118,0.010636058969913665,0.0006680000000000001,0.0,0,0,1,0,0.00040800000000000005,demand,0.0,0.0021,0.0002000000000000001,0.0021,0.0064,0.00019595166666666532,0.0064,0.0019,8.00000000000001e-05,0.0019,0.00026000000000000003,1,1,0,1,0.0,0.007835250532541957,0.00977320122013604,0.6.3-NG1.0,0.0008274479999999594,3.147083333333371e-06,0,17.38888888888888,0.05555555555555555,1,1,60.0000000000012,1.0,native,0,0.0,none,0.0,0.0,0.0,0,0,0,0.0,0,0.6-P1.1,0,0,0,0.0,0.0,0,0,5,1.0919037541590166,0.001904759090567231,cue_reversal,"[0.0, 0.0, 0.0, 0.0, 0.0, 0.0, 0.0, 0.0]",0,0,0.0,0.0,0.1049535616628852,full,0.0,0.0,0.0,0.008129523365347207,9,0,0.0,314,314,0.0,0.0,0,0,0.1184249907325618,5,7.927298096695747,3.5847732758603392,0.112955047907466,0,0.6-P2.2,3,1,0,0,0.0,440,0.0,0.0,eager,0.6-P0.2,1,0.0,0,1.0,0.8660846085217784,0.0089216,46.9444444444456,0.029689646464646263,0.8571630085217784,0.029689646464646263,0.8391630085217784,0.6437572519766814,0.7686008661072053,0.0002496000000000002,0.0004759516666666655,0,0,0.0,0.0,0,0.04715937284707732,0,60.0,6106,0.0,0.1,pulsed,0,150.0,0,registered-holdout,17.129735901099433,0.112955047907466,6.135639429092407,4.0971217138530136e-05
0.0,60.0000000000012,0.021720197762470472,5.0,0.7,1.0,always_efficient2,1.0,periodic,1,5,0.6.4-AB1.1,registered-holdout,0,SOMA-CELL 0.6.4,4.13328502881756,1,0,0,always_efficient2,0.3503848716161952,0.9230699280976447,0.11428571428571428,0.11428571428571428,0.11428571428571428,0,0,0.0,0,0,0.0,0.0,0,0,0.050908007024779385,0,0,0,0.0,0,0,0.0,0,0,0,0,0,0,0,0.0,0.0,0.0,0.0,off,0.0,0,0.6.1-D1.4,0.0,0,0,1,1080,0.013466531769603145,0.44909928759846973,0.3889355554339395,0.2287574004722584,0.12292536121598015,0.0,0.0,0,0.0,0,0,0.0,0,patchy,,0.0,0.0,0.727232792468277,0.0,0.0,0.21850961444659828,0,0,True,0.05555555555555555,0,0,0.0,0.0,0,0.0,0,0,0.0,0.0,0,13,0.0,13,0.78,0.78,0,0.0,0.0,0,5.350644444444457e-05,1,0.00010944499999999976,0,0.0,0,0,0,1.0,full,1080,1080,0.0,0,0.6-F2.0,8,0,1,0.0,0.391935447466016,1,1,0,0,0,0,holdout,,1080,0,0,29.68628383637094,-2.0530307139665638e-05,-2.0530307139665638e-05,0.0329373653112221,0,624,0,0.001448120137108337,0.0,0.24171507281138543,0.0,0.6876509150243321,0.9607205772402724,0.0329373653112221,0.07309793117068435,12.0,3.29373653112221,39.0,624.0,0.05500197556266175,0.0,1.2911736503253483e-07,1.6058016504946022,0.024285863508224422,0.061042787625275874,0.0,0.0,0.9658043809443162,0.015547209686028908,0.02603823658686437,4.0,0.0,1.645376272304138,0.0,1.787937159209035,-0.01883367701036779,0.0361263360652756,7,2.7376264398083106e-08,0,0.0,0,0,0,0.0,0.0,0.0,0,0,0.0,0,0,0.0,0,0,0,1.0,0,0.0,0.0,0.0,0.0,0,0,1.0,0.0,0.8,0.0,0,0,0.0,0,0.0,2,no_tissue,efficient2,0.0012169240000000025,1.8900000000000001e-06,1.6000000000000003e-05,0.0,0.0012009240000000025,1.8900000000000001e-06,efficient2,0.0,0.0,0,0.0,0.0,0.6.2-M1.1,1080,0.9607205772402724,0.05253070677170258,0,0,0.0,0,0,0,0,0,0,0,0.0,0.0,0.020506554156498942,0.02815258789637785,0.007102874789464032,3,5716,0.04865914205287675,0.9060866712805631,225,5.960109171376663e-05,0.01551979794214562,734,0,5.960109171376663e-05,0.0,1080,0.02597686822955361,3241,5.960109171376663e-05,0.0,0.01334407827532133,0.0021757196668242907,0.0,0,1,0,0.0,0.0,0.0,0.0,0.0,0.0,0.0,0.0012169240000000025,1.8900000000000001e-06,1,0,0,0,1.6000000000000003e-05,always_efficient2,0.0,0.0,0.0,0.0,0.0,0.0,0.0,0.0,0.0,0.0,0.0012009240000000025,0,0,0,0,0.0,0.0,0.0,0.6.3-NG1.0,0.0,0.0,0,0.0,0.0,1,1,60.0000000000012,1.0,native,0,0.0,none,0.0,0.0,0.0,0,0,0,0.0,0,0.6-P1.1,0,0,0,0.0,40.77777777777843,0,2,5,1.0782798022375297,0.010369188130500194,cue_reversal,"[0.0225, 0.0225, 0.0225, 0.0225, 0.0225, 0.0225, 0.0225, 0.0225]",2,0,0.0021554622362882168,0.0,0.08721066302935569,full,0.5670561044453599,0.003175051270274826,0.002175719666824287,0.021749404612787772,9,4,0.0,1080,1080,0.0,0.0077948040079665075,1453,66,0.12279632227481618,5,7.633077512322393,3.547506549855321,0.4444369473874013,0,0.6-P2.2,3,1,0,1,4.8664756418007116e-05,440,0.0,0.0,always_efficient2,0.6-P0.2,0,0.0,0,0.0,0.0,0.0,0.0,0.0,0.0,0.0,0.0,0.0,0.0,0.0,0.0,0,0,0.0,0.0,0,0.0430774179845594,0,60.0,6106,0.0,0.1,pulsed,0,150.0,0,registered-holdout,17.11938168570108,0.4444369473874013,27.859188556671143,3.0744201512070135e-05
0.0,60.0000000000012,0.005160676061342729,5.0,0.7,1.0,random_cost_matched,1.0,periodic,1,5,0.6.4-AB1.1,registered-holdout,0,SOMA-CELL 0.6.4,3.9292440499049075,1,0,0,random_cost_matched,0.09796401387150264,0.4820331103295842,0.11428571428571428,0.11428571428571428,0.11428571428571428,0,0,0.0,0,0,0.0,0.0,0,0,0.044398265360934955,0,0,0,0.0,0,0,0.0,0,0,0,0,0,0,0,0.0,0.0,0.0,0.0,off,0.0,0,0.6.1-D1.4,0.0,0,0,0,1080,0.0011547092675692626,0.2885212735891916,0.24943450659761865,0.2644733201995249,0.24923720602155028,0.0,0.0,0,0.0,0,0,0.0,0,patchy,,0.0,0.0,0.5254221176230285,0.0,0.0,0.1500695365341161,0,0,True,0.05555555555555555,0,0,0.0,0.0,0,0.0,0,0,0.0,0.0,0,0,0.0,0,0.0,0.0,0,0.0,0.0,0,0.0,0,0.0,0,0.0,0,0,0,0.0,full,0,0,0.0,0,0.6-F2.0,0,0,0,0.0,0.03416692802951533,1,1,0,0,0,0,holdout,,1080,0,0,27.252518494232323,-1.5167662006376759e-05,-1.5167662006376759e-05,0.03206351734736268,0,624,0,0.0016762009264641754,0.0,0.24151124174005298,0.0,0.6523522099934104,0.958954488010408,0.03206351734736268,0.07055148658981783,12.0,3.206351734736268,39.0,624.0,0.057106569179889245,0.0,5.4368337779417334e-14,1.5061118340088513,0.02540100786818778,0.05545461075308443,0.0,0.0,0.9643438126957649,0.016056296376240595,0.01686258658592196,4.0,0.0,1.4152988084879392,0.0,1.6578313894353556,-0.0007097063568074686,0.018381345954231423,5,1.1798860099551776e-08,0,0.0,0,0,0,0.0,0.0,0.0,0,0,0.0,0,0,0.0,0,0,0,0.0,0,0.0,0.0,0.0,0.0,0,0,0.0,0.0,0.8,0.0,0,0,0.0,0,0.0,0,no_tissue,efficient2,0.0,0.0,0.0,0.0,0.0,0.0,efficient2,0.0,0.0,0,0.0,0.0,0.6.2-M1.1,1080,0.958954488010408,0.00618901588055406,0,0,0.0,0,0,0,0,0,0,0,0.0,0.0,0.0011882501333333087,0.012320151666666695,0.00017600213333334735,1,1080,0.013508401799999974,0.1391013358222008,0,0.0,0.0010122479999999639,0,0,0.0,0.0,0,0.012320151666666682,1542,0.0,0.0,0.0010122479999999639,0.0,0.0,0,0,0,0.7459908462669247,0.4827449212167728,0.99969469051737,0.9937417243279683,0.0,0.3515410385490828,0.00021404877985310128,0.0,0.0,0,0,1,0,0.0,random_cost_matched,0.0,0.0,0.0023,0.0,0.0,0.006595951666666691,0.0,0.0,0.00198,0.0,0.0,0,0,0,0,0.0,0.0,0.0,0.6.3-NG1.0,0.0008274479999999594,3.147083333333371e-06,0,0.0,0.0,1,1,60.0000000000012,1.0,native,0,0.0,none,0.0,0.0,0.0,0,0,0,0.0,0,0.6-P1.1,0,0,0,0.0,0.0,0,0,5,1.0948393239386571,0.0012338164003532362,cue_reversal,"[0.0, 0.0, 0.0, 0.0, 0.0, 0.0, 0.0, 0.0]",0,0,0.0,0.0,0.11828300709491377,full,0.0,0.0,0.0,0.005194632414888436,9,0,0.0,0,0,0.0,0.0,0,0,0.12584414845423908,5,7.990849162838784,3.593855270068245,0.04032198755652368,0,0.6-P2.2,3,0,0,0,0.0,440,0.0,0.0,random_cost_matched,0.6-P0.2,1,0.0,0,1.0,0.40087918709022535,0.0089216,31.944444444445175,0.9993866161616198,0.3919575870902254,0.9993866161616198,0.37395758709022536,0.6338636202210906,0.5228825458759017,0.00018480000000000024,0.01087595166666669,1,0,0.0,0.0,0,0.03485168399480573,0,60.0,6106,0.0,0.1,pulsed,0,150.0,0,registered-holdout,17.13420992437362,0.04032198755652368,3.9786953926086426,4.0971217138530136e-05
