build,seed,age,cells,births,divisions,deaths,max_generation,mean_closure,min_closure,mean_atp,mean_catalyst,mean_loop,mean_membrane,division_progress,particles,external_fuel,external_mineral,external_waste,external_alt,cell_material,external_material,total_material,matter_residual,division_residual,dissipated_energy,damage_events,manual_punctures,manual_injections,mean_genome_length,max_genome_length,genome_copies,genome_types,mean_gene_count,mean_translator,mean_replicase,replication_cycles,novel_path_cells,novel_path_lineages,first_novel_path_age,external_protein_assistance,mutation_total,mutation_substitution,mutation_insertion,mutation_deletion,mutation_duplication,mutation_inversion,mutation_transposition,mean_damage,max_damage,mean_functional_age,mean_damage_slope,mean_proteostasis,mean_genome_lesion,mean_membrane_oxidation,mean_reactive,mean_aggregate,mean_repair_atp,repair_atp_total,damage_generated_total,mean_quiescence,mean_segregation,max_pole_age,mean_birth_damage,oldest_cell_age,stress,stress_mode,stress_pulses,damage_segregation_events,rejuvenation_events,last_damage_partition,mean_autopoietic_margin,mean_modulator,mean_motor_force,sensor_atp_total,motor_atp_total,polarity_atp_total,plasticity_atp_total,controller_updates,meaning_reversals,meaning_fuel,meaning_alt,meaning_waste,confidence_fuel,confidence_alt,control_fuel,control_alt,control_waste,active_distance_total,fuel_uptake_total,mineral_uptake_total,alt_uptake_total,waste_ingress_total,mean_receptor_genes,mean_effector_genes,environment_mode,switch_age,switch_events,fuel_contamination_total,distance_fuel_patch,distance_mineral_patch,distance_waste_patch,distance_alt_patch,corpses,corpse_material,corpse_toxic_material,corpse_genome_material,edna_fragments,edna_material,edna_released_symbols,edna_decayed_symbols,hgt_attempts,hgt_integrations,hgt_digestions,hgt_novel_path_events,necrophagy_mass,necrotoxin_uptake,mobile_exports,mobile_symbols_exported,corpse_genomes_released,corpse_fragments_released,corpse_genomes_recycled,ecology_atp_total,mean_hgt_integrations,mean_necrophagy,cells_with_foreign_information,cells_with_mobile_gene,port_schema,neural_attachments,neural_material_escrow,neural_atp_escrow,neural_budget_requested,neural_budget_granted,neural_budget_returned,neural_budget_spent,neural_budget_calls,neural_budget_return_calls,neural_effector_calls,neural_effector_rejections,neural_tissue_returns,neural_allocated_atp,neural_allocated_material,neural_returned_atp,neural_returned_material,neural_spent_atp,neural_spent_signal,neural_tissue_atp_dissipated,neural_port_calls,p1_schema,p1_mode,p1_environment,p1_tissues,p1_mature_tissues,p1_tissue_creations,p1_tissue_turnovers,p1_predictor_updates,p1_prediction_error,p1_motor_force_total,p1_neural_atp_total,p1_neural_signal_total,p1_wear_material_total,p1_patch_switches,p1_mean_patch_distance,p1_pre_steps,p1_post_steps,p2_schema,p2_mode,p2_environment,p2_tissues,p2_mature_cells,p2_tissue_creations,p2_tissue_turnovers,p2_prediction_error,p2_prediction_rms,p2_predictor_updates,p2_plasticity_updates,p2_ligand_updates,p2_cue_episode_updates,p2_active_age,p2_plasticity_warmup_remaining,p2_mean_maturity,p2_mean_abs_causal_estimate,p2_ligand_sensor_values,p2_recurrent_messages,p2_rewire_count,p2_cell_prune_count,p2_motor_force_total,p2_neural_atp_total,p2_neural_signal_total,p2_wear_material_total,p2_mean_target_distance,p2_patch_switches,p2_semantic_switches,p2_reward_releases,p2_cue_releases,p2_reward_uptake_total,p2_nonreward_uptake_total,p2_cue_toxin_total,p2_reward_mean_distance,p2_reward_reservoir_fuel,p2_reward_reservoir_mineral,p2_cue_reservoir_alt,p2_pre_steps,p2_post_steps,formal_schema,formal_mode,formal_tissues,formal_controller_mature,formal_controller_atp,formal_controller_wear,formal_audits,formal_audit_supported,formal_audit_contradicted,formal_audit_inconclusive,formal_audit_aborted,formal_audit_quality,formal_audit_cost_atp,formal_audit_cost_material,formal_calibration_updates,formal_raw_mae,formal_calibrated_mae,formal_calibration_sign_accuracy,formal_change_probability,formal_change_state_probability,formal_change_mechanism_probability,formal_change_semantic_probability,formal_change_genome_probability,formal_change_events,formal_change_mechanism_events,formal_change_semantic_events,formal_feedback_events,formal_feedback_gate,formal_mean_resource_lease,formal_lease_reductions,formal_lease_recoveries,formal_semantic_episode_updates,formal_reopened_cells,formal_compiled_programs,formal_started_programs,formal_hgt_activations,formal_pre_steps,formal_post_steps,diagnosis_schema,diagnosis_mode,diagnosis_tissues,diagnosis_started,diagnosis_completed,diagnosis_aborted,diagnosis_targeted_audits,diagnosis_feedback_events,diagnosis_atp,diagnosis_signal,diagnosis_motor_force,diagnosis_material_wear,diagnosis_evidence_events,diagnosis_audit_evidence,diagnosis_max_change_evidence,diagnosis_mean_observation_sufficiency,diagnosis_pending_audits,diagnosis_deferred_unsafe,diagnosis_deferred_no_target,diagnosis_deferred_low_value,diagnosis_deferred_busy,diagnosis_cumulative_exposure,diagnosis_directional_samples,diagnosis_mean_evidence_latency,diagnosis_world_steps,mechanism_fault_applied,mechanism_fault_events,mechanism_motor_gain_scale,mechanism_baseline_gain,mechanism_recent_gain,mechanism_gain_ratio,mechanism_loss_fraction,mechanism_confirmed,mechanism_probe_started,mechanism_probe_completed,mechanism_probe_confirmed_events,mechanism_probe_atp,mechanism_probe_force,mechanism_conservation_active,mechanism_conservation_issued,mechanism_conservation_feedback_events,mechanism_conservation_mean_scale,mechanism_conservation_active_time,mechanism_conservation_returned_atp,mechanism_conservation_returned_signal,mechanism_conservation_suppressed_activity,mechanism_conservation_quiescent_steps,mechanism_conservation_alignment_fallbacks,mechanism_conservation_selected_alignment,neural_escrow_sanitation_calls,neural_escrow_returned_atp,neural_escrow_returned_signal,mechanism_assist_trials,mechanism_assist_evidence_accepted,mechanism_assist_accepted,mechanism_assist_rejected,mechanism_assist_commands,mechanism_assist_feedback_events,mechanism_assist_atp,mechanism_assist_force,mechanism_assist_mean_lease,mechanism_assist_mean_effect,feedback_blocked_low_quality,feedback_blocked_replication,metabolic_schema,metabolic_profile,metabolic_active_cells,metabolic_retired_cells,metabolic_returned_material,metabolic_returned_atp,metabolic_prediction_atp,metabolic_recurrence_atp,metabolic_plasticity_atp,metabolic_prediction_wear,metabolic_recurrence_wear,metabolic_plasticity_wear,metabolic_module_atp_total,metabolic_module_material_total,metabolic_world_steps,seconds,margin_auc,uptake_delta,living_steps,finite,material_residual,kind,profile,wall_seconds,false_lease,false_feedback,margin,residual,error,traceback,confirmed,lease,auc_diff,motor_atp_diff,dissipated_diff,uptake_diff,residual_t,residual_c
SOMA-CELL 0.6.2,6201,20.000000000000064,1,0,0,0,0,0.9980888401814565,0.9980888401814565,0.0028285950575085974,0.6679076688643264,0.01876968147756029,1.5063182363162972,0.0,415,0.0,0.0,0.38768101839487,0.0,4.047171767503942,0.4732385188510273,17.15379003985067,-9.902274179296455e-06,0.0,0.06355179447219297,0,0,0,624.0,624,1,1,39.0,1.8298466053827982,1.5479105923671035,0,1,1,0.05555555555555555,0.0,0,0,0,0,0,0,0,0.002208518476895467,0.002208518476895467,0.22085184768954672,0.010518680722351688,0.9989051895814349,0.005664947380449719,0.0011593869179801497,0.002179477568640809,3.163390831611214e-05,0.0,0.03979594503324869,0.019975106035682755,0.016798977220564996,0.0,0,0.0,20.000000000000064,0.1,pulsed,0,0,0,,0.31751080362823414,-0.9999999884499331,0.0,0.0,0.0,0.0,0.0,0,0,-0.19327041827176528,-0.08788564146032658,-2.7102111864158646e-08,0.2329809534636525,0.393920003721856,0.11428571428571428,0.11428571428571428,0.11428571428571428,0.0,0.07602051353738697,0.013203147200660383,0.027425553590107978,2.944641054554442e-05,4.0,12.0,patchy,150.0,0,0.0,0.3019528162556833,0.23943170063212216,0.3540212595613405,0.19071442077339226,0,0.0,0.0,0.0,0,0.0,0,0,0,0,0,0,0.0,0.0,0,0,0,0,0,0.0,0.0,0.0,0,0,0.6-P0.2,9,0.11485741882292785,0.019040936537645766,0.9293300123943752,0.20177069763529162,0.0002591078444444954,0.06761323443026915,5625,500,342,0,0,0.08278231670831414,0.11898838092697692,0.0002591078444444954,0.0,0.06348227232621974,0.004130962104049416,0.0,721,0.6-P1.1,none,native,0,0,0,0,0,0.0,0.0,0.0,0.0,0.0,0,0.0,0,0,0.6-P2.2,full,cue_reversal,1,8,1,0,0.010336938428867567,0.010723564550684666,2736,2008,6,6,19.000000000000036,0.0,0.06823062830807428,0.015155018645070519,"[ 0.00498325  0.00499271 -0.08000007 -0.03891997  0.09001202  0.09
  0.09        0.09      ]",267,0,0,1.1590335230159454,0.012620993506719396,0.004130962104049422,0.00011177469267476511,0.16153977381705525,1,1,2,2,0.089205941555196,0.02744327277295934,0.00816311871000663,0.12397138427070974,7.973987297814185,3.586818009271622,1.072574446409892,360,360,0.6-F2.0,full,1,1,2.7206666666666614e-05,5.5649999999999896e-05,0,0,0,0,0,0.0,0.0,0.0,0,0.0,0.0,0.0,0.0,0.0,0.0,0.0,0.0,0,0,0,0,0.0,1.0,0,0,4,0,0,0,0,360,360,0.6.1-D1.4,active,1,0,0,0,0,0,0.0,0.0,0.0,0.0,2,0,0.0,0.1605303001716934,0,0,0,0,0,0.0,0,0.0,360,0,0,0.8,0.019133886037494156,0.019134932053057066,1.00005466822374,0.0,0,0,0,0,0.0,0.0,0,0,0,1.0,0.0,0.0,0.0,0.0,0,0,0.0,360,0.0002591078444444954,0.0,0,0,0,0,0,0,0.0,0.0,0.0,0.0,0,0,0.6.2-M1.0,full8,8,0,0.0,0.0,0.0016018480000000016,0.0012015840000000003,0.008032000000000001,3.7800000000000002e-06,3.2400000000000003e-06,0.0,0.010835432000000002,7.0200000000000006e-06,360,20.0,17.56522419114004,0.089205941555196,360,True,-9.902274179296455e-06,screening,full8,9.38545560836792,,,,,,,,,,,,,,
SOMA-CELL 0.6.2,6202,20.000000000000064,1,0,0,0,0,0.9982880136033613,0.9982880136033613,0.6337218502778209,0.7280441542989408,0.5060808080275623,1.7423484173435828,0.0,414,0.0,0.0,0.867225972527184,0.0,4.660776868392836,0.9936507064096732,17.16067524104251,-1.125390445011476e-05,0.0,0.0656561678404565,0,0,0,624.0,624,1,1,39.0,2.052112975452686,1.9545186426096586,0,1,1,0.05555555555555555,0.0,0,0,0,0,0,0,0,0.018519086614299084,0.018519086614299084,1.8519086614299085,0.08415541810236127,0.999156245497285,0.0058176587688477865,0.0010384566788197885,0.08414017563852544,2.8493243670857197e-05,0.00014819774273165356,0.04793706776078751,0.033582161062340174,0.015921630714429865,0.0,0,0.0,20.000000000000064,0.1,pulsed,0,0,0,,0.9746582551332335,-0.018994437264805035,0.0,0.0,0.0,0.0,0.0,0,5,-0.029759680011131592,-0.033351620926421674,6.6333195293092175e-09,0.6955566373435158,0.769441710682161,0.11428571428571428,0.11428571428571428,0.11428571428571428,0.0,0.8831886430813694,0.23937385932794894,0.14620364381280768,1.1833649177145356e-05,4.0,12.0,patchy,150.0,0,0.0,0.3799066484728229,0.25590007958257194,0.09669409158857885,0.4622382123278853,0,0.0,0.0,0.0,0,0.0,0,0,0,0,0,0,0.0,0.0,0,0,0,0,0,0.0,0.0,0.0,0,0,0.6-P0.2,9,0.1171731339802385,0.019959269219484224,0.42885257615054506,0.20733171618706744,0.00015102666191661122,0.07004828632542416,4561,205,342,0,0,0.08572413567828097,0.12160758050878585,0.00015102666191661122,0.0,0.06561383979687672,0.00443444652854744,0.0,721,0.6-P1.1,none,native,0,0,0,0,0,0.0,0.0,0.0,0.0,0.0,0,0.0,0,0,0.6-P2.2,full,cue_reversal,1,8,1,0,0.009569658771997672,0.0065243764644026606,2736,1880,6,6,19.000000000000036,0.0,0.06828377225954828,0.00891662783672273,"[ 0.00497634  0.0049865  -0.07999904 -0.05499483  0.09002839  0.09
  0.09        0.09      ]",213,0,0,0.9614449722304801,0.014857986279389303,0.0044344465285474375,0.0007413827599652384,0.028917596097124798,1,1,2,2,1.122552525301839,0.1462136209202869,0.09086657411154195,0.11261177503914375,7.166814649310628,3.385636660742181,0.9537963561871924,360,360,0.6-F2.0,full,1,1,0.00010085533333333387,0.0002062950000000014,0,0,0,0,0,0.0,0.0,0.0,0,0.0,0.0,0.0,0.0,0.0,0.0,0.0,0.0,0,0,0,0,0.0,1.0,0,0,5,0,0,0,0,360,360,0.6.1-D1.4,active,1,0,0,0,0,0,1.32e-06,0.0,0.0,2.61e-06,2,0,0.0,0.15012129272744337,0,0,0,0,0,0.0,0,0.0,360,0,0,0.8,0.015399229984537702,0.015667568119409826,1.0174254255012465,0.0,0,0,0,0,0.0,0.0,0,0,0,1.0,0.0,0.0,0.0,0.0,0,0,0.0,360,0.00015102666191661122,0.0,0,0,0,0,0,0,0.0,0.0,0.0,0.0,0,0,0.6.2-M1.0,full8,8,0,0.0,0.0,0.0016080080000000021,0.0012068640000000006,0.007544780800000001,1.638e-05,1.404e-05,5.068800000000002e-05,0.010359652800000004,8.110800000000002e-05,360,20.0,19.572826569661988,1.122552525301839,360,True,-1.125390445011476e-05,screening,full8,15.159933090209961,,,,,,,,,,,,,,
SOMA-CELL 0.6.2,6203,20.000000000000064,1,0,0,0,0,0.998359044940885,0.998359044940885,0.3062786477529181,0.7230808741875008,0.4399870606798939,1.6693728370718683,0.0,415,0.0,0.0,0.6937756733468105,0.0,4.40967357335407,0.8245515670166974,17.15245919679696,-1.0981400635046157e-05,0.0,0.06483774682183313,0,0,0,624.0,624,1,1,39.0,2.0400569512459374,1.9305550004506837,0,1,1,0.05555555555555555,0.0,0,0,0,0,0,0,0,0.016041989343365197,0.016041989343365197,1.6041989343365197,0.07285354294504598,0.9992243311659956,0.005662882062527508,0.0009953350912532037,0.07213374841799627,3.550539631768868e-05,0.00013952121222284464,0.0451591945146776,0.02886149243946878,0.015853118612290155,0.0,0,0.0,20.000000000000064,0.1,pulsed,0,0,0,,0.9327626693049825,-0.15277947024306573,0.0,0.0,0.0,0.0,0.0,0,4,-0.1331978072622846,-0.11768558417518449,4.998989397888801e-09,0.6903345770156533,0.665094324698162,0.11428571428571428,0.11428571428571428,0.11428571428571428,0.0,0.6129184559580826,0.13910931558180917,0.07976228889795654,1.0913278137902882e-05,4.0,12.0,patchy,150.0,0,0.0,0.38741523849193565,0.15024898464255743,0.21651749447070048,0.37280758976986095,0,0.0,0.0,0.0,0,0.0,0,0,0,0,0,0,0.0,0.0,0,0,0,0,0,0.0,0.0,0.0,0,0,0.6-P0.2,9,0.11700805014725855,0.01996773121806171,0.4963088581229994,0.20640565601058442,0.0001885653333333591,0.06924130931192611,4538,308,342,0,0,0.08493150770070487,0.12147414830987893,0.0001885653333333591,0.0,0.06477521114930554,0.0044660981626205775,0.0,721,0.6-P1.1,none,native,0,0,0,0,0,0.0,0.0,0.0,0.0,0.0,0,0.0,0,0,0.6-P2.2,full,cue_reversal,1,8,1,0,0.008834079057112608,0.006890431095224924,2736,2008,6,6,19.000000000000036,0.0,0.06946607868814533,0.013333779319619916,"[ 0.00500074  0.00499839 -0.07999979 -0.05498232  0.08998657  0.09
  0.09        0.09      ]",403,0,0,1.0779728353074294,0.013654475307947589,0.004466098162620582,0.0005207859870727041,0.09989635476283323,1,1,2,2,0.7520120766504542,0.07977798378739404,0.05509864455054775,0.11609085675046722,7.437087721283888,3.4609086240402642,1.0202377111020435,360,360,0.6-F2.0,full,1,1,7.708555555555586e-05,0.00015767500000000038,0,0,0,0,0,0.0,0.0,0.0,0,0.0,0.0,0.0,0.0,0.0,0.0,0.0,0.0,0,0,0,0,0.0,1.0,0,0,5,0,0,0,0,360,360,0.6.1-D1.4,active,1,0,0,0,0,0,6.6e-07,0.0,0.0,1.305e-06,2,0,0.0,0.14996857177417988,0,0,0,0,0,0.0,0,0.0,360,0,0,0.8,0.018036177939875837,0.018300496044619564,1.0146548845118317,0.0,0,0,0,0,0.0,0.0,0,0,0,1.0,0.0,0.0,0.0,0.0,0,0,0.0,360,0.0001885653333333591,0.0,0,0,0,0,0,0,0.0,0.0,0.0,0.0,0,0,0.6.2-M1.0,full8,8,0,0.0,0.0,0.001605544000000002,0.0012047520000000006,0.008056006400000003,1.134e-05,9.72e-06,4.9104000000000016e-05,0.010866302400000005,7.016400000000001e-05,360,20.0,19.417596865867306,0.7520120766504542,360,True,-1.0981400635046157e-05,screening,full8,15.333034038543701,,,,,,,,,,,,,,
SOMA-CELL 0.6.2,6204,20.000000000000064,1,0,0,0,0,0.993532602597203,0.993532602597203,0.0,0.6714776410214893,1.0829329418432092e-14,1.5151976043752162,0.0,415,0.0,0.0,0.3768378110950131,0.0,4.059359726204311,0.4976286092190756,17.164242828277125,-1.3125004024061582e-05,0.0,0.06507135665171801,1,0,0,624.0,624,1,1,39.0,1.833354626504192,1.5750636595956033,0,1,1,0.05555555555555555,0.0,0,0,0,0,0,0,0,0.020056868704369797,0.020056868704369797,2.0056868704369797,0.0956961828743432,0.995364816021142,0.011797265809449783,0.003932364731579728,0.07573464703480329,6.006134225478386e-05,0.0,0.03104016271474298,0.020086166561733086,0.015852796897321657,0.0,0,0.0,20.000000000000064,0.1,pulsed,0,0,0,,0.24575494724877295,0.14140842349877814,0.0,0.0,0.0,0.0,0.0,0,0,-0.32918437955361174,-0.22275349808022604,-7.15627495044352e-08,0.552417413720684,0.518969852582588,0.11428571428571428,0.11428571428571428,0.11428571428571428,0.0,0.05009318079915244,0.015747287503201746,0.05192888481736206,1.9425228325500865e-05,4.0,12.0,patchy,150.0,0,0.0,0.30296843415226643,0.21714889320469594,0.22306608920824947,0.31997661439242386,0,0.0,0.0,0.0,0,0.0,0,0,0,0,0,0,0.0,0.0,0,0,0,0,0,0.0,0.0,0.0,0,0,0.6-P0.2,9,0.11478940753014438,0.014798184642817234,1.3461052775592162,0.19901639075953476,0.00017785943305178393,0.06925093915351763,5881,390,342,0,0,0.07998469109330758,0.11903169966622662,0.00017785943305178393,0.0,0.06500864701743508,0.004242292136082549,0.0,721,0.6-P1.1,none,native,0,0,0,0,0,0.0,0.0,0.0,0.0,0.0,0,0.0,0,0,0.6-P2.2,full,cue_reversal,1,8,1,0,0.014231516108486691,0.013972580703443116,2736,2016,6,6,19.000000000000036,0.0,0.06838315973188795,0.01476621347974343,"[ 0.00499632  0.00499796 -0.08000138 -0.05491656  0.08997017  0.09
  0.09        0.09      ]",217,0,0,1.1749728273001407,0.014113214254694247,0.00424229213608254,0.00011215670259773798,0.05732221681891926,1,1,2,2,0.0420627760865695,0.07570657703314675,0.04228824949510855,0.15054248074707388,7.974911256621945,3.5842721210491564,1.048071115182638,360,360,0.6-F2.0,full,1,1,2.7206666666666614e-05,5.5649999999999896e-05,0,0,0,0,0,0.0,0.0,0.0,0,0.0,0.0,0.0,0.0,0.0,0.0,0.0,0.0,0,0,0,0,0.0,1.0,0,0,5,0,0,0,0,360,360,0.6.1-D1.4,active,1,0,0,0,0,0,0.0,0.0,0.0,0.0,2,0,0.0,0.18897374557073748,0,0,0,0,0,0.0,0,0.0,360,0,0,0.8,0.019071138742586743,0.019070530961513652,0.9999681308451848,3.186915481523389e-05,0,0,0,0,0.0,0.0,0,0,0,1.0,0.0,0.0,0.0,0.0,0,0,0.0,360,0.00017785943305178393,0.0,0,0,0,0,0,0,0.0,0.0,0.0,0.0,0,0,0.6.2-M1.0,full8,8,0,0.0,0.0,0.0016018480000000016,0.0012015840000000003,0.008064000000000002,3.7800000000000002e-06,3.2400000000000003e-06,0.0,0.010867432000000003,7.0200000000000006e-06,360,20.0,15.853212318371419,0.0420627760865695,360,True,-1.3125004024061582e-05,screening,full8,18.635555505752563,,,,,,,,,,,,,,
SOMA-CELL 0.6.2,6201,20.000000000000064,1,0,0,0,0,0.9962558730059783,0.9962558730059783,0.0,0.6680557951952664,0.00047759399675105556,1.5154610797425991,0.0,415,0.0,0.0,0.36828688818628585,0.0,4.048353130739919,0.4539870254574068,17.153773988740852,-1.0104849003766958e-05,0.0,0.06208321037980526,0,0,0,624.0,624,1,1,39.0,1.826008590428367,1.551430456253222,0,1,1,0.05555555555555555,0.0,0,0,0,0,0,0,0,0.0040984892506827336,0.0040984892506827336,0.40984892506827336,0.011947780701605081,0.9974929654552507,0.007906853303749318,0.002273426534810575,0.005531182943353889,3.616142452845267e-05,0.0,0.03386168146262325,0.019659310633120118,0.016659208532552386,0.0,0,0.0,20.000000000000064,0.1,pulsed,0,0,0,,0.24608909280690563,0.1482517730959576,0.0,0.0,0.0,0.0,0.0,0,0,-0.2046510811005724,-0.05954521989914905,-3.2674481292693303e-08,0.34930786616253,0.38215993145384153,0.11428571428571428,0.11428571428571428,0.11428571428571428,0.0,0.05527581283941996,0.01829707269019891,0.02502216181082477,2.9450416867429774e-05,4.0,12.0,patchy,150.0,0,0.0,0.3002957114354639,0.23276795293277924,0.34020841200031704,0.20449124828038578,0,0.0,0.0,0.0,0,0.0,0,0,0,0,0,0,0.0,0.0,0,0,0,0,0,0.0,0.0,0.0,0,0,0.6-P0.2,9,0.11483057039395397,0.01780931107529212,0.9980980567040242,0.1989924158758712,0.00018499159999999003,0.06616754280662297,5345,445,342,0,0,0.08000795507172759,0.11898446080414296,0.00018499159999999003,0.0,0.062013652396433624,0.00415389041018935,0.0,721,0.6-P1.1,none,native,0,0,0,0,0,0.0,0.0,0.0,0.0,0.0,0,0.0,0,0,0.6-P2.2,full,cue_reversal,1,8,1,0,0.01191197981057638,0.0126296494706305,0,2016,5,5,19.000000000000036,0.0,0.06824498870665191,0.015922145535370975,"[ 0.00498862  0.00499552 -0.0800004   0.00500049  0.09001288  0.09
  0.09        0.09      ]",264,0,0,1.164325475192503,0.012723497668212538,0.0041538904101893525,0.00011177470570962881,0.15504093764094903,1,1,2,2,0.07355444704735563,0.025040600293088015,0.002013980000623368,0.11875436032218604,7.994732096207176,3.581723898147174,1.0749778381891752,360,360,0.6-F2.0,full,1,1,2.7206666666666614e-05,5.5649999999999896e-05,0,0,0,0,0,0.0,0.0,0.0,0,0.0,0.0,0.0,0.0,0.0,0.0,0.0,0.0,0,0,0,0,0.0,1.0,0,0,6,0,0,0,0,360,360,0.6.1-D1.4,active,1,0,0,0,0,0,0.0,0.0,0.0,0.0,2,0,0.0,0.15456476375543318,0,0,0,0,0,0.0,0,0.0,360,0,0,0.8,0.019024659473156538,0.019021163557154355,0.9998162429131983,0.00018375708680173908,0,0,0,0,0.0,0.0,0,0,0,1.0,0.0,0.0,0.0,0.0,0,0,0.0,360,0.00018499159999999003,0.0,0,0,0,0,0,0,0.0,0.0,0.0,0.0,0,0,0.6.2-M1.0,no_prediction,8,0,0.0,0.0,0.0,0.0012015840000000003,0.008064000000000002,0.0,3.2400000000000003e-06,0.0,0.009265584000000002,3.2400000000000003e-06,360,20.0,17.16054240308082,0.07355444704735563,360,True,-1.0104849003766958e-05,screening,no_prediction,16.489237785339355,,,,,,,,,,,,,,
SOMA-CELL 0.6.2,6202,20.000000000000064,1,0,0,0,0,0.9983001545636677,0.9983001545636677,0.6241900652236879,0.7280472497655516,0.5082003984359571,1.7405667904342685,0.0,414,0.0,0.0,0.864064268852198,0.0,4.670724837217465,0.9899841884403788,17.16073123185821,-1.1353565895433348e-05,0.0,0.06404772169864932,0,0,0,624.0,624,1,1,39.0,2.0521636109034427,1.954566784624224,0,1,1,0.05555555555555555,0.0,0,0,0,0,0,0,0,0.018038673687336138,0.018038673687336138,1.8038673687336138,0.08138396840243063,0.999160083948709,0.005796400865583567,0.0010310859472095395,0.0817747386769698,2.84434005475987e-05,0.00014750580142297454,0.04873200122230034,0.03348265330167106,0.015913979962439193,0.0,0,0.0,20.000000000000064,0.1,pulsed,0,0,0,,0.9743260976316289,-0.01911572211291685,0.0,0.0,0.0,0.0,0.0,0,5,-0.030316974310632606,-0.03374147335251522,6.626869555230385e-09,0.6955565572134018,0.7706718028489729,0.11428571428571428,0.11428571428571428,0.11428571428571428,0.0,0.8749137861272683,0.25190179366742493,0.148175942512824,1.1835267466286936e-05,4.0,12.0,patchy,150.0,0,0.0,0.37773618332654524,0.2550969286157094,0.09815566085836845,0.45970048229769206,0,0.0,0.0,0.0,0,0.0,0,0,0,0,0,0,0.0,0.0,0,0,0,0,0,0.0,0.0,0.0,0,0,0.6-P0.2,9,0.11713862141154877,0.019958845603492696,0.429215518124486,0.20567527489650603,0.00014048115555552292,0.06843732672590727,4257,207,342,0,0,0.0841046951761411,0.1215705797203644,0.00014048115555552292,0.0,0.06400536841709115,0.0044319583088161234,0.0,721,0.6-P1.1,none,native,0,0,0,0,0,0.0,0.0,0.0,0.0,0.0,0,0.0,0,0,0.6-P2.2,full,cue_reversal,1,8,1,0,0.011144742020280547,0.008613502563121142,0,1888,6,6,19.000000000000036,0.0,0.06832454520156694,0.009160419784312267,"[ 0.00497278  0.00498505 -0.07999895 -0.05499496  0.09002816  0.09
  0.09        0.09      ]",213,0,0,0.9609007242983842,0.014824835198340158,0.00443195830881612,0.0007350166479023032,0.03281802994754809,1,1,2,2,1.126805698677488,0.14818582363002936,0.09251820636555476,0.11173371660999229,7.175089509179464,3.3731086395337275,0.951824057487176,360,360,0.6-F2.0,full,1,1,0.00010085533333333387,0.0002062950000000014,0,0,0,0,0,0.0,0.0,0.0,0,0.0,0.0,0.0,0.0,0.0,0.0,0.0,0.0,0,0,0,0,0.0,1.0,0,0,5,0,0,0,0,360,360,0.6.1-D1.4,active,1,0,0,0,0,0,1.32e-06,0.0,0.0,2.61e-06,2,0,0.0,0.15182602969465758,0,0,0,0,0,0.0,0,0.0,360,0,0,0.8,0.015379486488410702,0.01564537026881918,1.01728820923955,0.0,0,0,0,0,0.0,0.0,0,0,0,1.0,0.0,0.0,0.0,0.0,0,0,0.0,360,0.00014048115555552292,0.0,0,0,0,0,0,0,0.0,0.0,0.0,0.0,0,0,0.6.2-M1.0,no_prediction,8,0,0.0,0.0,0.0,0.0012063360000000006,0.007577168000000002,0.0,1.296e-05,5.148000000000002e-05,0.008783504000000003,6.444000000000003e-05,360,20.0,19.570901593751742,1.126805698677488,360,True,-1.1353565895433348e-05,screening,no_prediction,13.337894678115845,,,,,,,,,,,,,,
SOMA-CELL 0.6.2,6203,20.000000000000064,1,0,0,0,0,0.9982857386915531,0.9982857386915531,0.290093639857323,0.7236118585301939,0.4309207140402496,1.6836911840533701,0.0,415,0.0,0.0,0.6972112620535144,0.0,4.43354313298819,0.828241448823238,17.15243090598132,-1.101742740772238e-05,0.0,0.0632465697218907,0,0,0,624.0,624,1,1,39.0,2.0406356626882505,1.9356571425359281,0,1,1,0.05555555555555555,0.0,0,0,0,0,0,0,0,0.018405246493873977,0.018405246493873977,1.8405246493873977,0.08609697990342624,0.9991876293291453,0.005873904657931204,0.0010398377792448974,0.0836226003345687,3.624290807406764e-05,0.00014515388324760198,0.04612961530585132,0.029146140716710976,0.015852208627772233,0.0,0,0.0,20.000000000000064,0.1,pulsed,0,0,0,,0.9273761939492983,-0.0999193953292696,0.0,0.0,0.0,0.0,0.0,0,4,-0.1452250627110881,-0.14522928979514266,5.0592583524562645e-09,0.6894544579675058,0.6840172259066931,0.11428571428571428,0.11428571428571428,0.11428571428571428,0.0,0.6283930471653474,0.13785609953071004,0.09312863726689684,1.0987305453014073e-05,4.0,12.0,patchy,150.0,0,0.0,0.3914424898328964,0.14560761415698287,0.21993472410731757,0.3731722354073305,0,0.0,0.0,0.0,0,0.0,0,0,0,0,0,0,0.0,0.0,0,0,0,0,0,0.0,0.0,0.0,0,0,0.6-P0.2,9,0.11704973424666021,0.019967652863303872,0.48868137417772206,0.2048399728321808,0.0001692126666666422,0.06765337305554753,4216,292,342,0,0,0.0833208603496325,0.12151911248254765,0.0001692126666666422,0.0,0.06318399481965965,0.00446937823588787,0.0,721,0.6-P1.1,none,native,0,0,0,0,0,0.0,0.0,0.0,0.0,0.0,0,0.0,0,0,0.6-P2.2,full,cue_reversal,1,8,1,0,0.010220758373570454,0.008753947432064431,0,2008,6,6,19.000000000000036,0.0,0.06930350014558953,0.012752157810885841,"[ 0.0049978   0.00499722 -0.07999978 -0.05498999  0.08998822  0.09
  0.09        0.09      ]",403,0,0,1.0798652259864059,0.013655058702597324,0.004469378235887873,0.0005423313695524787,0.10407106252741334,1,1,2,2,0.7513365134862922,0.10804127047666214,0.06654219776391888,0.11320837314262461,7.421613111063318,3.462161850373468,1.0068713627331034,360,360,0.6-F2.0,full,1,1,7.980622222222254e-05,0.00016324000000000048,0,0,0,0,0,0.0,0.0,0.0,0,0.0,0.0,0.0,0.0,0.0,0.0,0.0,0.0,0,0,0,0,0.0,1.0,0,0,6,0,0,0,0,360,360,0.6.1-D1.4,active,1,0,0,0,0,0,6.6e-07,0.0,0.0,1.305e-06,2,0,0.0,0.14575806459888663,0,0,0,0,0,0.0,0,0.0,360,0,0,0.8,0.018045335163179375,0.018210440273523486,1.0091494621103518,0.0,0,0,0,0,0.0,0.0,0,0,0,1.0,0.0,0.0,0.0,0.0,0,0,0.0,360,0.0001692126666666422,0.0,0,0,0,0,0,0,0.0,0.0,0.0,0.0,0,0,0.6.2-M1.0,no_prediction,8,0,0.0,0.0,0.0,0.0012052800000000006,0.008056006400000003,0.0,1.08e-05,4.910400000000002e-05,0.009261286400000004,5.990400000000002e-05,360,20.0,19.400644708444563,0.7513365134862922,360,True,-1.101742740772238e-05,screening,no_prediction,15.488344430923462,,,,,,,,,,,,,,
SOMA-CELL 0.6.2,6204,20.000000000000064,1,0,0,0,0,0.993202064973111,0.993202064973111,0.0,0.6704405014902561,8.3870141708135e-14,1.5287313488044696,0.0,415,0.0,0.0,0.3427736506786034,0.0,4.096446389434025,0.4264156904612677,17.165596271946786,-9.543859547989086e-06,0.0,0.06354466537696102,0,0,0,624.0,624,1,1,39.0,1.8264476683150754,1.563495847891603,0,1,1,0.05555555555555555,0.0,0,0,0,0,0,0,0,0.027424786071354977,0.027424786071354977,2.7424786071354976,0.13540578764801628,0.9950256791857417,0.012457021303240515,0.00413402802377012,0.11108081696078183,6.413640563688035e-05,0.0,0.0322116401778565,0.020592359505173616,0.01578588574956011,0.0,0,0.0,20.000000000000064,0.1,pulsed,0,0,0,,0.2457046299868573,0.14207830562932824,0.0,0.0,0.0,0.0,0.0,0,0,-0.15026011795129815,-0.12793218483512522,-2.2040664037829574e-09,0.379096365168912,0.5487978850112808,0.11428571428571428,0.11428571428571428,0.11428571428571428,0.0,0.02685972830060435,0.005818881752658197,0.07460516037659227,7.165530609601345e-06,4.0,12.0,patchy,150.0,0,0.0,0.298715529033082,0.23312130506075845,0.19619215061345616,0.3439260824601882,0,0.0,0.0,0.0,0,0.0,0,0,0,0,0,0,0.0,0.0,0,0,0,0,0,0.0,0.0,0.0,0,0,0.6-P0.2,9,0.11476543664218644,0.015481978812505091,1.2739036274010127,0.1981757566715498,0.00016766770404976579,0.06776067351280662,5561,402,342,0,0,0.07914797751368982,0.11902777915785931,0.00016766770404976579,0.0,0.06349833099713331,0.004262342515673313,0.0,721,0.6-P1.1,none,native,0,0,0,0,0,0.0,0.0,0.0,0.0,0.0,0,0.0,0,0,0.6-P2.2,full,cue_reversal,1,8,1,0,0.01573956454273665,0.01711065663972559,0,2016,6,6,19.000000000000036,0.0,0.06833874570641392,0.016428608159488364,"[ 0.00499349  0.0049977  -0.08000181 -0.05495182  0.08998275  0.09
  0.09        0.09      ]",217,0,0,1.178101478500884,0.014199567356214988,0.004262342515673318,0.00011215671155849106,0.035980596000071474,1,1,2,2,0.032667639532947476,0.07461613089690734,0.06534689954393542,0.16229143459469755,8.023144621186871,3.594194731241216,1.0253948396234078,360,360,0.6-F2.0,full,1,1,2.7206666666666614e-05,5.5649999999999896e-05,0,0,0,0,0,0.0,0.0,0.0,0,0.0,0.0,0.0,0.0,0.0,0.0,0.0,0.0,0,0,0,0,0.0,1.0,0,0,4,0,0,0,0,360,360,0.6.1-D1.4,active,1,0,0,0,0,0,0.0,0.0,0.0,0.0,2,0,0.0,0.19562447309236508,0,0,0,0,0,0.0,0,0.0,360,0,0,0.8,0.018908797434727963,0.018907006908320024,0.9999053072299219,9.469277007811971e-05,0,0,0,0,0.0,0.0,0,0,0,1.0,0.0,0.0,0.0,0.0,0,0,0.0,360,0.00016766770404976579,0.0,0,0,0,0,0,0,0.0,0.0,0.0,0.0,0,0,0.6.2-M1.0,no_prediction,8,0,0.0,0.0,0.0,0.0012015840000000003,0.008064000000000002,0.0,3.2400000000000003e-06,0.0,0.009265584000000002,3.2400000000000003e-06,360,20.0,16.01694866273855,0.032667639532947476,360,True,-9.543859547989086e-06,screening,no_prediction,10.817612409591675,,,,,,,,,,,,,,
SOMA-CELL 0.6.2,6201,20.000000000000064,1,0,0,0,0,0.9983283108075087,0.9983283108075087,0.0787684878823531,0.681892807394334,0.2708473311857771,1.5541091326084073,0.0,415,0.0,0.0,0.3959458557453286,0.0,4.163215721402738,0.48123778175428916,17.153819327103392,-1.0123293368025088e-05,0.0,0.06253162871172965,0,0,0,624.0,624,1,1,39.0,1.878299154939169,1.6330925375445031,0,1,1,0.05555555555555555,0.0,0,0,0,0,0,0,0,0.0030141577487423953,0.0030141577487423953,0.30141577487423954,0.018946446781603093,0.9992205933382753,0.005877744397774876,0.0010139927418350919,0.0067405660218075375,3.2653895399999114e-05,0.0001380846110540458,0.03980568977719781,0.021053875028532464,0.01723057798166517,0.0,0,0.0,20.000000000000064,0.1,pulsed,0,0,0,,0.7866189690799104,-0.7888402250482758,0.0,0.0,0.0,0.0,0.0,0,0,0.04174064470719166,-0.07899570443051382,-2.5978655686203254e-08,0.28922650741581263,0.38751010911032724,0.11428571428571428,0.11428571428571428,0.11428571428571428,0.0,0.17481687325266027,0.03876585582877083,0.027080245933060257,2.9449481704621472e-05,4.0,12.0,patchy,150.0,0,0.0,0.30362448685345755,0.2601548007330356,0.38441149903437155,0.1590476305124289,0,0.0,0.0,0.0,0,0.0,0,0,0,0,0,0,0.0,0.0,0,0,0,0,0,0.0,0.0,0.0,0,0,0.6-P0.2,9,0.1186318331748309,0.019964555121519588,0.8607857028728134,0.20542118006937043,0.0002324788000000579,0.06659231297301749,5121,479,342,0,0,0.08265910893534446,0.12276207113402537,0.0002324788000000579,0.0,0.06246207501382276,0.0041302379591947255,0.0,721,0.6-P1.1,none,native,0,0,0,0,0,0.0,0.0,0.0,0.0,0.0,0,0.0,0,0,0.6-P2.2,full,cue_reversal,1,8,1,0,0.009696910598168271,0.005698700695456748,2736,2016,6,6,19.000000000000036,0.0,0.06844072019454009,0.014003123796512142,"[ 0.00498389  0.00499348 -0.07999954 -0.05311523  0.09000304  0.09
  0.09        0.09      ]",267,0,0,1.163176362071554,0.012513997343492957,0.004130237959194727,0.00011955418941720976,0.18895291311119872,1,1,2,2,0.2135645663453298,0.027098408669161547,0.008284476761005135,0.1171561538924959,7.875190944028766,3.5612551258506615,1.0729197540669397,360,360,0.6-F2.0,full,1,1,2.81135555555555e-05,5.750499999999989e-05,0,0,0,0,0,0.0,0.0,0.0,0,0.0,0.0,0.0,0.0,0.0,0.0,0.0,0.0,0,0,0,0,0.0,1.0,0,0,6,0,0,0,0,360,360,0.6.1-D1.4,active,1,0,0,0,0,0,0.0,0.0,0.0,0.0,2,0,0.0,0.15917653327816894,0,0,0,0,0,0.0,0,0.0,360,0,0,0.8,0.0188475957175894,0.018809906991860643,0.998000343052054,0.001999656947946016,0,0,0,0,0.0,0.0,0,0,0,1.0,0.0,0.0,0.0,0.0,0,0,0.0,360,0.0002324788000000579,0.0,0,0,0,0,0,0,0.0,0.0,0.0,0.0,0,0,0.6.2-M1.0,no_recurrence,8,0,0.0,0.0,0.0016018480000000016,0.0,0.008067484800000002,3.7800000000000002e-06,0.0,7.128000000000003e-06,0.009669332800000003,1.0908000000000003e-05,360,20.0,17.663591618370138,0.2135645663453298,360,True,-1.0123293368025088e-05,screening,no_recurrence,13.27445125579834,,,,,,,,,,,,,,
SOMA-CELL 0.6.2,6202,20.000000000000064,1,0,0,0,0,0.9982734428287411,0.9982734428287411,0.6357624920392293,0.7284011053144775,0.5073452688530106,1.7438714971077744,0.0,414,0.0,0.0,0.8683026643135154,0.0,4.675678410644885,0.994764747508276,17.16067110573113,-1.1239292245335264e-05,0.0,0.06316090579860499,0,0,0,624.0,624,1,1,39.0,2.053976238229179,1.9585693287491406,0,1,1,0.05555555555555555,0.0,0,0,0,0,0,0,0,0.019030107169847287,0.019030107169847287,1.9030107169847286,0.08647778797714509,0.9991499769571953,0.005863722978379971,0.0010473026599626162,0.08662679623770367,2.8479697944825906e-05,0.0001493334296644196,0.048141537483436435,0.03366648709466987,0.015968214511356923,0.0,0,0.0,20.000000000000064,0.1,pulsed,0,0,0,,0.9747196161576179,-0.027852505294811862,0.0,0.0,0.0,0.0,0.0,0,5,-0.029605630259129632,-0.0335126976794153,6.618949206075286e-09,0.6955565378750042,0.7680126315599624,0.11428571428571428,0.11428571428571428,0.11428571428571428,0.0,0.887073689143346,0.24845433667197184,0.14925786957856324,1.1834880302985518e-05,4.0,12.0,patchy,150.0,0,0.0,0.3933017035827251,0.24558296190717535,0.10488124920112775,0.4660441446753578,0,0.0,0.0,0.0,0,0.0,0,0,0,0,0,0,0.0,0.0,0,0,0,0,0,0.0,0.0,0.0,0,0,0.6-P0.2,9,0.11728954234835537,0.01996504655786494,0.415867993130672,0.2047396217728,0.00013923027399163077,0.067345802592586,4218,202,342,0,0,0.08322283052094125,0.12151679125185813,0.00013923027399163077,0.0,0.0631185536890826,0.004227248903503404,0.0,721,0.6-P1.1,none,native,0,0,0,0,0,0.0,0.0,0.0,0.0,0.0,0,0.0,0,0,0.6-P2.2,full,cue_reversal,1,8,1,0,0.009634349552209582,0.006864680835734018,2736,1880,6,6,19.000000000000036,0.0,0.06828725211050349,0.009004432577219888,"[ 0.004977    0.00498625 -0.07999907 -0.05496228  0.09002566  0.09
  0.09        0.09      ]",181,0,0,0.9154494782398703,0.01357124746032811,0.004227248903503401,0.0007416283327233554,0.0157599760541306,1,1,2,2,1.1355181222870359,0.1492677731068453,0.09440414025872544,0.11161795578627226,7.1629296100441815,3.376556207112351,0.9507421304214368,360,360,0.6-F2.0,full,1,1,0.00010085533333333387,0.0002062950000000014,0,0,0,0,0,0.0,0.0,0.0,0,0.0,0.0,0.0,0.0,0.0,0.0,0.0,0.0,0,0,0,0,0.0,1.0,0,0,5,0,0,0,0,360,360,0.6.1-D1.4,active,1,0,0,0,0,0,1.32e-06,0.0,0.0,2.61e-06,2,0,0.0,0.14822540197917558,0,0,0,0,0,0.0,0,0.0,360,0,0,0.8,0.015335956151786201,0.015600232256418475,1.0172324504593404,0.0,0,0,0,0,0.0,0.0,0,0,0,1.0,0.0,0.0,0.0,0.0,0,0,0.0,360,0.00013923027399163077,0.0,0,0,0,0,0,0,0.0,0.0,0.0,0.0,0,0,0.6.2-M1.0,no_recurrence,8,0,0.0,0.0,0.0016080080000000021,0.0,0.007544780800000001,1.638e-05,0.0,5.068800000000002e-05,0.009152788800000004,6.706800000000002e-05,360,20.0,19.572370576366634,1.1355181222870359,360,True,-1.1239292245335264e-05,screening,no_recurrence,12.39819860458374,,,,,,,,,,,,,,
SOMA-CELL 0.6.2,6203,20.000000000000064,1,0,0,0,0,0.9983522478451241,0.9983522478451241,0.2547632145724986,0.7244628110052622,0.4238988439803528,1.6826832817686763,0.0,415,0.0,0.0,0.6811704593263463,0.0,4.433117902704204,0.8097146996010286,17.152707278737036,-1.0860948915336621e-05,0.0,0.06264198966197015,0,0,0,624.0,624,1,1,39.0,2.045137782566338,1.9439269942802004,0,1,1,0.05555555555555555,0.0,0,0,0,0,0,0,0,0.015731684266872294,0.015731684266872294,1.5731684266872294,0.07415155439890175,0.999227002938852,0.005686977993412461,0.0009994613282222802,0.07055570188454559,3.5129340172674136e-05,0.00014027086825850373,0.04596298330066477,0.028485062160039175,0.01585807549313726,0.0,0,0.0,20.000000000000064,0.1,pulsed,0,0,0,,0.9195118683900542,-0.20065401598649904,0.0,0.0,0.0,0.0,0.0,0,4,-0.165916643378126,-0.15299144100098686,4.715260089399563e-09,0.6869133148821116,0.6715873122476461,0.11428571428571428,0.11428571428571428,0.11428571428571428,0.0,0.6072725939309761,0.1499050891099737,0.08297189095948997,1.0986948647095929e-05,4.0,12.0,patchy,150.0,0,0.0,0.40426882511270257,0.1232553123988264,0.24328270975304248,0.3641959337056828,0,0.0,0.0,0.0,0,0.0,0,0,0,0,0,0,0.0,0.0,0,0,0,0,0,0.0,0.0,0.0,0,0,0.6-P0.2,9,0.1171073522213484,0.019977332629437586,0.48391296837579845,0.20414058549529454,0.0001795683111111457,0.06687633233339471,4197,314,342,0,0,0.082736337506881,0.12140424798841296,0.0001795683111111457,0.0,0.06257943656632978,0.004296895767064939,0.0,721,0.6-P1.1,none,native,0,0,0,0,0,0.0,0.0,0.0,0.0,0.0,0,0.0,0,0,0.6-P2.2,full,cue_reversal,1,8,1,0,0.008460867817450524,0.006440257956812459,2736,2008,6,6,19.000000000000036,0.0,0.06932266754554563,0.013015116132888782,"[ 0.00499578  0.00499727 -0.07999967 -0.05499376  0.08998302  0.09
  0.09        0.09      ]",409,0,0,1.049556890473583,0.012693956874271486,0.004296895767064939,0.0005050589223044826,0.12227942197191646,1,1,2,2,0.7474326045376073,0.09271696946283244,0.05856735036396757,0.11125641120207369,7.442733636894989,3.450112930496307,1.01702810904051,360,360,0.6-F2.0,full,1,1,7.527177777777807e-05,0.00015396500000000032,0,0,0,0,0,0.0,0.0,0.0,0,0.0,0.0,0.0,0.0,0.0,0.0,0.0,0.0,0,0,0,0,0.0,1.0,0,0,7,0,0,0,0,360,360,0.6.1-D1.4,active,1,0,0,0,0,0,6.6e-07,0.0,0.0,1.305e-06,2,0,0.0,0.1488228227352659,0,0,0,0,0,0.0,0,0.0,360,0,0,0.8,0.01815655019474157,0.0182602466041439,1.0057112396512615,0.0,0,0,0,0,0.0,0.0,0,0,0,1.0,0.0,0.0,0.0,0.0,0,0,0.0,360,0.0001795683111111457,0.0,0,0,0,0,0,0,0.0,0.0,0.0,0.0,0,0,0.6.2-M1.0,no_recurrence,8,0,0.0,0.0,0.001605544000000002,0.0,0.008052521600000001,1.134e-05,0.0,4.197600000000002e-05,0.009658065600000003,5.3316000000000016e-05,360,20.0,19.369834625832404,0.7474326045376073,360,True,-1.0860948915336621e-05,screening,no_recurrence,13.845728635787964,,,,,,,,,,,,,,
SOMA-CELL 0.6.2,6204,20.000000000000064,1,0,0,0,0,0.9943089572020725,0.9943089572020725,0.0,0.6668793573877481,2.769180913742933e-13,1.515528462215994,0.0,415,0.0,0.0,0.3405964950503775,0.0,4.0559306198788025,0.4237798657671739,17.165647752103254,-9.022115218471072e-06,0.0,0.06276560884962733,0,0,0,624.0,624,1,1,39.0,1.816383066247945,1.5400474963276072,0,1,1,0.05555555555555555,0.0,0,0,0,0,0,0,0,0.0186068923254839,0.0186068923254839,1.86068923254839,0.08812289856225301,0.996039491812854,0.010818612173819853,0.0034589687793174975,0.0712021788399386,5.1718765856440564e-05,0.0,0.03221554488558844,0.01980837186527369,0.01611321454716059,0.0,0,0.0,20.000000000000064,0.1,pulsed,0,0,0,,0.24584846043285763,0.14351440596514162,0.0,0.0,0.0,0.0,0.0,0,0,-0.020917685824868824,-0.2837971970913308,-1.910118217241973e-09,0.13264772372147823,0.5070644992126387,0.11428571428571428,0.11428571428571428,0.11428571428571428,0.0,0.008234383327472587,0.006611971674419374,0.04923469871149975,7.165276502144047e-06,4.0,12.0,patchy,150.0,0,0.0,0.2810460929722641,0.23218795340598175,0.2512994450208504,0.28800475866562597,0,0.0,0.0,0.0,0,0.0,0,0,0,0,0,0,0.0,0.0,0,0,0,0,0,0.0,0.0,0.0,0,0,0.6-P0.2,9,0.11494941796390089,0.015678486194108637,1.2139405231742457,0.1976001948608335,0.00017525097777782795,0.0667970397250443,5473,414,342,0,0,0.07857301636009735,0.1190271785007355,0.00017525097777782795,0.0,0.06271927918820928,0.004077760536835019,0.0,721,0.6-P1.1,none,native,0,0,0,0,0,0.0,0.0,0.0,0.0,0.0,0,0.0,0,0,0.6-P2.2,full,cue_reversal,1,8,1,0,0.013715064187254171,0.013600952353782036,2736,2016,6,6,19.000000000000036,0.0,0.06833990808404983,0.014967829573102342,"[ 0.00499181  0.0049964  -0.08000114 -0.05491299  0.09001109  0.09
  0.09        0.09      ]",249,0,0,1.127835915960342,0.013022937478662877,0.004077760536835026,0.00011215535718385035,0.07001546917749178,1,1,2,2,0.014835156559478266,0.049245897153913434,0.03889149086494389,0.149772856029463,8.041770137195076,3.5934018279737017,1.0507653012885005,360,360,0.6-F2.0,full,1,1,2.7206666666666614e-05,5.5649999999999896e-05,0,0,0,0,0,0.0,0.0,0.0,0,0.0,0.0,0.0,0.0,0.0,0.0,0.0,0.0,0,0,0,0,0.0,1.0,0,0,5,0,0,0,0,360,360,0.6.1-D1.4,active,1,0,0,0,0,0,0.0,0.0,0.0,0.0,2,0,0.0,0.19045982385344223,0,0,0,0,0,0.0,0,0.0,360,0,0,0.8,0.01899458651150501,0.0189940989702714,0.9999743326219123,2.5667378087734782e-05,0,0,0,0,0.0,0.0,0,0,0,1.0,0.0,0.0,0.0,0.0,0,0,0.0,360,0.00017525097777782795,0.0,0,0,0,0,0,0,0.0,0.0,0.0,0.0,0,0,0.6.2-M1.0,no_recurrence,8,0,0.0,0.0,0.0016018480000000016,0.0,0.008064000000000002,3.7800000000000002e-06,0.0,0.0,0.009665848000000003,3.7800000000000002e-06,360,20.0,16.2788802315514,0.014835156559478266,360,True,-9.022115218471072e-06,screening,no_recurrence,13.246727228164673,,,,,,,,,,,,,,
SOMA-CELL 0.6.2,6201,20.000000000000064,1,0,0,0,0,0.9986920699103583,0.9986920699103583,0.6514567151032453,0.7382896769129514,0.5316306995691419,1.7335729426257918,0.0,415,0.0,0.0,0.5129534218729344,0.0,4.826244107043119,0.6374235058574921,17.152243436168632,-1.0663341949879168e-05,0.0,0.032808489594050146,0,0,0,624.0,624,1,1,39.0,2.0901941173429606,2.021881260117311,0,1,1,0.05555555555555555,0.0,0,0,0,0,0,0,0,0.0017827200444029087,0.0017827200444029087,0.17827200444029087,0.008041462159994732,0.9991045427851415,0.004765005414123186,0.0007932037434853493,0.0016603929481020859,1.7946811496273283e-05,0.0001564592961714165,0.04339108547797431,0.027904197726834803,0.01708376920347896,0.0,0,0.0,20.000000000000064,0.1,pulsed,0,0,0,,0.9754644498279812,0.00407361031267527,0.0,0.0,0.0,0.0,0.0,0,3,0.060582837805007936,-0.06592034689772824,2.7259058035115244e-09,0.6863226210275513,0.5348702779882425,0.11428571428571428,0.11428571428571428,0.11428571428571428,0.0,0.7928041054678454,0.2027953506070035,0.0408670828852364,2.4016225848938477e-05,4.0,12.0,patchy,150.0,0,0.0,0.3228763186604045,0.22683352865303208,0.36566837373826055,0.1875878656003547,0,0.0,0.0,0.0,0,0.0,0,0,0,0,0,0,0.0,0.0,0,0,0,0,0,0.0,0.0,0.0,0,0,0.6-P0.2,5,0.06761382164198973,0.0119552222213308,0.4237143934215324,0.11498683329087697,0.00017043342222227038,0.0352473560053345,3079,308,342,0,0,0.044831397648703045,0.07015543564217386,0.00017043342222227038,0.0,0.0327057420051501,0.0025416140001843957,0.0,721,0.6-P1.1,none,native,0,0,0,0,0,0.0,0.0,0.0,0.0,0.0,0,0.0,0,0,0.6-P2.2,full,cue_reversal,1,4,1,0,0.007410908105026939,0.0008025023817022255,1368,1008,6,6,19.000000000000036,0.0,0.06780051051263605,0.022112129958421805,[0.045 0.045 0.045 0.045 0.045 0.045 0.045 0.045],68,0,0,0.6869928367128149,0.004975900759800669,0.0025416140001843918,0.00022295873514361128,0.2101123634688958,1,1,2,2,0.9955753719673677,0.04089116699271765,0.008334780599751046,0.09143599105778938,7.232207226695552,3.397235679457704,1.0591329171147637,360,360,0.6-F2.0,full,1,1,4.20346666666667e-05,8.597999999999982e-05,0,0,0,0,0,0.0,0.0,0.0,0,0.0,0.0,0.0,0.0,0.0,0.0,0.0,0.0,0,0,0,0,0.0,1.0,0,0,6,0,0,0,0,360,360,0.6.1-D1.4,active,1,0,0,0,0,0,6.6e-07,0.0,0.0,1.305e-06,2,0,0.0,0.15402392808912493,0,0,0,0,0,0.0,0,0.0,360,0,0,0.8,0.015547865938093978,0.01485323227776128,0.9553228936306448,0.04467710636935518,0,0,0,0,0.0,0.0,0,0,0,1.0,0.0,0.0,0.0,0.0,0,0,0.0,360,0.00017043342222227038,0.0,0,0,0,0,0,0,0.0,0.0,0.0,0.0,0,0,0.6.2-M1.0,size4,4,0,0.0,0.0,0.0008027720000000006,6.0237600000000035e-05,0.004040712000000001,5.67e-06,4.860000000000002e-07,1.7820000000000006e-05,0.004903721600000002,2.3976000000000006e-05,360,20.0,18.419656106223602,0.9955753719673677,360,True,-1.0663341949879168e-05,screening,size4,15.35751724243164,,,,,,,,,,,,,,
SOMA-CELL 0.6.2,6202,20.000000000000064,1,0,0,0,0,0.9983155606455634,0.9983155606455634,0.6541773304211782,0.7301371631063165,0.5112093038619863,1.7536755260212804,0.0,415,0.0,0.0,0.8644034050459476,0.0,4.618425904228768,1.0169838376504425,17.16054591741276,-1.2166565088733705e-05,0.0,0.03398488104943568,0,0,0,624.0,624,1,1,39.0,2.060378293914349,1.969703601389978,0,1,1,0.05555555555555555,0.0,0,0,0,0,0,0,0,0.01755698698526508,0.01755698698526508,1.7556986985265082,0.07989880739529509,0.9991860550858539,0.005742917506804051,0.001021733101532395,0.0794765344366095,2.8069806688081892e-05,0.00014609939787991574,0.047722147783115836,0.033291343146479614,0.01587531223325029,0.0,0,0.0,20.000000000000064,0.1,pulsed,0,0,0,,0.9753718773063234,-0.026370470837764167,0.0,0.0,0.0,0.0,0.0,0,4,-0.029740810086885908,-0.03506356283867297,8.605912841739032e-09,0.6955604157930692,0.6930160503938816,0.11428571428571428,0.11428571428571428,0.11428571428571428,0.0,0.8741521205350712,0.23454815492970202,0.11618663405996431,1.222241295098514e-05,4.0,12.0,patchy,150.0,0,0.0,0.3496192657007337,0.2540158353678747,0.11337301745168804,0.4325554698309324,0,0.0,0.0,0.0,0,0.0,0,0,0,0,0,0,0.0,0.0,0,0,0,0,0,0.0,0.0,0.0,0,0,0.6-P0.2,5,0.06645134625942305,0.0119899368224811,0.26200985743932026,0.11529029727686481,9.889559661737778e-05,0.03675011859834367,2775,84,342,0,0,0.046008138713081126,0.06928215856378363,9.889559661737778e-05,0.0,0.03391930629398277,0.0028308123043609005,0.0,721,0.6-P1.1,none,native,0,0,0,0,0,0.0,0.0,0.0,0.0,0.0,0,0.0,0,0,0.6-P2.2,full,cue_reversal,1,4,1,0,0.009107038567830947,0.006305784599049907,1368,960,6,6,19.000000000000036,0.0,0.06785281397867568,0.008753066572476525,[0.045 0.045 0.045 0.045 0.045 0.045 0.045 0.045],116,0,0,0.6145952151807078,0.0063518842350469345,0.0028308123043609018,0.00038389730241533346,0.04800268733123877,1,1,2,2,1.1086850332105962,0.11620187631414136,0.08607866823627675,0.11450607519304716,7.175853550735649,3.365469258857867,0.9838133659400358,360,360,0.6-F2.0,full,1,1,0.00010357600000000057,0.0002118600000000015,0,0,0,0,0,0.0,0.0,0.0,0,0.0,0.0,0.0,0.0,0.0,0.0,0.0,0.0,0,0,0,0,0.0,1.0,0,0,5,0,0,0,0,360,360,0.6.1-D1.4,active,1,0,0,0,0,0,1.32e-06,0.0,0.0,2.61e-06,2,0,0.0,0.14821028621505222,0,0,0,0,0,0.0,0,0.0,360,0,0,0.8,0.015394150093537048,0.01571801401326448,1.0210381162818074,0.0,0,0,0,0,0.0,0.0,0,0,0,1.0,0.0,0.0,0.0,0.0,0,0,0.0,360,9.889559661737778e-05,0.0,0,0,0,0,0,0,0.0,0.0,0.0,0.0,0,0,0.6.2-M1.0,size4,4,0,0.0,0.0,0.000804312000000001,6.0369600000000046e-05,0.003855100800000001,8.82e-06,7.560000000000004e-07,3.0888000000000006e-05,0.004719782400000002,4.0464000000000004e-05,360,20.0,19.58781419118575,1.1086850332105962,360,True,-1.2166565088733705e-05,screening,size4,11.612120389938354,,,,,,,,,,,,,,
SOMA-CELL 0.6.2,6203,20.000000000000064,1,0,0,0,0,0.9986835089502399,0.9986835089502399,0.07335781441381083,0.7011674908335037,0.2668435314793004,1.6407226529703165,0.0,415,0.0,0.0,0.433046427487996,0.0,4.246501801239412,0.549194824721439,17.1568622293171,-1.1004040100459633e-05,0.0,0.032886122365574616,0,0,0,624.0,624,1,1,39.0,1.9483645405433023,1.7575163276584382,0,1,1,0.05555555555555555,0.0,0,0,0,0,0,0,0,0.0017116235354969391,0.0017116235354969391,0.17116235354969392,0.00649074696340128,0.9993069834310243,0.004794346043834749,0.0007983990214620041,0.0016946554519138449,2.7164757970212477e-05,0.00011850392537994762,0.0409248809587031,0.021823621818795418,0.017517241430967008,0.0,0,0.0,20.000000000000064,0.1,pulsed,0,0,0,,0.7795758310138439,-0.5973934565559644,0.0,0.0,0.0,0.0,0.0,0,6,-0.20292794523530297,-0.03125736818916382,-7.614919231664323e-09,0.6508079374946193,0.30618680381854324,0.11428571428571428,0.11428571428571428,0.11428571428571428,0.0,0.27462436889260294,0.06964090549981101,0.019606367841948802,2.682145409566017e-05,4.0,12.0,patchy,150.0,0,0.0,0.2409367529490175,0.2919772391089654,0.3447864782191125,0.19396781051651646,0,0.0,0.0,0.0,0,0.0,0,0,0,0,0,0,0.0,0.0,0,0,0,0,0,0.0,0.0,0.0,0,0,0.6-P0.2,5,0.06515318871705172,0.011997470663061682,0.548861048261784,0.11260506088887781,0.00019040770769127502,0.03526399380107324,3379,364,342,0,0,0.04498182830340128,0.06762323258547624,0.00019040770769127502,0.0,0.032793949932648433,0.002470043868424807,0.0,721,0.6-P1.1,none,native,0,0,0,0,0,0.0,0.0,0.0,0.0,0.0,0,0.0,0,0,0.6-P2.2,full,cue_reversal,1,4,1,0,0.008982791776981944,0.005703270029227284,1368,1004,6,6,19.000000000000036,0.0,0.06681528065621517,0.012523148785974676,[0.045 0.045 0.045 0.045 0.045 0.045 0.045 0.045],194,0,0,0.6724764726657257,0.005304196793959251,0.002470043868424805,6.380083998501215e-05,0.19365766143567328,1,1,2,2,0.34424289485840315,0.01962874737595958,0.004909814621776548,0.10421881663804465,7.750385295775173,3.530386675423026,1.0803936321580512,360,360,0.6-F2.0,full,1,1,2.9020444444444386e-05,5.9359999999999886e-05,0,0,0,0,0,0.0,0.0,0.0,0,0.0,0.0,0.0,0.0,0.0,0.0,0.0,0.0,0,0,0,0,0.0,1.0,0,0,6,0,0,0,0,360,360,0.6.1-D1.4,active,1,0,0,0,0,0,0.0,0.0,0.0,0.0,2,0,0.0,0.15184062359331282,0,0,0,0,0,0.0,0,0.0,360,0,0,0.8,0.01857283423488496,0.01836051797584568,0.9885684513007449,0.011431548699255112,0,0,0,0,0.0,0.0,0,0,0,1.0,0.0,0.0,0.0,0.0,0,0,0.0,360,0.00019040770769127502,0.0,0,0,0,0,0,0,0.0,0.0,0.0,0.0,0,0,0.6.2-M1.0,size4,4,0,0.0,0.0,0.0008012320000000008,6.010560000000005e-05,0.0040160000000000005,2.5200000000000004e-06,2.1600000000000003e-07,0.0,0.004877337600000001,2.7360000000000006e-06,360,20.0,17.977609237567403,0.34424289485840315,360,True,-1.1004040100459633e-05,screening,size4,20.550686597824097,,,,,,,,,,,,,,
SOMA-CELL 0.6.2,6204,20.000000000000064,1,0,0,0,0,0.99826309611966,0.99826309611966,0.011227452003046595,0.6797034127678846,0.06790311310899465,1.5622840987219582,0.0,415,0.0,0.0,0.39398287802600157,0.0,4.098784853649859,0.48176289329051697,17.165135847513504,-1.0182912937750643e-05,0.0,0.03302943768547786,0,0,0,624.0,624,1,1,39.0,1.873930963712156,1.6281542460825156,0,1,1,0.05555555555555555,0.0,0,0,0,0,0,0,0,0.0025892035909799603,0.0025892035909799603,0.25892035909799604,0.01379026545530281,0.9990340395299177,0.005470572201732453,0.0010535842707964061,0.00462505783058889,2.989977267824134e-05,0.0,0.040486918649290056,0.020521631172782925,0.0177011319026301,0.0,0,0.0,20.000000000000064,0.1,pulsed,0,0,0,,0.4886147461672607,-0.9992284610082969,0.0,0.0,0.0,0.0,0.0,0,1,-0.13710927947843943,-0.046970321618332395,-1.5687004502520442e-10,0.2420045459609671,0.28221614466657996,0.11428571428571428,0.11428571428571428,0.11428571428571428,0.0,0.11766623629864857,0.02911028758041227,0.01866401946258389,1.0296912279883497e-05,4.0,12.0,patchy,150.0,0,0.0,0.24167354120330012,0.30602646295638275,0.36881973425331255,0.17096871109256612,0,0.0,0.0,0.0,0,0.0,0,0,0,0,0,0,0.0,0.0,0,0,0,0,0,0.0,0.0,0.0,0,0,0.6-P0.2,5,0.06508140004126739,0.011822568177328614,0.5551950314590609,0.11267743491221462,0.00018765648888894367,0.03558581020472988,3435,354,342,0,0,0.04496735974496035,0.06771007516725404,0.00018765648888894367,0.0,0.03295713507874298,0.0026286751259868985,0.0,721,0.6-P1.1,none,native,0,0,0,0,0,0.0,0.0,0.0,0.0,0.0,0,0.0,0,0,0.6-P2.2,full,cue_reversal,1,4,1,0,0.009894575675524805,0.009934194329229646,1368,1008,6,6,19.000000000000036,0.0,0.06840207469866064,0.011664032571729512,[0.045 0.045 0.045 0.045 0.045 0.045 0.045 0.045],50,0,0,0.713825738042565,0.005448037129581474,0.002628675125986898,6.655673209470882e-05,0.1716159276341025,1,1,2,2,0.14676059227402302,0.018679951067621704,0.008769551076813181,0.12675315883179153,7.932340862976473,3.5709112570592385,1.0813359805374163,360,360,0.6-F2.0,full,1,1,2.9927333333333273e-05,6.121499999999988e-05,0,0,0,0,0,0.0,0.0,0.0,0,0.0,0.0,0.0,0.0,0.0,0.0,0.0,0.0,0,0,0,0,0.0,1.0,0,0,4,0,0,0,0,360,360,0.6.1-D1.4,active,1,0,0,0,0,0,0.0,0.0,0.0,0.0,2,0,0.0,0.14653977299809387,0,0,0,0,0,0.0,0,0.0,360,0,0,0.8,0.018706201045334606,0.018655897838589387,0.9973108806740979,0.0026891193259021007,0,0,0,0,0.0,0.0,0,0,0,1.0,0.0,0.0,0.0,0.0,0,0,0.0,360,0.00018765648888894367,0.0,0,0,0,0,0,0,0.0,0.0,0.0,0.0,0,0,0.6.2-M1.0,size4,4,0,0.0,0.0,0.0008012320000000008,6.010560000000005e-05,0.004032000000000001,2.5200000000000004e-06,2.1600000000000003e-07,0.0,0.004893337600000001,2.7360000000000006e-06,360,20.0,17.886209987517447,0.14676059227402302,360,True,-1.0182912937750643e-05,screening,size4,21.189841985702515,,,,,,,,,,,,,,
SOMA-CELL 0.6.2,6201,20.000000000000064,1,0,0,0,0,0.9986759555999041,0.9986759555999041,0.5816815130090791,0.7099311290037816,0.5052246296607534,1.6575180236678926,0.0,415,0.0,0.0,0.4481273216367707,0.0,4.550749546974322,0.5640619246697598,17.15319278490703,-9.701375947912538e-06,0.0,0.01866223840558444,0,0,0,624.0,624,1,1,39.0,1.9844008579796928,1.8247572743610405,0,1,1,0.05555555555555555,0.0,0,0,0,0,0,0,0,0.0018385034368358726,0.0018385034368358726,0.18385034368358727,0.008072772903709712,0.9991163210510267,0.004831065733890127,0.0008029828614402504,0.0018879292698107029,1.862963002174505e-05,0.0001535712019050426,0.04138816325296223,0.025626285450243754,0.01768549098773923,0.0,0,0.0,20.000000000000064,0.1,pulsed,0,0,0,,0.9728833604467353,0.009499747786628366,0.0,0.0,0.0,0.0,0.0,0,0,0.2627506973839455,-0.010101679531476834,2.4320586815399734e-08,0.31568065243266386,0.25573818266957604,0.11428571428571428,0.11428571428571428,0.11428571428571428,0.0,0.5712139699212901,0.09949036463100348,0.015966029344001362,3.6702765838184104e-05,4.0,12.0,patchy,150.0,0,0.0,0.3275275453861024,0.275145023435434,0.4249827033465999,0.12477491239887392,0,0.0,0.0,0.0,0,0.0,0,0,0,0,0,0,0.0,0.0,0,0,0,0,0,0.0,0.0,0.0,0,0,0.6-P0.2,3,0.04166737530567302,0.007993915167205757,0.2585817579836209,0.06984154116876763,0.0001474371027311112,0.020032813593158325,2024,253,342,0,0,0.02668016001361866,0.043161381155148816,0.0001474371027311112,0.0,0.018538807743682374,0.0014940058494759521,0.0,721,0.6-P1.1,none,native,0,0,0,0,0,0.0,0.0,0.0,0.0,0.0,0,0.0,0,0,0.6-P2.2,full,cue_reversal,1,2,1,0,0.0076952474621287265,0.0009509122315605808,684,504,6,6,19.000000000000036,0.0,0.0666736782357494,0.0209031261931723,[0.0225 0.0225 0.0225 0.0225 0.0225 0.0225 0.0225 0.0225],18,0,0,0.4104013095119167,0.0020434313945857266,0.001494005849475953,0.00010062645525623312,0.2034397048763162,1,1,2,2,0.6706748257565608,0.01599553813973416,0.003851783674442056,0.11001379449060189,7.453800289761843,3.500547052845106,1.0840339706559987,360,360,0.6-F2.0,full,1,1,4.148222222222225e-05,8.484999999999983e-05,0,0,0,0,0,0.0,0.0,0.0,0,0.0,0.0,0.0,0.0,0.0,0.0,0.0,0.0,0,0,0,0,0.0,1.0,0,0,5,0,0,0,0,360,360,0.6.1-D1.4,active,1,0,0,0,0,0,6.6e-07,0.0,0.0,1.305e-06,2,0,0.0,0.14703817774834918,0,0,0,0,0,0.0,0,0.0,360,0,0,0.8,0.016855882624680497,0.015188042199106234,0.9010529164974013,0.09894708350259873,0,0,0,0,0.0,0.0,0,0,0,1.0,0.0,0.0,0.0,0.0,0,0,0.0,360,0.0001474371027311112,0.0,0,0,0,0,0,0,0.0,0.0,0.0,0.0,0,0,0.6.2-M1.0,size2,2,0,0.0,0.0,0.00040123200000000034,6.021120000000004e-05,0.0020203560000000005,2.52e-06,4.3200000000000016e-07,8.910000000000003e-06,0.0024817992000000007,1.1862000000000003e-05,360,20.0,18.65304276743908,0.6706748257565608,360,True,-9.701375947912538e-06,screening,size2,15.724015474319458,,,,,,,,,,,,,,
SOMA-CELL 0.6.2,6202,20.000000000000064,1,0,0,0,0,0.9982832256560834,0.9982832256560834,0.684054348048658,0.7307029595492462,0.5130497288146757,1.7655309600373585,0.0,415,0.0,0.0,0.8822154243852636,0.0,4.621858585518074,1.0378752579668544,17.160202967740442,-1.296057328659117e-05,0.0,0.018791817776705095,0,0,0,624.0,624,1,1,39.0,2.0608306793986184,1.9709394349997618,0,1,1,0.05555555555555555,0.0,0,0,0,0,0,0,0,0.018585417061675862,0.018585417061675862,1.8585417061675862,0.08474889945949246,0.9991678424117089,0.005833534801073941,0.0010413634483573831,0.08447051343839797,2.8050261821531053e-05,0.00014888778588739333,0.048202152278426585,0.03384132634925594,0.016381228235203278,0.0,0,0.0,20.000000000000064,0.1,pulsed,0,0,0,,0.9762958016198271,-0.024716774452639534,0.0,0.0,0.0,0.0,0.0,0,5,-0.028688365414348795,-0.03124620428093665,2.1159350600742302e-08,0.695564951299739,0.7608432152023811,0.11428571428571428,0.11428571428571428,0.11428571428571428,0.0,0.8733832240589708,0.23313432135728085,0.1430433019529363,1.934292423609596e-05,4.0,12.0,patchy,150.0,0,0.0,0.4684054302511066,0.17172044511555673,0.19097850497510777,0.4749934410040647,0,0.0,0.0,0.0,0,0.0,0,0,0,0,0,0,0.0,0.0,0,0,0,0,0,0.0,0.0,0.0,0,0,0.6-P0.2,3,0.041443459864862565,0.007991842379136034,0.12749818923599493,0.06972768269943572,8.09192333196128e-05,0.020211461222117883,1708,36,342,0,0,0.026781566129660483,0.04294611656977498,8.09192333196128e-05,0.0,0.018708804517205163,0.0015026567049127206,0.0,721,0.6-P1.1,none,native,0,0,0,0,0,0.0,0.0,0.0,0.0,0.0,0,0.0,0,0,0.6-P2.2,full,cue_reversal,1,2,1,0,0.0074160931284549935,0.0064266683335371735,684,472,6,6,19.000000000000036,0.0,0.06815750132525605,0.008740971759690257,[0.0225 0.0225 0.0225 0.0225 0.0225 0.0225 0.0225 0.0225],80,0,0,0.3297884331162422,0.002294317664303115,0.0015026567049127217,0.00019225641277680929,0.08360984872628266,1,1,2,2,1.1064988172829546,0.14306203008623336,0.09331128151682454,0.11591499305196097,7.176624227282974,3.3668881989254777,0.9569566980470637,360,360,0.6-F2.0,full,1,1,0.00010448288888888946,0.00021371500000000155,0,0,0,0,0,0.0,0.0,0.0,0,0.0,0.0,0.0,0.0,0.0,0.0,0.0,0.0,0,0,0,0,0.0,1.0,0,0,5,0,0,0,0,360,360,0.6.1-D1.4,active,1,0,0,0,0,0,1.32e-06,0.0,0.0,2.61e-06,2,0,0.0,0.13853682691850688,0,0,0,0,0,0.0,0,0.0,360,0,0,0.8,0.015189952980637576,0.015553604552790682,1.0239402697701991,0.0,0,0,0,0,0.0,0.0,0,0,0,1.0,0.0,0.0,0.0,0.0,0,0,0.0,360,8.09192333196128e-05,0.0,0,0,0,0,0,0,0.0,0.0,0.0,0.0,0,0,0.6.2-M1.0,size2,2,0,0.0,0.0,0.0004021560000000005,6.0369600000000046e-05,0.0018942920000000005,4.41e-06,7.560000000000004e-07,1.2870000000000004e-05,0.0023568176000000013,1.8036000000000005e-05,360,20.0,19.594243275378552,1.1064988172829546,360,True,-1.296057328659117e-05,screening,size2,14.49714469909668,,,,,,,,,,,,,,
SOMA-CELL 0.6.2,6203,20.000000000000064,1,0,0,0,0,0.9961557573881472,0.9961557573881472,0.0,0.6912058261184869,0.00016052503637659104,1.6091081526833921,0.0,415,0.0,0.0,0.4009252488452816,0.0,4.103243710701266,0.5218456027643842,17.15633179012651,-1.1225934581915453e-05,0.0,0.018768630360019457,0,0,0,624.0,624,1,1,39.0,1.9138262980270937,1.7049384284968623,0,1,1,0.05555555555555555,0.0,0,0,0,0,0,0,0,0.004302295398158982,0.004302295398158982,0.4302295398158982,0.013489511300140911,0.9975945431172466,0.007990420251302794,0.0023343337601494495,0.006558939149388003,3.35368219063967e-05,0.0,0.034465968513919705,0.020429308050915463,0.016340390246974135,0.0,0,0.0,20.000000000000064,0.1,pulsed,0,0,0,,0.2460862535478915,0.14673452392928246,0.0,0.0,0.0,0.0,0.0,0,1,-0.35181997355516087,-0.03766864642582469,-3.446599877052347e-09,0.6683999723688948,0.3281042706098889,0.11428571428571428,0.11428571428571428,0.11428571428571428,0.0,0.13528915303778014,0.037488960665066774,0.021025406573316852,1.822762639902553e-05,4.0,12.0,patchy,150.0,0,0.0,0.28295694685051415,0.22929681993203402,0.26805690870651944,0.2720058071009018,0,0.0,0.0,0.0,0,0.0,0,0,0,0,0,0,0.0,0.0,0,0,0,0,0,0.0,0.0,0.0,0,0,0.6-P0.2,3,0.04057158644337425,0.007462646617162743,0.3333071569168936,0.06817938854616093,0.00011100786204408519,0.02003414762358042,2114,246,342,0,0,0.02622858001186022,0.04195080853430061,0.00011100786204408519,0.0,0.01865492553265397,0.001379222090926451,0.0,721,0.6-P1.1,none,native,0,0,0,0,0,0.0,0.0,0.0,0.0,0.0,0,0.0,0,0,0.6-P2.2,full,cue_reversal,1,2,1,0,0.011574252943226684,0.011651974179206766,684,504,6,6,19.000000000000036,0.0,0.06655944414986831,0.01644129258965378,[0.0225 0.0225 0.0225 0.0225 0.0225 0.0225 0.0225 0.0225],118,0,0,0.3638894549698728,0.00227332447829407,0.0013792220909264524,3.522439547237389e-05,0.1281722030531917,1,1,2,2,0.17275030434309224,0.02105321593307152,0.0041831842068673995,0.1122920445671019,7.889722912503328,3.5625449707308525,1.0789745934266832,360,360,0.6-F2.0,full,1,1,3.083422222222216e-05,6.306999999999988e-05,0,0,0,0,0,0.0,0.0,0.0,0,0.0,0.0,0.0,0.0,0.0,0.0,0.0,0.0,0,0,0,0,0.0,1.0,0,0,6,0,0,0,0,360,360,0.6.1-D1.4,active,1,0,0,0,0,0,0.0,0.0,0.0,0.0,2,0,0.0,0.15867058305200876,0,0,0,0,0,0.0,0,0.0,360,0,0,0.8,0.018186031267043105,0.018404220413264765,1.0119976229567507,0.0,0,0,0,0,0.0,0.0,0,0,0,1.0,0.0,0.0,0.0,0.0,0,0,0.0,360,0.00011100786204408519,0.0,0,0,0,0,0,0,0.0,0.0,0.0,0.0,0,0,0.6.2-M1.0,size2,2,0,0.0,0.0,0.0004006160000000004,6.010560000000005e-05,0.0020160000000000004,1.2600000000000002e-06,2.1600000000000003e-07,0.0,0.002476721600000001,1.4760000000000004e-06,360,20.0,16.896470811490587,0.17275030434309224,360,True,-1.1225934581915453e-05,screening,size2,16.383452653884888,,,,,,,,,,,,,,
SOMA-CELL 0.6.2,6204,20.000000000000064,1,0,0,0,0,0.9986481659281495,0.9986481659281495,0.11266821538837092,0.6941299106569391,0.3273737482559701,1.6273868373195244,0.0,416,0.0,0.0,0.425629486078786,0.0,4.217273409426776,0.5422316915960526,17.16470988596763,-1.1456652952546165e-05,0.0,0.01880036255214285,0,0,0,624.0,624,1,1,39.0,1.9248978534870138,1.7164108819703907,0,1,1,0.05555555555555555,0.0,0,0,0,0,0,0,0,0.0020173361468343656,0.0020173361468343656,0.20173361468343656,0.009650064323348898,0.9992803687350543,0.004910427967607558,0.0008198476508104783,0.0030364202515900346,2.7734270974751554e-05,0.00012088118448660157,0.040762461988476696,0.02197124334459576,0.0183092817510744,0.0,0,0.0,20.000000000000064,0.1,pulsed,0,0,0,,0.8373569015692034,-0.37103022624968995,0.0,0.0,0.0,0.0,0.0,0,2,-0.013830182241589281,-0.02773019292589064,3.4606143116120063e-09,0.24824153471329502,0.38598025148613396,0.11428571428571428,0.11428571428571428,0.11428571428571428,0.0,0.22819301200102718,0.06620088459410131,0.02543674310331975,1.6213956573848942e-05,4.0,12.0,patchy,150.0,0,0.0,0.2251009622506837,0.33895708713718364,0.39317475884156083,0.15548620239940436,0,0.0,0.0,0.0,0,0.0,0,0,0,0,0,0,0.0,0.0,0,0,0,0,0,0.0,0.0,0.0,0,0,0.6-P0.2,3,0.04137017901602567,0.007998936678607219,0.28494810194067344,0.06979369179307784,0.00016017974472368754,0.020264396353721847,2084,291,342,0,0,0.026869086993087897,0.0429246047999899,0.00016017974472368754,0.0,0.018709970569757553,0.001554425783964294,0.0,721,0.6-P1.1,none,native,0,0,0,0,0,0.0,0.0,0.0,0.0,0.0,0,0.0,0,0,0.6-P2.2,full,cue_reversal,1,2,1,0,0.008090315277723087,0.004653812006450534,684,504,6,6,19.000000000000036,0.0,0.06819263212728277,0.014205657092958724,[0.0225 0.0225 0.0225 0.0225 0.0225 0.0225 0.0225 0.0225],36,0,0,0.4244508361772161,0.002261655036837857,0.0015544257839642933,3.666180783518329e-05,0.1897571310073701,1,1,2,2,0.2943699372728228,0.025460702425625432,0.003941519690292134,0.1251933773199806,7.796815736015796,3.5338257920323235,1.0745632568966803,360,360,0.6-F2.0,full,1,1,3.1741111111111055e-05,6.492499999999988e-05,0,0,0,0,0,0.0,0.0,0.0,0,0.0,0.0,0.0,0.0,0.0,0.0,0.0,0.0,0,0,0,0,0.0,1.0,0,0,4,0,0,0,0,360,360,0.6.1-D1.4,active,1,0,0,0,0,0,0.0,0.0,0.0,0.0,2,0,0.0,0.1452380554759044,0,0,0,0,0,0.0,0,0.0,360,0,0,0.8,0.018351537597290874,0.018248243855004925,0.9943713848641654,0.005628615135834569,0,0,0,0,0.0,0.0,0,0,0,1.0,0.0,0.0,0.0,0.0,0,0,0.0,360,0.00016017974472368754,0.0,0,0,0,0,0,0,0.0,0.0,0.0,0.0,0,0,0.6.2-M1.0,size2,2,0,0.0,0.0,0.0004006160000000004,6.010560000000005e-05,0.0020168712000000004,1.2600000000000002e-06,2.1600000000000003e-07,1.7820000000000005e-06,0.002477592800000001,3.258000000000001e-06,360,20.0,18.424355008189902,0.2943699372728228,360,True,-1.1456652952546165e-05,screening,size2,14.287769317626953,,,,,,,,,,,,,,
SOMA-CELL 0.6.2,6201,20.000000000000064,1,0,0,0,0,0.9986755913726891,0.9986755913726891,0.3654785633387806,0.7126935316902412,0.4640289466890454,1.6603632185286095,0.0,415,0.0,0.0,0.4576901577037308,0.0,4.439436905286005,0.5758250598145784,17.152946870497043,-1.1138110618702513e-05,0.0,0.032610392732827086,0,0,0,624.0,624,1,1,39.0,1.9945829240039639,1.8469949597687891,0,1,1,0.05555555555555555,0.0,0,0,0,0,0,0,0,0.0018308987918149576,0.0018308987918149576,0.18308987918149577,0.00980159520950163,0.9991416224270065,0.004845302744140075,0.000803203897909255,0.001909089919321378,2.302463060926257e-05,0.0001485687391115683,0.0419899953681873,0.02455585644814396,0.017241920432610563,0.0,0,0.0,20.000000000000064,0.1,pulsed,0,0,0,,0.947619453644926,-0.14885895602220842,0.0,0.0,0.0,0.0,0.0,0,2,0.11535484426996226,-0.06416963441426018,5.112235018236105e-09,0.5774439007445933,0.5238200331105857,0.11428571428571428,0.11428571428571428,0.11428571428571428,0.0,0.4544457747647367,0.09364116792373231,0.039270038129334925,2.401630209120098e-05,4.0,12.0,patchy,150.0,0,0.0,0.31712855664965695,0.24764654364632283,0.3849780045360918,0.1639855726766034,0,0.0,0.0,0.0,0,0.0,0,0,0,0,0,0,0.0,0.0,0,0,0,0,0,0.0,0.0,0.0,0,0,0.6-P0.2,5,0.06742779971395205,0.011960478481874506,0.44660874238438886,0.11450762552894962,0.00010562223251103873,0.03501372510061255,2961,324,342,0,0,0.04457374489419059,0.0699338806347589,0.00010562223251103873,0.0,0.032507644179805596,0.002506080920806951,0.0,721,0.6-P1.1,none,native,0,0,0,0,0,0.0,0.0,0.0,0.0,0.0,0,0.0,0,0,0.6-P2.2,full,cue_reversal,1,4,1,0,0.007878969845770845,0.0015630971932471434,1368,1000,6,6,19.000000000000036,0.0,0.06633250925460504,0.024494553606032178,[0.045 0.045 0.045 0.045 0.045 0.045 0.045 0.045],66,0,0,0.6870997140473413,0.0048901909184860025,0.0025060809208069528,0.00015048760484254162,0.19615739677273697,1,1,2,2,0.5480621605723247,0.03929482024547926,0.006737747069128072,0.10297417580149537,7.57056537258617,3.5063895709396258,1.0607299618706652,360,360,0.6-F2.0,full,1,1,5.9485555555555495e-05,0.00012167499999999987,0,0,0,0,0,0.0,0.0,0.0,0,0.0,0.0,0.0,0.0,0.0,0.0,0.0,0.0,0,0,0,0,0.0,1.0,0,0,4,0,1,1,0,360,360,0.6.1-D1.4,off,1,0,0,0,0,0,0.0,0.0,0.0,0.0,0,0,0.0,0.0,0,0,0,0,0,0.0,0,0.0,360,0,0,0.8,0.0,0.0,1.0,0.0,0,0,0,0,0.0,0.0,0,0,0,1.0,0.0,0.0,0.0,0.0,0,0,0.0,360,0.00010562223251103873,0.0,0,0,0,0,0,0,0.0,0.0,0.0,0.0,0,0,0.6.2-M1.0,efficient4,4,0,0.0,0.0,0.0008021560000000007,0.0,0.004005227200000001,4.41e-06,0.0,1.0692000000000002e-05,0.004807383200000002,1.5102000000000002e-05,360,20.0,18.378882023304488,0.5480621605723247,360,True,-1.1138110618702513e-05,screening,efficient4,16.291873455047607,,,,,,,,,,,,,,
SOMA-CELL 0.6.2,6202,20.000000000000064,1,0,0,0,0,0.9983141044451249,0.9983141044451249,0.6471081731324706,0.7301345456886867,0.5112715486614723,1.751967094833322,0.0,415,0.0,0.0,0.8619486699449288,0.0,4.620235951327551,1.0141854653794666,17.1605843736667,-1.1892218921616404e-05,0.0,0.0338992377092711,0,0,0,624.0,624,1,1,39.0,2.0604936616947156,1.9699544508421822,0,1,1,0.05555555555555555,0.0,0,0,0,0,0,0,0,0.017611171944261175,0.017611171944261175,1.7611171944261175,0.07997222924959016,0.9991850013723108,0.005754468657111768,0.0010226171370003071,0.07973363758979055,2.820221381987782e-05,0.00014625242095574493,0.04805094139873205,0.033238882067229004,0.015875139204371308,0.0,0,0.0,20.000000000000064,0.1,pulsed,0,0,0,,0.9751346092661812,-0.026773462866420822,0.0,0.0,0.0,0.0,0.0,0,4,-0.030205187117982008,-0.03558015186085694,8.607625529721069e-09,0.6955601199358055,0.6955113147151911,0.11428571428571428,0.11428571428571428,0.11428571428571428,0.0,0.8683075507254261,0.2378433869538502,0.1177094670196711,1.2222478904672096e-05,4.0,12.0,patchy,150.0,0,0.0,0.344289308286246,0.262807227216288,0.10783389561927009,0.4349420851480203,0,0.0,0.0,0.0,0,0.0,0,0,0,0,0,0,0.0,0.0,0,0,0,0,0,0.0,0.0,0.0,0,0,0.6-P0.2,5,0.06644485053724114,0.01198972136516269,0.26205077109916197,0.115154572209374,4.726993333334156e-05,0.03667273037363751,2613,91,342,0,0,0.04587065290795947,0.06928391930141396,4.726993333334156e-05,0.0,0.03383366160946387,0.0028390687641736446,0.0,721,0.6-P1.1,none,native,0,0,0,0,0,0.0,0.0,0.0,0.0,0.0,0,0.0,0,0,0.6-P2.2,full,cue_reversal,1,4,1,0,0.009026278919156477,0.0063629132660921895,1368,944,6,6,19.000000000000036,0.0,0.06656282512909126,0.009813546380455632,[0.045 0.045 0.045 0.045 0.045 0.045 0.045 0.045],118,0,0,0.6171704964542682,0.006386187350737425,0.0028390687641736394,0.0003860597072738279,0.05334054123847379,1,1,2,2,1.1061359406668687,0.11772446403207855,0.08758453320819427,0.1152678847099786,7.181698117006445,3.3621743069729093,0.9822905329803291,360,360,0.6-F2.0,full,1,1,0.00010973355555555593,0.00022445500000000112,0,0,0,0,0,0.0,0.0,0.0,0,0.0,0.0,0.0,0.0,0.0,0.0,0.0,0.0,0,0,0,0,0.0,1.0,0,0,5,0,1,1,0,360,360,0.6.1-D1.4,off,1,0,0,0,0,0,0.0,0.0,0.0,0.0,0,0,0.0,0.0,0,0,0,0,0,0.0,0,0.0,360,0,0,0.8,0.0,0.0,1.0,0.0,0,0,0,0,0.0,0.0,0,0,0,1.0,0.0,0.0,0.0,0.0,0,0,0.0,360,4.726993333334156e-05,0.0,0,0,0,0,0,0,0.0,0.0,0.0,0.0,0,0,0.6.2-M1.0,efficient4,4,0,0.0,0.0,0.000804312000000001,0.0,0.003790326400000001,8.82e-06,0.0,2.930400000000001e-05,0.004594638400000002,3.812400000000001e-05,360,20.0,19.586896830430764,1.1061359406668687,360,True,-1.1892218921616404e-05,screening,efficient4,10.86055040359497,,,,,,,,,,,,,,
SOMA-CELL 0.6.2,6203,20.000000000000064,1,0,0,0,0,0.9982783264981795,0.9982783264981795,0.010734643088293413,0.7186788653405455,0.06683951374231666,1.668716575308394,0.0,416,0.0,0.0,0.5044288026984071,0.0,4.27242425987656,0.6372054988128764,17.155014061203712,-1.158338893247901e-05,0.0,0.034576234458907916,0,0,0,624.0,624,1,1,39.0,2.017399911376075,1.8910022116535286,0,1,1,0.05555555555555555,0.0,0,0,0,0,0,0,0,0.002504192141915257,0.002504192141915257,0.2504192141915257,0.016830630539655514,0.9991012165480179,0.005406602831707592,0.001044337748453825,0.004388390993692657,2.9035937926647606e-05,0.0,0.04344941392624655,0.0232837819840671,0.01671180022218201,0.0,0,0.0,20.000000000000064,0.1,pulsed,0,0,0,,0.4840678113310781,-0.9994729356867907,0.0,0.0,0.0,0.0,0.0,0,2,-0.520190297029833,-0.14808227974826943,2.907984438716031e-09,0.6868602161499474,0.44476090354652886,0.11428571428571428,0.11428571428571428,0.11428571428571428,0.0,0.3681781110182708,0.07753340528940168,0.03394085941663071,2.6821611357336073e-05,4.0,12.0,patchy,150.0,0,0.0,0.26596941605427077,0.24683935147054722,0.27973861835351865,0.25810017650577943,0,0.0,0.0,0.0,0,0.0,0,0,0,0,0,0,0.0,0.0,0,0,0,0,0,0.0,0.0,0.0,0,0,0.6-P0.2,5,0.06599470945555452,0.01181934407272783,0.39058206635002757,0.11536751098363988,0.0001192566222222623,0.03743420083313576,2793,315,342,0,0,0.04642264800802117,0.06894486297561846,0.0001192566222222623,0.0,0.03448404731307153,0.002950153520064233,0.0,721,0.6-P1.1,none,native,0,0,0,0,0,0.0,0.0,0.0,0.0,0.0,0,0.0,0,0,0.6-P2.2,full,cue_reversal,1,4,1,0,0.00997805169521061,0.010429711029970642,1368,996,6,6,19.000000000000036,0.0,0.06606703475160393,0.010934823062605695,[0.045 0.045 0.045 0.045 0.045 0.045 0.045 0.045],256,0,0,0.7870110989222922,0.007043625265920699,0.0029501535200642318,0.00011582278820538692,0.16617796705679047,1,1,2,2,0.44568829113596864,0.03396408458833455,0.016132669175785055,0.10263156815251989,7.656831380191914,3.5224937817389916,1.0660591405833695,360,360,0.6-F2.0,full,1,1,4.081000000000002e-05,8.347499999999983e-05,0,0,0,0,0,0.0,0.0,0.0,0,0.0,0.0,0.0,0.0,0.0,0.0,0.0,0.0,0,0,0,0,0.0,1.0,0,0,4,0,1,1,0,360,360,0.6.1-D1.4,off,1,0,0,0,0,0,0.0,0.0,0.0,0.0,0,0,0.0,0.0,0,0,0,0,0,0.0,0,0.0,360,0,0,0.8,0.0,0.0,1.0,0.0,0,0,0,0,0.0,0.0,0,0,0,1.0,0.0,0.0,0.0,0.0,0,0,0.0,360,0.0001192566222222623,0.0,0,0,0,0,0,0,0.0,0.0,0.0,0.0,0,0,0.6.2-M1.0,efficient4,4,0,0.0,0.0,0.0008015400000000009,0.0,0.0039855488000000005,3.1500000000000003e-06,0.0,3.168000000000001e-06,0.004787088800000001,6.318000000000001e-06,360,20.0,18.237000743090412,0.44568829113596864,360,True,-1.158338893247901e-05,screening,efficient4,14.896720886230469,,,,,,,,,,,,,,
SOMA-CELL 0.6.2,6204,20.000000000000064,1,0,0,0,0,0.9986647947050566,0.9986647947050566,0.20507479852576888,0.6952166045576581,0.40015516110148,1.6232170695103547,0.0,415,0.0,0.0,0.42127669137526447,0.0,4.271611134948021,0.5099883349217206,17.165032051182163,-1.0464990729985857e-05,0.0,0.03333420809376283,0,0,0,624.0,624,1,1,39.0,1.9277793495108875,1.7223209259771979,0,1,1,0.05555555555555555,0.0,0,0,0,0,0,0,0,0.0018698575160400498,0.0018698575160400498,0.186985751604005,0.008114761065831809,0.9992175459056051,0.004860415644935547,0.0008097560459301762,0.00224181760276081,2.6705853556615598e-05,0.00012250869256939705,0.04079940742529003,0.02248401409894559,0.017959499951656775,0.0,0,0.0,20.000000000000064,0.1,pulsed,0,0,0,,0.900897967147988,-0.27404644579188125,0.0,0.0,0.0,0.0,0.0,0,1,0.10081980887057775,-0.013700987127119566,7.787796590036202e-10,0.3250588661232706,0.23558005789057349,0.11428571428571428,0.11428571428571428,0.11428571428571428,0.0,0.29229050945654445,0.05993518421722375,0.01437007982389189,1.0296963027456307e-05,4.0,12.0,patchy,150.0,0,0.0,0.24225997658942672,0.31376558473108357,0.38033981723651106,0.16025093398556425,0,0.0,0.0,0.0,0,0.0,0,0,0,0,0,0,0.0,0.0,0,0,0,0,0,0.0,0.0,0.0,0,0,0.6-P0.2,5,0.06702580594117351,0.011993822951534724,0.5173466037026652,0.11510776434438999,0.00012315502222226375,0.03596498042945997,3193,345,342,0,0,0.045378879931666234,0.06972888441272361,0.00012315502222226375,0.0,0.033261901957909734,0.002703078471550232,0.0,721,0.6-P1.1,none,native,0,0,0,0,0,0.0,0.0,0.0,0.0,0.0,0,0.0,0,0,0.6-P2.2,full,cue_reversal,1,4,1,0,0.008090848497528896,0.0028850199042792933,1368,1004,6,6,19.000000000000036,0.0,0.06728619283781805,0.025901998492557077,[0.045 0.045 0.045 0.045 0.045 0.045 0.045 0.045],50,0,0,0.7345180214934477,0.005671392910629929,0.002703078471550233,9.978175111530048e-05,0.18836589194738027,1,1,2,2,0.35220838589731757,0.014387387600342536,0.003897874927084376,0.12103504244120916,7.757716673875176,3.540085987261137,1.0856299201761082,360,360,0.6-F2.0,full,1,1,4.5268666666666615e-05,9.259499999999988e-05,0,0,0,0,0,0.0,0.0,0.0,0,0.0,0.0,0.0,0.0,0.0,0.0,0.0,0.0,0,0,0,0,0.0,1.0,0,0,3,0,1,1,0,360,360,0.6.1-D1.4,off,1,0,0,0,0,0,0.0,0.0,0.0,0.0,0,0,0.0,0.0,0,0,0,0,0,0.0,0,0.0,360,0,0,0.8,0.0,0.0,1.0,0.0,0,0,0,0,0.0,0.0,0,0,0,1.0,0.0,0.0,0.0,0.0,0,0,0.0,360,0.00012315502222226375,0.0,0,0,0,0,0,0,0.0,0.0,0.0,0.0,0,0,0.6.2-M1.0,efficient4,4,0,0.0,0.0,0.0008015400000000008,0.0,0.0040177424000000005,3.1500000000000003e-06,0.0,3.564000000000001e-06,0.004819282400000001,6.714000000000001e-06,360,20.0,18.298691036884858,0.35220838589731757,360,True,-1.0464990729985857e-05,screening,efficient4,15.95426058769226,,,,,,,,,,,,,,
SOMA-CELL 0.6.2,6201,20.000000000000064,1,0,0,0,0,0.998681263031306,0.998681263031306,0.7615358339793459,0.7108236790087757,0.5328207410631869,1.6624406959609361,0.0,415,0.0,0.0,0.46459303114336103,0.0,4.713277872505916,0.5811487978551282,17.15312377227797,-9.695818480537355e-06,0.0,0.01862651437053431,0,0,0,624.0,624,1,1,39.0,1.990894884299945,1.8366946323136302,0,1,1,0.05555555555555555,0.0,0,0,0,0,0,0,0,0.001771428023572315,0.001771428023572315,0.17714280235723148,0.006101365802839439,0.9991080884625105,0.0047944572728338495,0.000799761980305667,0.001559467302452628,1.5766851423288285e-05,0.00015352908670243827,0.04105182266475776,0.027010261898196178,0.017867119112841796,0.0,0,0.0,20.000000000000064,0.1,pulsed,0,0,0,,0.9786220925250428,0.00914029071165128,0.0,0.0,0.0,0.0,0.0,0,0,0.2453274330268196,-0.004690295234921921,2.830239150843827e-08,0.2974216101004688,0.21311835147159172,0.11428571428571428,0.11428571428571428,0.11428571428571428,0.0,0.6948710015204268,0.15922258032239028,0.012261001692572356,3.670290610581495e-05,4.0,12.0,patchy,150.0,0,0.0,0.32736818022501923,0.2857792409164114,0.43501293654602585,0.11315230885936048,0,0.0,0.0,0.0,0,0.0,0,0,0,0,0,0,0.0,0.0,0,0,0,0,0,0.0,0.0,0.0,0,0,0.6-P0.2,3,0.04174844266869466,0.007993837830012347,0.2509406613640957,0.06981215739909558,7.513197106785892e-05,0.01999474492932129,1926,242,342,0,0,0.026572045069478405,0.04324011232961714,7.513197106785892e-05,0.0,0.018503075268398735,0.0014916696609225525,0.0,721,0.6-P1.1,none,native,0,0,0,0,0,0.0,0.0,0.0,0.0,0.0,0,0.0,0,0,0.6-P2.2,full,cue_reversal,1,2,1,0,0.007533554917995256,0.0007154253982964184,684,504,6,6,19.000000000000036,0.0,0.06552491320447368,0.02340858073239857,[0.0225 0.0225 0.0225 0.0225 0.0225 0.0225 0.0225 0.0225],18,0,0,0.4072386395097662,0.0020380150607773964,0.0014916696609225523,0.00011409309437076064,0.21023617902837816,1,1,2,2,0.8540675746644701,0.012287008870919327,0.0009908668403019003,0.10609841876134053,7.33014315526582,3.440814948343676,1.087738998307428,360,360,0.6-F2.0,full,1,1,6.514444444444443e-05,0.0001332499999999999,0,0,0,0,0,0.0,0.0,0.0,0,0.0,0.0,0.0,0.0,0.0,0.0,0.0,0.0,0,0,0,0,0.0,1.0,0,0,3,0,1,1,0,360,360,0.6.1-D1.4,off,1,0,0,0,0,0,0.0,0.0,0.0,0.0,0,0,0.0,0.0,0,0,0,0,0,0.0,0,0.0,360,0,0,0.8,0.0,0.0,1.0,0.0,0,0,0,0,0.0,0.0,0,0,0,1.0,0.0,0.0,0.0,0.0,0,0,0.0,360,7.513197106785892e-05,0.0,0,0,0,0,0,0,0.0,0.0,0.0,0.0,0,0,0.6.2-M1.0,efficient2,2,0,0.0,0.0,0.0004013860000000003,0.0,0.0020203560000000005,2.835e-06,0.0,8.910000000000003e-06,0.002421742000000001,1.1745000000000004e-05,360,20.0,18.81812115617338,0.8540675746644701,360,True,-9.695818480537355e-06,screening,efficient2,12.572086334228516,,,,,,,,,,,,,,
SOMA-CELL 0.6.2,6202,20.000000000000064,1,0,0,0,0,0.9983222006070555,0.9983222006070555,0.6972402523640582,0.7307152241265256,0.516484305132241,1.7706512468146822,0.0,415,0.0,0.0,0.8892505678338891,0.0,4.629916860404339,1.0455976202185517,17.160126779573034,-1.2791095908681882e-05,0.0,0.01873178032808452,0,0,0,624.0,624,1,1,39.0,2.060551009215369,1.9701571805006903,0,1,1,0.05555555555555555,0.0,0,0,0,0,0,0,0,0.01704606877985099,0.01704606877985099,1.7046068779850991,0.0773376035406005,0.9991805639097838,0.00572286373264593,0.0010177021058612446,0.0769325764009114,2.7470950729356444e-05,0.00014642961119846757,0.04828133457162911,0.033957275548833384,0.016390868409699673,0.0,0,0.0,20.000000000000064,0.1,pulsed,0,0,0,,0.9767124954445549,-0.024034862147282888,0.0,0.0,0.0,0.0,0.0,0,5,-0.027797925069045954,-0.02996407334451969,2.1095715896990068e-08,0.6955652498614775,0.7708340060395639,0.11428571428571428,0.11428571428571428,0.11428571428571428,0.0,0.8836156917396235,0.23858131267640056,0.1432208351797952,1.93430462024774e-05,4.0,12.0,patchy,150.0,0,0.0,0.46759653377451593,0.17741331599973967,0.18589569455888527,0.4782936272170423,0,0.0,0.0,0.0,0,0.0,0,0,0,0,0,0,0.0,0.0,0,0,0,0,0,0.0,0.0,0.0,0,0,0.6-P0.2,3,0.04145306983845771,0.00799179396930747,0.12706591991685334,0.06961699573906703,2.939926649083704e-05,0.020142732664811397,1626,43,342,0,0,0.02666996008078457,0.04294703565828234,2.939926649083704e-05,0.0,0.018648766844986533,0.0014939658198248637,0.0,721,0.6-P1.1,none,native,0,0,0,0,0,0.0,0.0,0.0,0.0,0.0,0,0.0,0,0,0.6-P2.2,full,cue_reversal,1,2,1,0,0.0075076346800694305,0.006675520865456419,684,476,6,6,19.000000000000036,0.0,0.06686262324961029,0.00960111973890755,[0.0225 0.0225 0.0225 0.0225 0.0225 0.0225 0.0225 0.0225],78,0,0,0.326322908420738,0.002272657219488379,0.0014939658198248635,0.0001941715457999822,0.08117844693450313,1,1,2,2,1.1221784688543248,0.14323937074149445,0.08747760843119187,0.11373887476072339,7.1663917291175645,3.3614414050123744,0.956779164820205,360,360,0.6-F2.0,full,1,1,0.00011064044444444483,0.00022631000000000116,0,0,0,0,0,0.0,0.0,0.0,0,0.0,0.0,0.0,0.0,0.0,0.0,0.0,0.0,0,0,0,0,0.0,1.0,0,0,5,0,1,1,0,360,360,0.6.1-D1.4,off,1,0,0,0,0,0,0.0,0.0,0.0,0.0,0,0,0.0,0.0,0,0,0,0,0,0.0,0,0.0,360,0,0,0.8,0.0,0.0,1.0,0.0,0,0,0,0,0.0,0.0,0,0,0,1.0,0.0,0.0,0.0,0.0,0,0,0.0,360,2.939926649083704e-05,0.0,0,0,0,0,0,0,0.0,0.0,0.0,0.0,0,0,0.6.2-M1.0,efficient2,2,0,0.0,0.0,0.0004021560000000005,0.0,0.0019113568000000004,4.41e-06,0.0,1.5048000000000006e-05,0.002313512800000001,1.9458000000000006e-05,360,20.0,19.59506522248496,1.1221784688543248,360,True,-1.2791095908681882e-05,screening,efficient2,13.949533700942993,,,,,,,,,,,,,,
SOMA-CELL 0.6.2,6203,20.000000000000064,1,0,0,0,0,0.9955101426022769,0.9955101426022769,0.0,0.6908517345048082,2.8706661640608193e-05,1.60599422080358,0.0,415,0.0,0.0,0.38712692370278806,0.0,4.0902954863322725,0.506056278239269,17.156553177157228,-1.1062524308158572e-05,0.0,0.018707873692559097,0,0,0,624.0,624,1,1,39.0,1.910837388368056,1.7022765290890292,0,1,1,0.05555555555555555,0.0,0,0,0,0,0,0,0,0.006353980982716999,0.006353980982716999,0.6353980982716999,0.023487711409567756,0.997114428643595,0.008861905517781168,0.002727252775445188,0.014628104316686853,3.7080084523885453e-05,0.0,0.033056102406654325,0.020209830201655024,0.016317979141777687,0.0,0,0.0,20.000000000000064,0.1,pulsed,0,0,0,,0.2460097650213229,0.14475975419621334,0.0,0.0,0.0,0.0,0.0,0,1,-0.2421832684602666,-0.07452185790355496,-5.101773133471361e-09,0.6728316513607665,0.3659657019155483,0.11428571428571428,0.11428571428571428,0.11428571428571428,0.0,0.11604363574015832,0.023760172796257764,0.02504098858604427,1.822774045487363e-05,4.0,12.0,patchy,150.0,0,0.0,0.2866088808369418,0.2256664953656244,0.26959269251673457,0.2712743958555342,0,0.0,0.0,0.0,0,0.0,0,0,0,0,0,0,0.0,0.0,0,0,0,0,0,0.0,0.0,0.0,0,0,0.6-P0.2,3,0.0405691145653125,0.007381540487105367,0.34255742991721433,0.06799826357442193,7.197351225640648e-05,0.019975635009748076,2032,235,342,0,0,0.02604768304982295,0.0419505805245989,7.197351225640648e-05,0.0,0.018594169050461608,0.0013814659592864694,0.0,721,0.6-P1.1,none,native,0,0,0,0,0,0.0,0.0,0.0,0.0,0.0,0,0.0,0,0,0.6-P2.2,full,cue_reversal,1,2,1,0,0.012283138477592569,0.01211211512162747,684,502,6,6,19.000000000000036,0.0,0.06543762009159171,0.018669223517811147,[0.0225 0.0225 0.0225 0.0225 0.0225 0.0225 0.0225 0.0225],120,0,0,0.36651665810462986,0.002280375622638181,0.0013814659592864696,3.5224394753012945e-05,0.12226383782700576,1,1,2,2,0.13977653681684843,0.025068260305611947,0.008111345468689064,0.11426969799491984,7.908968348972349,3.5762740521993814,1.0749590114139558,360,360,0.6-F2.0,full,1,1,3.083422222222216e-05,6.306999999999988e-05,0,0,0,0,0,0.0,0.0,0.0,0,0.0,0.0,0.0,0.0,0.0,0.0,0.0,0.0,0,0,0,0,0.0,1.0,0,0,4,0,1,1,0,360,360,0.6.1-D1.4,off,1,0,0,0,0,0,0.0,0.0,0.0,0.0,0,0,0.0,0.0,0,0,0,0,0,0.0,0,0.0,360,0,0,0.8,0.0,0.0,1.0,0.0,0,0,0,0,0.0,0.0,0,0,0,1.0,0.0,0.0,0.0,0.0,0,0,0.0,360,7.197351225640648e-05,0.0,0,0,0,0,0,0,0.0,0.0,0.0,0.0,0,0,0.6.2-M1.0,efficient2,2,0,0.0,0.0,0.0004006160000000004,0.0,0.0020080000000000002,1.2600000000000002e-06,0.0,0.0,0.0024086160000000006,1.2600000000000002e-06,360,20.0,16.508693715805517,0.13977653681684843,360,True,-1.1062524308158572e-05,screening,efficient2,12.08017611503601,,,,,,,,,,,,,,
SOMA-CELL 0.6.2,6204,20.000000000000064,1,0,0,0,0,0.9986587335463888,0.9986587335463888,0.3918569013511041,0.707953554152845,0.4711190563560495,1.6582802043049016,0.0,415,0.0,0.0,0.44930670624060903,0.0,4.409342724669631,0.5667229453864712,17.164619910190606,-1.0984249019685421e-05,0.0,0.0188001758405015,0,0,0,624.0,624,1,1,39.0,1.9762732399895688,1.8091353646133426,0,1,1,0.05555555555555555,0.0,0,0,0,0,0,0,0,0.001784907088924989,0.001784907088924989,0.1784907088924989,0.007541122085637983,0.9991469647215658,0.00486934367637172,0.0008134343979282867,0.0016486802838878289,2.2438678838323144e-05,0.0001462681968601361,0.041242009849314296,0.02447814784877734,0.01858386929789539,0.0,0,0.0,20.000000000000064,0.1,pulsed,0,0,0,,0.952321693229182,-0.16000696744499002,0.0,0.0,0.0,0.0,0.0,0,1,0.21224788596555272,-0.01631731038001261,5.393973791029026e-09,0.25658243547144444,0.3781579909184135,0.11428571428571428,0.11428571428571428,0.11428571428571428,0.0,0.42399056847494004,0.08794550397464987,0.02454558617514702,1.6214059814598225e-05,4.0,12.0,patchy,150.0,0,0.0,0.2218122087119024,0.34992800720349293,0.4029021098798636,0.1500671716712708,0,0.0,0.0,0.0,0,0.0,0,0,0,0,0,0,0.0,0.0,0,0,0,0,0,0.0,0.0,0.0,0,0,0.6-P0.2,3,0.041631292338565766,0.007998682967640697,0.2725756095091206,0.06998840540045832,8.056525258661991e-05,0.02027786484166575,1978,261,342,0,0,0.026789024989299505,0.043199380411158735,8.056525258661991e-05,0.0,0.018709776769072695,0.0015680880725930546,0.0,721,0.6-P1.1,none,native,0,0,0,0,0,0.0,0.0,0.0,0.0,0.0,0,0.0,0,0,0.6-P2.2,full,cue_reversal,1,2,1,0,0.006975435818994844,0.0016250643466049154,684,504,6,6,19.000000000000036,0.0,0.0669114641166068,0.026936428891272637,[0.0225 0.0225 0.0225 0.0225 0.0225 0.0225 0.0225 0.0225],36,0,0,0.4242247792539724,0.0022703168636137193,0.0015680880725930538,7.704057180131724e-05,0.2006050528495477,1,1,2,2,0.5119117813304248,0.024569877294312117,0.0028852427059541676,0.12228967535900691,7.601018455929512,3.5120813703801375,1.0754544138248532,360,360,0.6-F2.0,full,1,1,6.100355555555551e-05,0.00012477999999999987,0,0,0,0,0,0.0,0.0,0.0,0,0.0,0.0,0.0,0.0,0.0,0.0,0.0,0.0,0,0,0,0,0.0,1.0,0,0,2,0,1,1,0,360,360,0.6.1-D1.4,off,1,0,0,0,0,0,0.0,0.0,0.0,0.0,0,0,0.0,0.0,0,0,0,0,0,0.0,0,0.0,360,0,0,0.8,0.0,0.0,1.0,0.0,0,0,0,0,0.0,0.0,0,0,0,1.0,0.0,0.0,0.0,0.0,0,0,0.0,360,8.056525258661991e-05,0.0,0,0,0,0,0,0,0.0,0.0,0.0,0.0,0,0,0.6.2-M1.0,efficient2,2,0,0.0,0.0,0.00040107800000000035,0.0,0.0020186136000000005,2.205e-06,0.0,5.346000000000001e-06,0.002419691600000001,7.551000000000001e-06,360,20.0,18.687852480990742,0.5119117813304248,360,True,-1.0984249019685421e-05,screening,efficient2,10.928135633468628,,,,,,,,,,,,,,
SOMA-CELL 0.6.2,6201,20.000000000000064,1,0,0,0,0,0.9986874983041868,0.9986874983041868,0.5565229717224209,0.6762520930288843,0.501735465034717,1.660592419327524,0.0,415,0.0,0.0,0.45930534950237667,0.0,4.196705322084817,0.5805212584157415,16.91068539312149,-1.0281397003097936e-05,0.0,8.677724236551019e-05,0,0,0,496.0,496,1,1,31.0,2.0134921767696303,1.8955684722270005,0,1,1,0.05555555555555555,0.0,0,0,0,0,0,0,0,0.0017722039221029508,0.0017722039221029508,0.1772203922102951,0.006003122372904008,0.9991461536228579,0.004765619067834561,0.0007959780488313094,0.0016934660999795837,2.0064574379834934e-05,0.000145451052163492,0.04006194438220715,0.024540384745616563,0.017637471984703543,0.0,0,0.0,20.000000000000064,0.1,pulsed,0,0,0,,0.9718278806117198,-0.009679619398000657,0.0,0.0,0.0,0.0,0.0,0,1,0.16641970530013708,-0.00737578618002312,1.212681783287932e-08,0.3166394776972488,0.2997466476459578,0.11428571428571428,0.11428571428571428,0.11428571428571428,0.0,0.4737448482126251,0.099775138940187,0.018055200976132477,1.9293273206849593e-05,4.0,4.0,patchy,150.0,0,0.0,0.33802961127659775,0.26784104478907333,0.42746608977925044,0.1283572571471824,0,0.0,0.0,0.0,0,0.0,0,0,0,0,0,0,0.0,0.0,0,0,0,0,0,0.0,0.0,0.0,0,0,0.6-P0.2,0,0.0,0.0,0.0,0.0,0.0,0.0,0,0,0,0,0,0.0,0.0,0.0,0.0,0.0,0.0,0.0,0,0.6-P1.1,none,native,0,0,0,0,0,0.0,0.0,0.0,0.0,0.0,0,0.0,0,0,0.6-P2.2,none,cue_reversal,0,0,0,0,0.0,0.0,0,0,0,0,0.0,0.0,0.0,0.0,[0. 0. 0. 0. 0. 0. 0. 0.],0,0,0,0.0,0.0,0.0,0.0,0.20347415744375036,1,1,2,2,0.5735008805695493,0.01807430755939524,0.0,0.10640567229398865,7.551264060803506,3.5002499527935593,1.0819447990238675,0,0,0.6-F2.0,full,0,0,0.0,0.0,0,0,0,0,0,0.0,0.0,0.0,0,0.0,0.0,0.0,0.0,0.0,0.0,0.0,0.0,0,0,0,0,0.0,0.0,0,0,0,0,0,0,0,0,0,0.6.1-D1.4,active,0,0,0,0,0,0,0.0,0.0,0.0,0.0,0,0,0.0,0.0,0,0,0,0,0,0.0,0,0.0,360,0,0,0.8,0.0,0.0,0.0,0.0,0,0,0,0,0.0,0.0,0,0,0,0.0,0.0,0.0,0.0,0.0,0,0,0.0,0,0.0,0.0,0,0,0,0,0,0,0.0,0.0,0.0,0.0,0,0,0.6.2-M1.0,no_tissue,0,0,0.0,0.0,0.0,0.0,0.0,0.0,0.0,0.0,0.0,0.0,360,20.0,19.057162196233296,0.5735008805695493,360,True,-1.0281397003097936e-05,screening,no_tissue,3.92386531829834,,,,,,,,,,,,,,
SOMA-CELL 0.6.2,6202,20.000000000000064,1,0,0,0,0,0.9982909726520456,0.9982909726520456,0.7748422866066795,0.7025941692805009,0.5234706554531366,1.7615267699970234,0.0,415,0.0,0.0,0.8965405822653931,0.0,4.3385663642163,1.0570002086759438,16.917750666468457,-1.1951530940024213e-05,0.0,5.383349823608595e-05,0,0,0,496.0,496,1,1,31.0,2.1350610816047624,2.112156887191515,0,1,1,0.05555555555555555,0.0,0,0,0,0,0,0,0,0.018738222396116593,0.018738222396116593,1.8738222396116593,0.0852080252858435,0.9991911969818448,0.005816910950899154,0.001036660243165329,0.08529668068252715,2.7712495189805842e-05,0.00014728443928736613,0.04887239743386629,0.03324903432458424,0.01617959771257087,0.0,0,0.0,20.000000000000064,0.1,pulsed,0,0,0,,0.9787562406693281,-0.013412277568712133,0.0,0.0,0.0,0.0,0.0,0,7,-0.025450639656860344,-0.027902956923866566,5.0277738322383365e-09,0.6955563602576522,0.7306524897721072,0.11428571428571428,0.11428571428571428,0.11428571428571428,0.0,0.8656504161437026,0.2282841927366038,0.13389807024810155,9.462756509343029e-06,4.0,4.0,patchy,150.0,0,0.0,0.2779173475093051,0.3050445822899225,0.13581783856799237,0.406255786368342,0,0.0,0.0,0.0,0,0.0,0,0,0,0,0,0,0.0,0.0,0,0,0,0,0,0.0,0.0,0.0,0,0,0.6-P0.2,0,0.0,0.0,0.0,0.0,0.0,0.0,0,0,0,0,0,0.0,0.0,0.0,0.0,0.0,0.0,0.0,0,0.6-P1.1,none,native,0,0,0,0,0,0.0,0.0,0.0,0.0,0.0,0,0.0,0,0,0.6-P2.2,none,cue_reversal,0,0,0,0,0.0,0.0,0,0,0,0,0.0,0.0,0.0,0.0,[0. 0. 0. 0. 0. 0. 0. 0.],0,0,0,0.0,0.0,0.0,0.0,0.1206862781039386,1,1,2,2,1.093923305433033,0.13390937369537498,0.09656605139012246,0.11232857261012723,7.184353453261194,3.3717287105631226,0.9661019297518985,0,0,0.6-F2.0,full,0,0,0.0,0.0,0,0,0,0,0,0.0,0.0,0.0,0,0.0,0.0,0.0,0.0,0.0,0.0,0.0,0.0,0,0,0,0,0.0,0.0,0,0,0,0,0,0,0,0,0,0.6.1-D1.4,active,0,0,0,0,0,0,0.0,0.0,0.0,0.0,0,0,0.0,0.0,0,0,0,0,0,0.0,0,0.0,360,0,0,0.8,0.0,0.0,0.0,0.0,0,0,0,0,0.0,0.0,0,0,0,0.0,0.0,0.0,0.0,0.0,0,0,0.0,0,0.0,0.0,0,0,0,0,0,0,0.0,0.0,0.0,0.0,0,0,0.6.2-M1.0,no_tissue,0,0,0.0,0.0,0.0,0.0,0.0,0.0,0.0,0.0,0.0,0.0,360,20.0,19.62756498173275,1.093923305433033,360,True,-1.1951530940024213e-05,screening,no_tissue,3.4380476474761963,,,,,,,,,,,,,,
SOMA-CELL 0.6.2,6203,20.000000000000064,1,0,0,0,0,0.9984878422132404,0.9984878422132404,0.48425052752155606,0.6981588588781857,0.4898572237182031,1.7081356625760575,0.0,415,0.0,0.0,0.7355542860993484,0.0,4.113758821131748,0.8771222811653876,16.90933987620825,-1.1179611995260075e-05,0.0,7.654876480721064e-05,0,0,0,496.0,496,1,1,31.0,2.122830379071449,2.086311740410003,0,1,1,0.05555555555555555,0.0,0,0,0,0,0,0,0,0.011218273049779326,0.011218273049779326,1.1218273049779326,0.050326991868265836,0.9993086827707356,0.005289822055036868,0.0009171528795343982,0.0486107917194171,3.162835272627137e-05,0.00013044679370327996,0.04499062611804922,0.028889467443350164,0.01597259021302326,0.0,0,0.0,20.000000000000064,0.1,pulsed,0,0,0,,0.9648151107988902,-0.07015373596457646,0.0,0.0,0.0,0.0,0.0,0,3,-0.0566993945531259,-0.035572555608112344,4.42765430421437e-08,0.6889303720206662,0.5965920526141539,0.11428571428571428,0.11428571428571428,0.11428571428571428,0.0,0.6345251648062628,0.1385097838381756,0.0585343913042517,2.830747491880392e-05,4.0,4.0,patchy,150.0,0,0.0,0.43595970760750075,0.07664328489256061,0.30046235573059016,0.3447570631113509,0,0.0,0.0,0.0,0,0.0,0,0,0,0,0,0,0.0,0.0,0,0,0,0,0,0.0,0.0,0.0,0,0,0.6-P0.2,0,0.0,0.0,0.0,0.0,0.0,0.0,0,0,0,0,0,0.0,0.0,0.0,0.0,0.0,0.0,0.0,0,0.6-P1.1,none,native,0,0,0,0,0,0.0,0.0,0.0,0.0,0.0,0,0.0,0,0,0.6-P2.2,none,cue_reversal,0,0,0,0,0.0,0.0,0,0,0,0,0.0,0.0,0.0,0.0,[0. 0. 0. 0. 0. 0. 0. 0.],0,0,0,0.0,0.0,0.0,0.0,0.1678061462661572,1,1,2,2,0.7730210887605997,0.058548251188090344,0.04163184785589975,0.11378894740512782,7.415481695394755,3.46151146982061,1.0414656086957483,0,0,0.6-F2.0,full,0,0,0.0,0.0,0,0,0,0,0,0.0,0.0,0.0,0,0.0,0.0,0.0,0.0,0.0,0.0,0.0,0.0,0,0,0,0,0.0,0.0,0,0,0,0,0,0,0,0,0,0.6.1-D1.4,active,0,0,0,0,0,0,0.0,0.0,0.0,0.0,0,0,0.0,0.0,0,0,0,0,0,0.0,0,0.0,360,0,0,0.8,0.0,0.0,0.0,0.0,0,0,0,0,0.0,0.0,0,0,0,0.0,0.0,0.0,0.0,0.0,0,0,0.0,0,0.0,0.0,0,0,0,0,0,0,0.0,0.0,0.0,0.0,0,0,0.6.2-M1.0,no_tissue,0,0,0.0,0.0,0.0,0.0,0.0,0.0,0.0,0.0,0.0,0.0,360,20.0,19.560996576475368,0.7730210887605997,360,True,-1.1179611995260075e-05,screening,no_tissue,3.315335988998413,,,,,,,,,,,,,,
SOMA-CELL 0.6.2,6204,20.000000000000064,1,0,0,0,0,0.9986540587112192,0.9986540587112192,0.2685012145937099,0.6669090708459952,0.4331040168162085,1.6398533950892917,0.0,415,0.0,0.0,0.44241449169937636,0.0,3.993834909117626,0.5388738382327655,16.92225171719684,-9.94308861734794e-06,0.0,6.082463296809014e-05,0,0,0,496.0,496,1,1,31.0,1.9707197329644737,1.8154014194014827,0,1,1,0.05555555555555555,0.0,0,0,0,0,0,0,0,0.0019482370742965962,0.0019482370742965962,0.19482370742965963,0.00855523928378401,0.9992431519242915,0.004874540215867099,0.0008162714432295235,0.002655263769969628,2.639405480106105e-05,0.00012159031138552124,0.0404290652687914,0.022389826824435907,0.018583815017197136,0.0,0,0.0,20.000000000000064,0.1,pulsed,0,0,0,,0.9252022454980124,-0.17142100401789373,0.0,0.0,0.0,0.0,0.0,0,2,0.03879357054321133,-0.01174963461728863,1.7493807309931105e-09,0.2916395490322115,0.37953152517194666,0.11428571428571428,0.11428571428571428,0.11428571428571428,0.0,0.2735182604978613,0.06224838622530275,0.024712690501256296,8.677619575264695e-06,4.0,4.0,patchy,150.0,0,0.0,0.21420225356947578,0.3527002563720794,0.39840777969881436,0.1573255139976777,0,0.0,0.0,0.0,0,0.0,0,0,0,0,0,0,0.0,0.0,0,0,0,0,0,0.0,0.0,0.0,0,0,0.6-P0.2,0,0.0,0.0,0.0,0.0,0.0,0.0,0,0,0,0,0,0.0,0.0,0.0,0.0,0.0,0.0,0.0,0,0.6-P1.1,none,native,0,0,0,0,0,0.0,0.0,0.0,0.0,0.0,0,0.0,0,0,0.6-P2.2,none,cue_reversal,0,0,0,0,0.0,0.0,0,0,0,0,0.0,0.0,0.0,0.0,[0. 0. 0. 0. 0. 0. 0. 0.],0,0,0,0.0,0.0,0.0,0.0,0.19163731445217727,1,1,2,2,0.33575374297589183,0.024725594248528552,0.0027493120741505688,0.12415672630521599,7.776487353279102,3.5377683070686032,1.0752873094987438,0,0,0.6-F2.0,full,0,0,0.0,0.0,0,0,0,0,0,0.0,0.0,0.0,0,0.0,0.0,0.0,0.0,0.0,0.0,0.0,0.0,0,0,0,0,0.0,0.0,0,0,0,0,0,0,0,0,0,0.6.1-D1.4,active,0,0,0,0,0,0,0.0,0.0,0.0,0.0,0,0,0.0,0.0,0,0,0,0,0,0.0,0,0.0,360,0,0,0.8,0.0,0.0,0.0,0.0,0,0,0,0,0.0,0.0,0,0,0,0.0,0.0,0.0,0.0,0.0,0,0,0.0,0,0.0,0.0,0,0,0,0,0,0,0.0,0.0,0.0,0.0,0,0,0.6.2-M1.0,no_tissue,0,0,0.0,0.0,0.0,0.0,0.0,0.0,0.0,0.0,0.0,0.0,360,20.0,18.977259503969805,0.33575374297589183,360,True,-9.94308861734794e-06,screening,no_tissue,2.589982509613037,,,,,,,,,,,,,,
SOMA-CELL 0.6.2,6301,26.000000000000234,1,0,0,0,0,0.9983543397359677,0.9983543397359677,0.8733726029114528,0.7904950580659205,0.5470677899015794,1.8532874894736644,0.0,440,0.0,0.0,1.112482704999947,0.0,5.094353552157353,1.4062520250913852,17.138856158520817,-1.1206669274343994e-05,0.0,0.07332558876022807,0,0,0,624.0,624,1,1,39.0,2.276519563464165,2.393762674325915,0,1,1,0.05555555555555555,0.0,0,0,0,0,0,0,0,0.017457343721249435,0.017457343721249435,1.7457343721249434,0.05902259115564327,0.9990517236312096,0.005569153001608696,0.00099819142443139,0.07895070436129611,3.22370636944157e-05,0.00015478467771509386,0.07555369406212994,0.04668349702255305,0.016240587184034084,0.0,0,0.0,26.000000000000234,0.1,pulsed,0,0,0,,0.9808976347851401,-0.018524192436067895,0.0,0.0,0.0,0.0,0.0,0,10,-0.01664380180834518,-0.01860789855812734,3.00473897773162e-08,0.8079164577672644,0.804124335772146,0.11428571428571428,0.11428571428571428,0.11428571428571428,0.0,1.5159053231533341,0.36379743391660263,0.2315282787919142,2.687401062229089e-05,4.0,12.0,patchy,150.0,0,0.0,0.3771227067169987,0.2994723415423663,0.05318872299276945,0.49221558185090153,0,0.0,0.0,0.0,0,0.0,0,0,0,0,0,0,0.0,0.0,0,0,0,0,0,0.0,0.0,0.0,0,0,0.6-P0.2,9,0.11938194941220005,0.01996524168399129,0.427536543393095,0.2186051148815634,0.00017193944444446243,0.07908598434092191,5869,258,450,0,0,0.09339011698124212,0.12521499790032065,0.00017193944444446243,0.0,0.0732529358528019,0.005833048488120013,0.0,937,0.6-P1.1,none,native,0,0,0,0,0,0.0,0.0,0.0,0.0,0.0,0,0.0,0,0,0.6-P2.2,full,cue_reversal,1,8,1,0,0.005673966344137955,0.004450397508993946,3600,2736,8,8,25.000000000000206,0.0,0.0771914376695838,0.02054000480948192,"[-0.07995527 -0.07997264 -0.08000232  0.01353148  0.08997523  0.09
  0.09        0.09      ]",304,1,0,1.2985641622183586,0.01798508728761203,0.005833048488120003,0.0011657927612845607,0.1978175726982589,3,1,2,3,1.8796866805761352,0.23154435528571587,0.15661857226448617,0.06819010451073498,6.534102143400129,3.2362241774769553,0.8679242603949953,468,468,0.6-F2.0,full,1,1,0.00012599644444444502,0.0002577200000000018,0,0,0,0,0,0.0,0.0,0.0,0,0.0,0.0,0.0,0.0,0.0,0.0,0.0,0.0,0,0,0,0,0.0,1.0,0,0,9,0,0,0,0,468,468,0.6.1-D1.4,active,1,0,0,0,0,0,1.32e-06,0.0,0.0,2.61e-06,2,0,0.0,0.12555304474837334,0,1,0,0,0,0.0,0,0.0,468,0,0,0.8,0.015092150918503862,0.015371143108595884,1.0184859130814787,0.0,0,0,0,0,0.0,0.0,0,0,0,1.0,0.0,0.0,0.0,0.0,0,0,0.0,468,0.00017193944444446243,0.0,0,0,0,0,0,0,0.0,0.0,0.0,0.0,0,0,0.6.2-M1.0,full8,8,0,0.0,0.0,0.0020923200000000025,0.0015705600000000001,0.011003241600000003,2.520000000000001e-05,2.16e-05,0.00012117600000000005,0.014666121600000005,0.00016797600000000005,468,26.0,25.441669117735515,1.8796866805761352,468,True,-1.1206669274343994e-05,confirmation,full8,9.163899660110474,,,,,,,,,,,,,,
SOMA-CELL 0.6.2,6302,26.000000000000234,1,0,0,0,0,0.9897295862257537,0.9897295862257537,0.0,0.6625587872450948,6.874373462883963e-27,1.500627455019656,0.0,440,0.0,0.0,0.30404451220239986,0.0,3.9959734127801956,0.43309578892579353,17.157035493715725,-1.0928535086662805e-05,0.0,0.06578643840570006,0,0,0,624.0,624,1,1,39.0,1.786974138336854,1.5065522902794644,0,1,1,0.05555555555555555,0.0,0,0,0,0,0,0,0,0.009957257686208431,0.009957257686208431,0.995725768620843,0.037556863293950186,0.9926809439794814,0.016354713817055055,0.00625667781270598,0.013350579638587969,0.00011692227610135329,0.0,0.031982035787916606,0.02272723135186554,0.017815346192741013,0.0,0,0.0,26.000000000000234,0.1,pulsed,0,0,0,,0.24533084020981,0.12484065745749832,0.0,0.0,0.0,0.0,0.0,0,0,-9.819827836939538e-10,-0.024005585180720015,-3.5749068343783627e-09,8.306777274332252e-05,0.35067594710769545,0.11428571428571428,0.11428571428571428,0.11428571428571428,0.0,3.9957234879499245e-06,9.02263770154393e-06,0.022040553753023887,1.7444960958762357e-05,4.0,12.0,patchy,150.0,0,0.0,0.19792734107786727,0.33634542676253004,0.35506382446396606,0.19857784117883023,0,0.0,0.0,0.0,0,0.0,0,0,0,0,0,0,0.0,0.0,0,0,0,0,0,0.0,0.0,0.0,0,0,0.6-P0.2,9,0.11458803249394907,0.010470846079126982,2.9481054540676115,0.19535764556264737,0.00018478724444448901,0.07011397974512289,7601,420,450,0,0,0.07639042783350264,0.11896721772914415,0.00018478724444448901,0.0,0.06573479450992743,0.004379185235195448,0.0,937,0.6-P1.1,none,native,0,0,0,0,0,0.0,0.0,0.0,0.0,0.0,0,0.0,0,0,0.6-P2.2,full,cue_reversal,1,8,1,0,0.010992055581930848,0.01047680445015226,3600,2736,8,8,25.000000000000206,0.0,0.07558470510150508,0.006676720255143357,"[-0.0799941  -0.07999775 -0.07999927 -0.05477921  0.09001378  0.09
  0.09        0.09      ]",300,1,0,1.274056315521703,0.011121913220752499,0.004379185235195444,0.0001109252579618454,0.12278850058627187,3,1,2,3,2.494369797517715e-07,0.02205332267723363,0.001813939457257927,0.15717868100754173,8.050000912909717,3.600005932853045,1.0779594462469764,468,468,0.6-F2.0,full,1,1,2.7206666666666614e-05,5.5649999999999896e-05,0,0,0,0,0,0.0,0.0,0.0,0,0.0,0.0,0.0,0.0,0.0,0.0,0.0,0.0,0,0,0,0,0.0,1.0,0,0,3,0,0,0,0,468,468,0.6.1-D1.4,active,1,0,0,0,0,0,0.0,0.0,0.0,0.0,2,0,0.0,0.10776971588174669,0,1,0,0,0,0.0,0,0.0,468,0,0,0.8,0.019065218015033098,0.019067121768873686,1.000099854816194,0.0,0,0,0,0,0.0,0.0,0,0,0,1.0,0.0,0.0,0.0,0.0,0,0,0.0,468,0.00018478724444448901,0.0,0,0,0,0,0,0,0.0,0.0,0.0,0.0,0,0,0.6.2-M1.0,full8,8,0,0.0,0.0,0.002081848000000003,0.0015615840000000013,0.010944000000000002,3.7800000000000002e-06,3.2400000000000003e-06,0.0,0.014587432000000006,7.0200000000000006e-06,468,26.0,17.976378837418725,2.494369797517715e-07,468,True,-1.0928535086662805e-05,confirmation,full8,8.926468133926392,,,,,,,,,,,,,,
SOMA-CELL 0.6.2,6303,26.000000000000234,1,0,0,0,0,0.9984836557414614,0.9984836557414614,0.5806275976244689,0.7377820061505127,0.5127687903022478,1.7172624412344002,0.0,440,0.0,0.0,0.7454895097017731,0.0,4.763399478868876,0.9286374671562129,17.156402358024177,-8.5512381957642e-06,0.0,0.07379705581663637,0,0,0,624.0,624,1,1,39.0,2.091405425642254,2.033312623095255,0,1,1,0.05555555555555555,0.0,0,0,0,0,0,0,0,0.012044604526414336,0.012044604526414336,1.2044604526414335,0.041034702630301165,0.9990614844449964,0.005227440132769614,0.000919693983026514,0.052333387303977394,2.953247281731961e-05,0.00014089570718062264,0.06099344206518682,0.037005836371161054,0.015917434324570795,0.0,0,0.0,26.000000000000234,0.1,pulsed,0,0,0,,0.9727456776781113,-0.025345519041345053,0.0,0.0,0.0,0.0,0.0,0,0,-0.056904008021019935,-0.0645396287469559,-5.890755685831372e-09,0.7864508531367734,0.6117258239527874,0.11428571428571428,0.11428571428571428,0.11428571428571428,0.0,0.9507869029522824,0.2425703089457591,0.0922142975637704,1.7199586035215875e-05,4.0,12.0,patchy,150.0,0,0.0,0.35051307333093334,0.30008440623617094,0.06752482099796706,0.47069147431327457,0,0.0,0.0,0.0,0,0.0,0,0,0,0,0,0,0.0,0.0,0,0,0,0,0,0.0,0.0,0.0,0,0,0.6-P0.2,9,0.11829796292694204,0.019928822825609822,0.7111651546137295,0.21805693659359598,0.0002524175562445075,0.07957773328479371,6329,474,450,0,0,0.09393562574808981,0.12412131084550557,0.0002524175562445075,0.0,0.07375438536623005,0.005823347918563668,0.0,937,0.6-P1.1,none,native,0,0,0,0,0,0.0,0.0,0.0,0.0,0.0,0,0.0,0,0,0.6-P2.2,full,cue_reversal,1,8,1,0,0.005767474457972363,0.004418815217408574,3600,2704,8,8,25.000000000000206,0.0,0.07700086677268794,0.021993572667516035,"[0.02189655 0.02187775 0.02746049 0.01328417 0.08993145 0.09
 0.09       0.09      ]",404,1,0,1.4753585893314287,0.018752946950936152,0.005823347918563669,0.0006890693835002167,0.19383134082303358,3,1,2,3,1.193347444460333,0.0922240650014789,0.07342974041076447,0.07711735309952956,7.099216752159138,3.357442280540524,1.007706379299428,468,468,0.6-F2.0,full,1,1,7.837622222222257e-05,0.0001603150000000005,0,0,0,0,0,0.0,0.0,0.0,0,0.0,0.0,0.0,0.0,0.0,0.0,0.0,0.0,0,0,0,0,0.0,1.0,0,0,7,0,0,0,0,468,468,0.6.1-D1.4,active,1,0,0,0,0,0,6.6e-07,0.0,0.0,1.305e-06,2,0,0.0,0.1520616172878714,0,1,0,0,0,0.0,0,0.0,468,0,0,0.8,0.015320699534530524,0.015585863103033082,1.0173075366372744,0.0,0,0,0,0,0.0,0.0,0,0,0,1.0,0.0,0.0,0.0,0.0,0,0,0.0,468,0.0002524175562445075,0.0,0,0,0,0,0,0,0.0,0.0,0.0,0.0,0,0,0.6.2-M1.0,full8,8,0,0.0,0.0,0.002087392000000002,0.001566336,0.010845814400000002,1.512e-05,1.296e-05,6.0984000000000025e-05,0.014499542400000004,8.906400000000003e-05,468,26.0,24.393795891346283,1.193347444460333,468,True,-8.5512381957642e-06,confirmation,full8,9.391678810119629,,,,,,,,,,,,,,
SOMA-CELL 0.6.2,6304,26.000000000000234,1,0,0,0,0,0.9984539234246534,0.9984539234246534,0.8698927447059099,0.7869327235935959,0.5543730254966233,1.841432948046854,0.0,440,0.0,0.0,1.0996542348573743,0.0,5.057129270699088,1.389653366956652,17.13653797686264,-1.1272626220915072e-05,0.0,0.0852674693684585,0,0,0,624.0,624,1,1,39.0,2.2652334276332557,2.3701316421006218,0,1,1,0.05555555555555555,0.0,0,0,0,0,0,0,0,0.013214929726559722,0.013214929726559722,1.3214929726559723,0.04012274955182073,0.9991060439994696,0.005310284321783249,0.0009377412030635637,0.05816346815255299,3.1226715730083486e-05,0.00014666403076257772,0.07342799510395392,0.046049162854314055,0.016640670025879205,0.0,0,0.0,26.000000000000234,0.1,pulsed,0,0,0,,0.9808914629458036,-0.01871763873109623,0.0,0.0,0.0,0.0,0.0,0,8,-0.016707030761636734,-0.018567745522449334,1.059474308084156e-08,0.805896481128881,0.7951454494279117,0.11428571428571428,0.11428571428571428,0.11428571428571428,0.0,1.4958956436359119,0.3732431791218316,0.1907208822893918,1.5164074595341859e-05,4.0,12.0,patchy,150.0,0,0.0,0.4399163846951505,0.34239873931780956,0.050433798495936356,0.5669389333772626,0,0.0,0.0,0.0,0,0.0,0,0,0,0,0,0,0.0,0.0,0,0,0,0,0,0.0,0.0,0.0,0,0,0.6-P0.2,9,0.11879716569855635,0.019898220529465757,0.45924921997684387,0.23163518473960648,0.00017451075555557265,0.09276528775602415,5869,260,450,0,0,0.10527744728382896,0.1263577374557773,0.00017451075555557265,0.0,0.08520471599880342,0.0075605717572207335,0.0,937,0.6-P1.1,none,native,0,0,0,0,0,0.0,0.0,0.0,0.0,0.0,0,0.0,0,0,0.6-P2.2,full,cue_reversal,1,8,1,0,0.004833514405739939,0.006111082429352648,3600,2712,8,8,25.000000000000206,0.0,0.0772395373029404,0.02056584823989368,"[-0.02237345 -0.02238676 -0.08000477  0.01168938  0.08984641  0.09
  0.09        0.09      ]",644,1,0,1.6378795152064243,0.03002684261201597,0.0075605717572207205,0.0011869447355208106,0.1833575204965248,3,1,2,3,1.8691217042203134,0.19073800082682185,0.12422707466381461,0.047035550468330724,6.554110262713945,3.2267744971930656,0.9088705792998897,468,468,0.6-F2.0,full,1,1,0.00012747533333333386,0.00026074500000000173,0,0,0,0,0,0.0,0.0,0.0,0,0.0,0.0,0.0,0.0,0.0,0.0,0.0,0.0,0,0,0,0,0.0,1.0,0,0,9,0,0,0,0,468,468,0.6.1-D1.4,active,1,0,0,0,0,0,1.32e-06,0.0,0.0,2.61e-06,2,0,0.0,0.13161818302897804,0,1,0,0,0,0.0,0,0.0,468,0,0,0.8,0.015067959111779081,0.015346004111405442,1.0184527312268192,0.0,0,0,0,0,0.0,0.0,0,0,0,1.0,0.0,0.0,0.0,0.0,0,0,0.0,468,0.00017451075555557265,0.0,0,0,0,0,0,0,0.0,0.0,0.0,0.0,0,0,0.6.2-M1.0,full8,8,0,0.0,0.0,0.0020917040000000024,0.0015700320000000003,0.010902595200000004,2.3940000000000008e-05,2.052e-05,0.00011167200000000005,0.014564331200000006,0.00015613200000000007,468,26.0,25.439267479905666,1.8691217042203134,468,True,-1.1272626220915072e-05,confirmation,full8,7.373793601989746,,,,,,,,,,,,,,
SOMA-CELL 0.6.2,6305,26.000000000000234,1,0,0,0,0,0.9897965523648922,0.9897965523648922,0.0,0.6643224770029115,1.0531715543009999e-20,1.511458813474617,0.0,440,0.0,0.0,0.30779366424137855,0.0,4.0124696002303795,0.43851320825267176,17.16263996348021,-9.69734666966815e-06,0.0,0.06691768169888446,0,0,0,624.0,624,1,1,39.0,1.7940923579273496,1.519018694809829,0,1,1,0.05555555555555555,0.0,0,0,0,0,0,0,0,0.01028214182965571,0.01028214182965571,1.028214182965571,0.03950608182602318,0.9926425051613983,0.016261767574255483,0.006215672505328442,0.015039565067512977,0.00011563572816901835,0.0,0.03171059423557486,0.022584994539393225,0.016406015153658526,0.0,0,0.0,26.000000000000234,0.1,pulsed,0,0,0,,0.24533520973501002,0.12466194412232802,0.0,0.0,0.0,0.0,0.0,0,0,-0.00558672772477171,-0.022234586638784463,-5.275735270579632e-09,0.2263149927544542,0.3435317482741866,0.11428571428571428,0.11428571428571428,0.11428571428571428,0.0,0.014907080828589298,0.0010154701780873154,0.022439566017653578,1.4640073390609354e-05,4.0,12.0,patchy,150.0,0,0.0,0.33354515950349883,0.20779445863076557,0.35382834151649983,0.20600100777799737,0,0.0,0.0,0.0,0,0.0,0,0,0,0,0,0,0.0,0.0,0,0,0,0,0,0.0,0.0,0.0,0,0,0.6-P0.2,9,0.11434735673174232,0.010360282131418024,2.9579137748780187,0.19634612165599008,0.00018419568888893316,0.07145428710393688,7889,418,450,0,0,0.07741349284771383,0.11893262880827565,0.00018419568888893316,0.0,0.06686901502740328,0.004585272076533599,0.0,937,0.6-P1.1,none,native,0,0,0,0,0,0.0,0.0,0.0,0.0,0.0,0,0.0,0,0,0.6-P2.2,full,cue_reversal,1,8,1,0,0.011137420375226538,0.010654851898564972,3600,2712,8,8,25.000000000000206,0.0,0.07623828032246,0.00863416915181704,"[-0.08000128 -0.08000057 -0.08000087 -0.05476528  0.0899979   0.09
  0.09        0.09      ]",340,1,0,1.3180590002408343,0.012349429528879767,0.0045852720765336,0.00011114119169254542,0.12860198380097201,3,1,2,3,0.015911696652626706,0.022450420371703486,0.0034852703664383176,0.13704639405928745,8.035097666828962,3.5989990541858523,1.0775604339823466,468,468,0.6-F2.0,full,1,1,2.7206666666666614e-05,5.5649999999999896e-05,0,0,0,0,0,0.0,0.0,0.0,0,0.0,0.0,0.0,0.0,0.0,0.0,0.0,0.0,0,0,0,0,0.0,1.0,0,0,6,0,0,0,0,468,468,0.6.1-D1.4,active,1,0,0,0,0,0,0.0,0.0,0.0,0.0,2,0,0.0,0.12051243241411988,0,1,0,0,0,0.0,0,0.0,468,0,0,0.8,0.018970992942901697,0.01897245042543922,1.0000768268978808,0.0,0,0,0,0,0.0,0.0,0,0,0,1.0,0.0,0.0,0.0,0.0,0,0,0.0,468,0.00018419568888893316,0.0,0,0,0,0,0,0,0.0,0.0,0.0,0.0,0,0,0.6.2-M1.0,full8,8,0,0.0,0.0,0.002081848000000003,0.0015615840000000013,0.010848000000000003,3.7800000000000002e-06,3.2400000000000003e-06,0.0,0.014491432000000007,7.0200000000000006e-06,468,26.0,17.922388118710128,0.015911696652626706,468,True,-9.69734666966815e-06,confirmation,full8,8.0675950050354,,,,,,,,,,,,,,
SOMA-CELL 0.6.2,6306,26.000000000000234,1,0,0,0,0,0.9983322432807705,0.9983322432807705,0.7099847246825458,0.7717695478539581,0.5308570088426415,1.8045912568839635,0.0,440,0.0,0.0,0.9445520807075053,0.0,5.01229795593231,1.201849855192848,17.13932244402673,-1.205874544396579e-05,0.0,0.07423672074225102,0,0,0,624.0,624,1,1,39.0,2.212114153804859,2.269110996121396,0,1,1,0.05555555555555555,0.0,0,0,0,0,0,0,0,0.018332317934561075,0.018332317934561075,1.8332317934561075,0.05862243090292464,0.9989922499950409,0.005665585342225146,0.0010116054385715405,0.08311346390984511,3.335807985106306e-05,0.00015622531557335596,0.0739049111160758,0.04335270281568944,0.01625318573424335,0.0,0,0.0,26.000000000000234,0.1,pulsed,0,0,0,,0.9770583331268626,-0.025556743723812794,0.0,0.0,0.0,0.0,0.0,0,8,-0.021463951730652117,-0.022245110503725032,1.1546999377476205e-08,0.8070930860140686,0.7902546464865244,0.11428571428571428,0.11428571428571428,0.11428571428571428,0.0,1.2811948713114794,0.3291157712956742,0.21400862790099212,2.0082916060967793e-05,4.0,12.0,patchy,150.0,0,0.0,0.40181809663736534,0.3695371676087389,0.02140644869922566,0.557456065518756,0,0.0,0.0,0.0,0,0.0,0,0,0,0,0,0,0.0,0.0,0,0,0,0,0,0.0,0.0,0.0,0,0,0.6-P0.2,9,0.11873753838917363,0.01991194425174337,0.44629018908154794,0.2190631133911963,0.00021035294663896168,0.08020327780363573,5869,356,450,0,0,0.09428630866611473,0.12477680472508094,0.00021035294663896168,0.0,0.07416401146772854,0.006039266335907191,0.0,937,0.6-P1.1,none,native,0,0,0,0,0,0.0,0.0,0.0,0.0,0.0,0,0.0,0,0,0.6-P2.2,full,cue_reversal,1,8,1,0,0.004610931525116381,0.005173055948980254,3600,2728,8,8,25.000000000000206,0.0,0.07718173866749066,0.01838240897947735,"[-0.0642605  -0.06424528 -0.0229757  -0.03704803  0.09006128  0.09
  0.09        0.09      ]",570,1,0,1.454068493982976,0.019079636554298746,0.006039266335907195,0.0009407902940173172,0.20121645850904382,3,1,2,3,1.6102928568193018,0.2140264136888439,0.15190665048172794,0.04956623807026075,6.76881259186061,3.2709056419673757,0.8854563990735859,468,468,0.6-F2.0,full,1,1,0.00010767288888888949,0.00022024000000000167,0,0,0,0,0,0.0,0.0,0.0,0,0.0,0.0,0.0,0.0,0.0,0.0,0.0,0.0,0,0,0,0,0.0,1.0,0,0,8,0,0,0,0,468,468,0.6.1-D1.4,active,1,0,0,0,0,0,1.32e-06,0.0,0.0,2.61e-06,2,0,0.0,0.1617575637232959,0,1,0,0,0,0.0,0,0.0,468,0,0,0.8,0.01527056812568126,0.015542561096177568,1.0178115816161994,0.0,0,0,0,0,0.0,0.0,0,0,0,1.0,0.0,0.0,0.0,0.0,0,0,0.0,468,0.00021035294663896168,0.0,0,0,0,0,0,0,0.0,0.0,0.0,0.0,0,0,0.6.2-M1.0,full8,8,0,0.0,0.0,0.002089240000000002,0.0015679200000000002,0.010953817600000002,1.8900000000000002e-05,1.62e-05,8.553600000000003e-05,0.014610977600000005,0.00012063600000000003,468,26.0,25.19809128165587,1.6102928568193018,468,True,-1.205874544396579e-05,confirmation,full8,7.66594123840332,,,,,,,,,,,,,,
SOMA-CELL 0.6.2,6301,26.000000000000234,1,0,0,0,0,0.9985279556107769,0.9985279556107769,0.1465375295270761,0.7437023563354247,0.3753889413541266,1.755934463117752,0.0,440,0.0,0.0,0.7852478229201655,0.0,4.499022267858315,1.0718652384988003,17.142366159377374,-1.281066823821675e-05,0.0,0.03745142337016334,0,0,0,624.0,624,1,1,39.0,2.113512635929455,2.071182791164316,0,1,1,0.05555555555555555,0.0,0,0,0,0,0,0,0,0.008505745028814876,0.008505745028814876,0.8505745028814876,0.03237746163526662,0.9993385400212269,0.005262195874587556,0.0008928054006090812,0.035198152366456,3.956960138084519e-05,0.00012851909778187527,0.06104672246169002,0.03637160533557759,0.016219634395759755,0.0,0,0.0,26.000000000000234,0.1,pulsed,0,0,0,,0.8732099149369481,-0.2729717147282197,0.0,0.0,0.0,0.0,0.0,0,5,-0.29805064918469776,-0.16020358921905256,1.1042317021391603e-07,0.809356457752686,0.8055978675029956,0.11428571428571428,0.11428571428571428,0.11428571428571428,0.0,0.8383825202707686,0.20359614748528707,0.11158444648120593,4.5179827326422006e-05,4.0,12.0,patchy,150.0,0,0.0,0.3382451934413719,0.1740105411716981,0.27329057781861227,0.28844711716470195,0,0.0,0.0,0.0,0,0.0,0,0,0,0,0,0,0.0,0.0,0,0,0,0,0,0.0,0.0,0.0,0,0,0.6-P0.2,5,0.06604114046535094,0.011993798275959538,0.4584499002987463,0.1192545202744344,0.00015645764444446224,0.04106312388867982,3637,251,450,0,0,0.04949572226877138,0.06975879800566265,0.00015645764444446224,0.0,0.03734546634836758,0.003717657540312242,0.0,937,0.6-P1.1,none,native,0,0,0,0,0,0.0,0.0,0.0,0.0,0.0,0,0.0,0,0,0.6-P2.2,full,cue_reversal,1,4,1,0,0.005294577805280914,0.005887643724862798,1800,1348,9,9,25.000000000000206,0.0,0.07304747018483994,0.01173786125819682,[0.045 0.045 0.045 0.045 0.045 0.045 0.045 0.045],132,0,0,0.8758656455248499,0.008064846670740094,0.0037176575403122395,0.00035822400302703303,0.10822203902448686,3,1,2,3,1.0419531230322476,0.111609991205014,0.0392865808600872,0.09243519476251116,7.18662823193527,3.3964348675661955,0.9884155535187943,468,468,0.6-F2.0,full,1,1,0.00010247844444444483,0.00020961500000000105,1,0,0,1,0,0.974150888612351,7.184222222222114e-06,1.4694999999999872e-05,1,0.046242450529375416,0.017974543772662926,1.0,0.0,0.0,0.0,0.0,0.0,0,0,0,0,0.0,1.0,0,0,5,0,1,1,0,468,468,0.6.1-D1.4,off,1,0,0,0,0,0,0.0,0.0,0.0,0.0,0,0,0.0,0.0,0,0,0,0,0,0.0,0,0.0,468,0,0,0.8,0.0,0.0,1.0,0.0,0,0,0,0,0.0,0.0,0,0,0,1.0,0.0,0.0,0.0,0.0,0,0,0.0,468,0.00015645764444446224,0.0,0,0,0,0,0,0,0.0,0.0,0.0,0.0,0,0,0.6.2-M1.0,efficient4,4,0,0.0,0.0,0.0010440040000000016,0.0,0.005404971200000001,8.19e-06,0.0,2.653200000000001e-05,0.006448975200000002,3.472200000000001e-05,468,26.0,25.188612574298514,1.0419531230322476,468,True,-1.281066823821675e-05,confirmation,efficient4,5.829940557479858,,,,,,,,,,,,,,
SOMA-CELL 0.6.2,6302,26.000000000000234,1,0,0,0,0,0.9905849361607921,0.9905849361607921,0.0,0.6686889999452811,2.0980493934734367e-24,1.5344280639286985,0.0,440,0.0,0.0,0.3246419804710562,0.0,3.996119108304705,0.48736959124913665,17.156070839008365,-1.1521508163525596e-05,0.0,0.034072496435062896,0,0,0,624.0,624,1,1,39.0,1.8126240599812937,1.5483665044953587,0,1,1,0.05555555555555555,0.0,0,0,0,0,0,0,0,0.008626842852039051,0.008626842852039051,0.8626842852039052,0.031656036885332854,0.9933789332290412,0.015227353680201908,0.005733130743388958,0.009614158086215378,9.901125402852604e-05,0.0,0.033655514615575324,0.023090777818853634,0.01700899156254874,0.0,0,0.0,26.000000000000234,0.1,pulsed,0,0,0,,0.2454335880039335,0.12704580470347931,0.0,0.0,0.0,0.0,0.0,0,1,-0.0531690323453266,-0.04762936340786872,-1.9773786887517226e-09,0.3065092102095325,0.4648583688691291,0.11428571428571428,0.11428571428571428,0.11428571428571428,0.0,0.018323878617309736,0.002810436341789535,0.03131512099287443,1.2192858914877869e-05,4.0,12.0,patchy,150.0,0,0.0,0.25838473974396303,0.2701231025858117,0.3339960259544312,0.20341046907616978,0,0.0,0.0,0.0,0,0.0,0,0,0,0,0,0,0.0,0.0,0,0,0,0,0,0.0,0.0,0.0,0,0,0.6-P0.2,5,0.06485159950144277,0.0083987176090021,1.2368572078781384,0.11015625891834953,9.75859640442011e-05,0.03680835584386103,4261,306,450,0,0,0.04248918889052595,0.06766707002782338,9.75859640442011e-05,0.0,0.033992885317480216,0.002815470526380816,0.0,937,0.6-P1.1,none,native,0,0,0,0,0,0.0,0.0,0.0,0.0,0.0,0,0.0,0,0,0.6-P2.2,full,cue_reversal,1,4,1,0,0.0108184718125417,0.0104003112964035,1800,1368,8,8,25.000000000000206,0.0,0.07552271919963904,0.007259631808702984,[0.045 0.045 0.045 0.045 0.045 0.045 0.045 0.045],120,0,0,0.8160291914720806,0.004862458330762751,0.002815470526380813,6.605057207139855e-05,0.1199993309109216,3,1,2,3,0.021114916065601324,0.03133451988637237,0.0012180506075631162,0.14172729112411636,8.006684230829444,3.597213029617954,1.0686848790071255,468,468,0.6-F2.0,full,1,1,2.9927333333333273e-05,6.121499999999988e-05,0,0,0,0,0,0.0,0.0,0.0,0,0.0,0.0,0.0,0.0,0.0,0.0,0.0,0.0,0,0,0,0,0.0,1.0,0,0,5,0,0,0,0,468,468,0.6.1-D1.4,off,1,0,0,0,0,0,0.0,0.0,0.0,0.0,0,0,0.0,0.0,0,0,0,0,0,0.0,0,0.0,468,0,0,0.8,0.0,0.0,1.0,0.0,0,0,0,0,0.0,0.0,0,0,0,1.0,0.0,0.0,0.0,0.0,0,0,0.0,468,9.75859640442011e-05,0.0,0,0,0,0,0,0,0.0,0.0,0.0,0.0,0,0,0.6.2-M1.0,efficient4,4,0,0.0,0.0,0.0010412320000000013,0.0,0.005472000000000001,2.5200000000000004e-06,0.0,0.0,0.0065132320000000025,2.5200000000000004e-06,468,26.0,18.482896208110045,0.021114916065601324,468,True,-1.1521508163525596e-05,confirmation,efficient4,6.170287370681763,,,,,,,,,,,,,,
SOMA-CELL 0.6.2,6303,26.000000000000234,1,0,0,0,0,0.9982894266930776,0.9982894266930776,0.6021197877580106,0.7657017904075775,0.5102569987933372,1.8066959177493087,0.0,440,0.0,0.0,0.8583947518626903,0.0,4.8453970518014815,1.1065243134021412,17.149244513367854,-9.950387497070778e-06,0.0,0.04025713584703261,0,0,0,624.0,624,1,1,39.0,2.194774375560455,2.230664790571112,0,1,1,0.05555555555555555,0.0,0,0,0,0,0,0,0,0.020362416157941206,0.020362416157941206,2.0362416157941206,0.07529274917323424,0.9990045331516781,0.005663626651928647,0.0010375987927265546,0.09326986737877578,3.460227677189008e-05,0.0001561043305900862,0.06524874575075887,0.04060777082936136,0.01607504564049822,0.0,0,0.0,26.000000000000234,0.1,pulsed,0,0,0,,0.9734978208626314,-0.03109323998707651,0.0,0.0,0.0,0.0,0.0,0,8,-0.012326249767886082,-0.02063251932822267,1.6298366068407022e-08,0.7971606867479639,0.7415534678413652,0.11428571428571428,0.11428571428571428,0.11428571428571428,0.0,1.1297015366458356,0.26219747667737237,0.16015046539131922,1.9474801687791032e-05,4.0,12.0,patchy,150.0,0,0.0,0.3595380181942029,0.3210094590271009,0.04385903846097439,0.4935494342587839,0,0.0,0.0,0.0,0,0.0,0,0,0,0,0,0,0.0,0.0,0,0,0,0,0,0.0,0.0,0.0,0,0,0.6-P0.2,5,0.06706973083068796,0.011969345706706871,0.3163458416757584,0.12368089446588665,0.00010886455555558826,0.04453295337293671,3199,290,450,0,0,0.052268233473769465,0.07141266099211707,0.00010886455555558826,0.0,0.04019002321150737,0.004342930161429336,0.0,937,0.6-P1.1,none,native,0,0,0,0,0,0.0,0.0,0.0,0.0,0.0,0,0.0,0,0,0.6-P2.2,full,cue_reversal,1,4,1,0,0.005670379725127147,0.0044706374046714625,1800,1356,9,9,25.000000000000206,0.0,0.07228043381391688,0.016253472368152375,[0.045 0.045 0.045 0.045 0.045 0.045 0.045 0.045],342,0,0,1.0681528154083713,0.010792652564239282,0.004342930161429334,0.0004293538252055769,0.2097002314599814,3,1,2,3,1.3918854273727235,0.1601640513418036,0.12010590504616776,0.07799488709815601,6.920304606449882,3.33782192476428,0.9391966169500661,468,468,0.6-F2.0,full,1,1,0.00015915533333333342,0.0003255450000000005,1,0,1,0,0,0.03,9.385688888888874e-05,0.00019198000000000053,1,0.2480070256970207,0.23853175316577502,0.0,0.0,0.0,0.0,0.0,0.0,0,0,0,0,0.0,1.0,0,0,5,0,1,1,0,468,468,0.6.1-D1.4,off,1,0,0,0,0,0,0.0,0.0,0.0,0.0,0,0,0.0,0.0,0,0,0,0,0,0.0,0,0.0,468,0,0,0.8,0.0,0.0,1.0,0.0,0,0,0,0,0.0,0.0,0,0,0,1.0,0.0,0.0,0.0,0.0,0,0,0.0,468,0.00010886455555558826,0.0,0,0,0,0,0,0,0.0,0.0,0.0,0.0,1,0,0.6.2-M1.0,efficient4,4,0,0.0,0.0,0.0010449280000000012,0.0,0.005444328000000002,1.0080000000000002e-05,0.0,4.158000000000002e-05,0.006489256000000003,5.166000000000002e-05,468,26.0,25.229655169623598,1.3918854273727235,468,True,-9.950387497070778e-06,confirmation,efficient4,6.015042304992676,,,,,,,,,,,,,,
SOMA-CELL 0.6.2,6304,26.000000000000234,1,0,0,0,0,0.9984188218736614,0.9984188218736614,0.9222113940820398,0.7913090729685117,0.5567407174097806,1.8680787887229806,0.0,440,0.0,0.0,1.1377689413579235,0.0,5.0441754547632796,1.4634782052599036,17.135389168397563,-1.3011970072085433e-05,0.0,0.044214649943011865,0,0,0,624.0,624,1,1,39.0,2.278916841522246,2.3978848154745473,0,1,1,0.05555555555555555,0.0,0,0,0,0,0,0,0,0.014788870857460279,0.014788870857460279,1.478887085746028,0.04760678908113331,0.9991084223998749,0.005383102775587041,0.0009590481865157441,0.06593801075129245,3.111190190107139e-05,0.00014919426207916857,0.07344702309622207,0.04677363997922175,0.01662592609142269,0.0,0,0.0,26.000000000000234,0.1,pulsed,0,0,0,,0.981835544560238,-0.017006385869721072,0.0,0.0,0.0,0.0,0.0,0,10,-0.017187946855636203,-0.018640533212310562,3.829738301331765e-08,0.8067856191597885,0.7854069798350535,0.11428571428571428,0.11428571428571428,0.11428571428571428,0.0,1.5194339565432946,0.3717329655524943,0.20533810635191518,2.7935409056545346e-05,4.0,12.0,patchy,150.0,0,0.0,0.436016951182782,0.34464729057322707,0.04598287611263691,0.5656660779316759,0,0.0,0.0,0.0,0,0.0,0,0,0,0,0,0,0.0,0.0,0,0,0,0,0,0.0,0.0,0.0,0,0,0.6-P0.2,5,0.06780955401538256,0.011951814674925527,0.2756809999883303,0.12917312199574937,4.895757777779357e-05,0.04936279572766404,3217,142,450,0,0,0.0561222692349391,0.07305085276080997,4.895757777779357e-05,0.0,0.044121496982236136,0.005241298745427909,0.0,937,0.6-P1.1,none,native,0,0,0,0,0,0.0,0.0,0.0,0.0,0.0,0,0.0,0,0,0.6-P2.2,full,cue_reversal,1,4,1,0,0.0052152910647050455,0.006512622952036758,1800,1364,9,9,25.000000000000206,0.0,0.07335039146216692,0.015065678076452647,[0.045 0.045 0.045 0.045 0.045 0.045 0.045 0.045],436,0,0,1.1500129173606863,0.014511851087797761,0.005241298745427909,0.0006048381053156025,0.18807118209363047,3,1,2,3,1.8911444834965008,0.20536054495120337,0.1331835187436303,0.04504559948780675,6.505575306335808,3.2282933565128706,0.8938668455256996,468,468,0.6-F2.0,full,1,1,0.0002041991111111114,0.00041768000000000024,1,0,1,0,0,0.03,0.00010083333333333355,0.00020624999999999975,1,0.5794694136353661,0.44922515175321687,0.0,0.0,0.0,0.0,0.0,0.0,0,0,0,0,0.0,1.0,0,0,6,0,1,1,0,468,468,0.6.1-D1.4,off,1,0,0,0,0,0,0.0,0.0,0.0,0.0,0,0,0.0,0.0,0,0,0,0,0,0.0,0,0.0,468,0,0,0.8,0.0,0.0,1.0,0.0,0,0,0,0,0.0,0.0,0,0,0,1.0,0.0,0.0,0.0,0.0,0,0,0.0,468,4.895757777779357e-05,0.0,0,0,0,0,0,0,0.0,0.0,0.0,0.0,1,0,0.6.2-M1.0,efficient4,4,0,0.0,0.0,0.0010461600000000013,0.0,0.005483684800000001,1.2600000000000005e-05,0.0,5.662800000000002e-05,0.006529844800000002,6.922800000000002e-05,468,26.0,25.477071129495556,1.8911444834965008,468,True,-1.3011970072085433e-05,confirmation,efficient4,6.027212381362915,,,,,,,,,,,,,,
SOMA-CELL 0.6.2,6305,26.000000000000234,1,0,0,0,0,0.990200586102084,0.990200586102084,0.0,0.6707057398390603,5.699734487952448e-18,1.5441120323146267,0.0,440,0.0,0.0,0.3210403134847513,0.0,4.018819551855302,0.4824208701016475,17.16200931497423,-1.1332401463448605e-05,0.0,0.03472958672687881,0,0,0,624.0,624,1,1,39.0,1.8201227276823506,1.5635040869512307,0,1,1,0.05555555555555555,0.0,0,0,0,0,0,0,0,0.010586258359549872,0.010586258359549872,1.0586258359549872,0.04135535084568806,0.9929745769587863,0.015734024905250128,0.005968329789247566,0.017923644715362855,0.00010503689453485826,0.0,0.033006445284785815,0.02304269339846768,0.016425732422062234,0.0,0,0.0,26.000000000000234,0.1,pulsed,0,0,0,,0.24538367551461798,0.1260928227700355,0.0,0.0,0.0,0.0,0.0,0,0,-0.07671790014943515,-0.014215483161907802,-9.63058344800376e-09,0.4577234305095864,0.36098624756700637,0.11428571428571428,0.11428571428571428,0.11428571428571428,0.0,0.03219463523045731,0.0068944487848952045,0.02517160581140718,3.064926487672537e-05,4.0,12.0,patchy,150.0,0,0.0,0.32203425902613075,0.21087844483683607,0.3399513834388283,0.21402999645222237,0,0.0,0.0,0.0,0,0.0,0,0,0,0,0,0,0.0,0.0,0,0,0,0,0,0.0,0.0,0.0,0,0,0.6-P0.2,5,0.06471910531470519,0.00848865597984861,1.3025909861187803,0.11087690864906381,9.394244444448432e-05,0.037575204910066,4405,296,450,0,0,0.04323648648939664,0.067640422159667,9.394244444448432e-05,0.0,0.03465388806510401,0.0029213168449619925,0.0,937,0.6-P1.1,none,native,0,0,0,0,0,0.0,0.0,0.0,0.0,0.0,0,0.0,0,0,0.6-P2.2,full,cue_reversal,1,4,1,0,0.011483682356651287,0.011195509237377678,1800,1336,8,8,25.000000000000206,0.0,0.07296166931784046,0.012806250656452333,[0.045 0.045 0.045 0.045 0.045 0.045 0.045 0.045],160,0,0,0.8193198538034566,0.0056558016299389806,0.002921316844961992,6.601186571144294e-05,0.11619021194238115,3,1,2,3,0.03907129461052161,0.025189395216238086,0.006874336126470745,0.1288175052218719,7.992812694916296,3.5931278039123913,1.0748283941885932,468,468,0.6-F2.0,full,1,1,2.9927333333333273e-05,6.121499999999988e-05,1,0,1,0,0,0.03,0.0,0.0,1,0.11687285969251474,0.060639547790995924,0.0,0.78,0.0,0.78,0.0,0.0,1,1,0,0,0.0,1.0,0,0,7,0,1,1,0,468,468,0.6.1-D1.4,off,1,0,0,0,0,0,0.0,0.0,0.0,0.0,0,0,0.0,0.0,0,0,0,0,0,0.0,0,0.0,468,0,0,0.8,0.0,0.0,1.0,0.0,0,0,0,0,0.0,0.0,0,0,0,1.0,0.0,0.0,0.0,0.0,0,0,0.0,468,9.394244444448432e-05,0.0,0,0,0,0,0,0,0.0,0.0,0.0,0.0,1,0,0.6.2-M1.0,efficient4,4,0,0.0,0.0,0.0010412320000000013,0.0,0.0053440000000000015,2.5200000000000004e-06,0.0,0.0,0.006385232000000003,2.5200000000000004e-06,468,26.0,18.25944347472626,0.03907129461052161,468,True,-1.1332401463448605e-05,confirmation,efficient4,6.197020769119263,,,,,,,,,,,,,,
SOMA-CELL 0.6.2,6306,26.000000000000234,1,0,0,0,0,0.9983339187752058,0.9983339187752058,0.9752180276560872,0.7962386478746258,0.5553928305601805,1.9044162943458287,0.0,440,0.0,0.0,1.2194408134500896,0.0,5.110081711104936,1.5630336104203317,17.132513037211847,-1.4170916216471596e-05,0.0,0.0392151695734927,0,0,0,624.0,624,1,1,39.0,2.2938154058610007,2.4311106374532705,0,1,1,0.05555555555555555,0.0,0,0,0,0,0,0,0,0.018051149926950925,0.018051149926950925,1.8051149926950925,0.06476756343279953,0.9990909801136063,0.0055903695579570456,0.0010105882918976438,0.08194944852400753,3.1460728372132784e-05,0.00015545112417437158,0.07518788036463003,0.04835989542463147,0.016467328605965358,0.0,0,0.0,26.000000000000234,0.1,pulsed,0,0,0,,0.9826628581482966,-0.016035127521966105,0.0,0.0,0.0,0.0,0.0,0,11,-0.01783239980490147,-0.019074537873959047,9.650089046646942e-09,0.8091369574653317,0.8382526064289355,0.11428571428571428,0.11428571428571428,0.11428571428571428,0.0,1.6280479407221122,0.3893944140163078,0.24763650179189434,1.2983033315663861e-05,4.0,12.0,patchy,150.0,0,0.0,0.4157023871757103,0.36092553721924625,0.02599698449766453,0.5617827648812428,0,0.0,0.0,0.0,0,0.0,0,0,0,0,0,0,0.0,0.0,0,0,0,0,0,0.0,0.0,0.0,0,0,0.6-P0.2,5,0.06798381786758992,0.011915927612876201,0.23416633023137537,0.12313451663522482,5.548791111113045e-05,0.04317928324364799,3195,162,450,0,0,0.051080835420393184,0.07205368121483105,5.548791111113045e-05,0.0,0.039109419896406206,0.004069863347241783,0.0,937,0.6-P1.1,none,native,0,0,0,0,0,0.0,0.0,0.0,0.0,0.0,0,0.0,0,0,0.6-P2.2,full,cue_reversal,1,4,1,0,0.00478633954651042,0.006215601230758728,1800,1336,9,9,25.000000000000206,0.0,0.06966112866273716,0.017211312986982575,[0.045 0.045 0.045 0.045 0.045 0.045 0.045 0.045],308,0,0,0.8855893924372932,0.009637396864725846,0.0040698633472417796,0.0006310509338009683,0.19634372566576191,3,1,2,3,1.9948725147880964,0.2702063417422177,0.15923024588766285,0.042623776772008785,6.396962781045353,3.2106357801464354,0.8517991544947903,468,468,0.6-F2.0,full,1,1,0.00021244177777777844,0.0004345400000000007,1,0,1,0,0,0.03,0.00011923755555555575,0.0002438949999999996,1,0.5532993929282499,0.5311058723391229,0.0,0.0,0.0,0.0,0.0,0.0,0,0,0,0,0.0,1.0,0,0,6,0,1,1,0,468,468,0.6.1-D1.4,off,1,0,0,0,0,0,0.0,0.0,0.0,0.0,0,0,0.0,0.0,0,0,0,0,0,0.0,0,0.0,468,0,0,0.8,0.0,0.0,1.0,0.0,0,0,0,0,0.0,0.0,0,0,0,1.0,0.0,0.0,0.0,0.0,0,0,0.0,468,5.548791111113045e-05,0.0,0,0,0,0,0,0,0.0,0.0,0.0,0.0,1,0,0.6.2-M1.0,efficient4,4,0,0.0,0.0,0.0010464680000000014,0.0,0.005370329600000001,1.3230000000000005e-05,0.0,5.385600000000002e-05,0.006416797600000003,6.708600000000003e-05,468,26.0,25.505867184434,1.9948725147880964,468,True,-1.4170916216471596e-05,confirmation,efficient4,6.3968119621276855,,,,,,,,,,,,,,
SOMA-CELL 0.6.2,6301,26.000000000000234,1,0,0,0,0,0.9985915067077473,0.9985915067077473,0.18231081942787625,0.7315063029077062,0.40193879071855815,1.7238943754466847,0.0,440,0.0,0.0,0.7447293575442726,0.0,4.397102286182119,1.0253084567400674,17.143036984675135,-1.2909413015904647e-05,0.0,0.019763795489584575,0,0,0,624.0,624,1,1,39.0,2.070210860086749,1.9882053856228696,0,1,1,0.05555555555555555,0.0,0,0,0,0,0,0,0,0.006434251350131945,0.006434251350131945,0.6434251350131945,0.02428452360134609,0.9993674200343605,0.005056988358243851,0.0008542340311090559,0.0251408009131547,3.863070775751957e-05,0.00012233214846962386,0.056975385194741816,0.03521777496352415,0.015902141812374787,0.0,0,0.0,26.000000000000234,0.1,pulsed,0,0,0,,0.8955452140042296,-0.19686980547666164,0.0,0.0,0.0,0.0,0.0,0,4,-0.23706495480389564,-0.06446027364833584,7.714580158257558e-08,0.8096626536926252,0.7297271384379349,0.11428571428571428,0.11428571428571428,0.11428571428571428,0.0,0.7599961801766177,0.16993961589119175,0.07448768165181308,3.676079282809164e-05,4.0,12.0,patchy,150.0,0,0.0,0.47021882653227587,0.044591553110341506,0.33626552446018465,0.3510265638006614,0,0.0,0.0,0.0,0,0.0,0,0,0,0,0,0,0.0,0.0,0,0,0,0,0,0.0,0.0,0.0,0,0,0.6-P0.2,3,0.041217852874897036,0.007996252814869587,0.23019842396693257,0.07078364503048118,0.00011174406238915937,0.02145779527832595,2248,180,450,0,0,0.027746518950659486,0.0430371260798216,0.00011174406238915937,0.0,0.01963852207340118,0.0018192732049247698,0.0,937,0.6-P1.1,none,native,0,0,0,0,0,0.0,0.0,0.0,0.0,0.0,0,0.0,0,0,0.6-P2.2,full,cue_reversal,1,2,1,0,0.004052618926424354,0.004812363248972299,900,652,8,8,25.000000000000206,0.0,0.07153276628028164,0.009320559732297165,[0.0225 0.0225 0.0225 0.0225 0.0225 0.0225 0.0225 0.0225],46,0,0,0.4422910940476177,0.00245211613092242,0.0018192732049247707,0.0001800914806649738,0.1005731107568683,3,1,2,3,0.9299074267254159,0.07451605099420675,0.017565392348034236,0.11503033440845471,7.265016852695685,3.430097070709075,1.0255123183481871,468,468,0.6-F2.0,full,1,1,0.00010338533333333373,0.0002114700000000011,1,0,0,1,0,0.975618252209786,6.5926666666665535e-06,1.3484999999999848e-05,1,0.010956929548877326,0.010956929548877326,0.0,0.78,0.0,0.78,0.0,0.0,1,1,0,0,0.0,1.0,0,0,5,0,1,1,0,468,468,0.6.1-D1.4,off,1,0,0,0,0,0,0.0,0.0,0.0,0.0,0,0,0.0,0.0,0,0,0,0,0,0.0,0,0.0,468,0,0,0.8,0.0,0.0,1.0,0.0,0,0,0,0,0.0,0.0,0,0,0,1.0,0.0,0.0,0.0,0.0,0,0,0.0,468,0.00011174406238915937,0.0,0,0,0,0,0,0,0.0,0.0,0.0,0.0,0,0,0.6.2-M1.0,efficient2,2,0,0.0,0.0,0.0005220020000000008,0.0,0.0026142920000000007,4.095e-06,0.0,1.2870000000000004e-05,0.0031362940000000013,1.6965000000000004e-05,468,26.0,25.246737362808414,0.9299074267254159,468,True,-1.2909413015904647e-05,confirmation,efficient2,9.66429352760315,,,,,,,,,,,,,,
SOMA-CELL 0.6.2,6302,26.000000000000234,1,0,0,0,0,0.9909010197319947,0.9909010197319947,0.0,0.6670036110239586,2.961053844795223e-23,1.5408608818692964,0.0,440,0.0,0.0,0.3277736598140847,0.0,3.9808099228300877,0.4920716805428766,17.15589588169304,-1.198039854699573e-05,0.0,0.019579007679751806,0,0,0,624.0,624,1,1,39.0,1.806521740658311,1.536437194716795,0,1,1,0.05555555555555555,0.0,0,0,0,0,0,0,0,0.00869287078027452,0.00869287078027452,0.8692870780274521,0.03213168660671208,0.9936331601061709,0.014835964653456987,0.005539775043052953,0.010994543880438414,9.321980417332264e-05,0.0,0.034575406124707206,0.02332047311422116,0.017577662084992507,0.0,0,0.0,26.000000000000234,0.1,pulsed,0,0,0,,0.24547054594900733,0.12860423190280126,0.0,0.0,0.0,0.0,0.0,0,1,-0.02970584199200885,-0.03275767325922348,-1.7488641120628253e-09,0.2010844223568837,0.4504933838319673,0.11428571428571428,0.11428571428571428,0.11428571428571428,0.0,0.01205723086299656,1.7375656338010785e-05,0.029950026584163035,2.3554665902883465e-05,4.0,12.0,patchy,150.0,0,0.0,0.22001340771771544,0.314041083774917,0.3502493677457291,0.19378617666852052,0,0.0,0.0,0.0,0,0.0,0,0,0,0,0,0,0.0,0.0,0,0,0,0,0,0.0,0.0,0.0,0,0,0.6-P0.2,3,0.040293061409406805,0.006484385858844731,0.5912312581064146,0.06805344001811797,7.768608262907458e-05,0.0211983066672379,2654,256,450,0,0,0.026043276686126045,0.042010163331991895,7.768608262907458e-05,0.0,0.01948120474465278,0.0017171019225851218,0.0,937,0.6-P1.1,none,native,0,0,0,0,0,0.0,0.0,0.0,0.0,0.0,0,0.0,0,0,0.6-P2.2,full,cue_reversal,1,2,1,0,0.010918920676305703,0.01058968613678744,900,684,8,8,25.000000000000206,0.0,0.0752549309628893,0.008012861059716112,[0.0225 0.0225 0.0225 0.0225 0.0225 0.0225 0.0225 0.0225],44,0,0,0.4874796597407105,0.002321492331627755,0.0017171019225851235,3.499896326881349e-05,0.12126272097235243,3,1,2,3,0.012050392139864384,0.02997424096363322,0.001795899727496888,0.1464239527208805,8.012952959625078,3.6000113452791593,1.070049973415837,468,468,0.6-F2.0,full,1,1,3.083422222222216e-05,6.306999999999988e-05,0,0,0,0,0,0.0,0.0,0.0,0,0.0,0.0,0.0,0.78,0.0,0.78,0.0,0.0,1,1,0,0,0.0,1.0,0,0,4,0,0,0,0,468,468,0.6.1-D1.4,off,1,0,0,0,0,0,0.0,0.0,0.0,0.0,0,0,0.0,0.0,0,0,0,0,0,0.0,0,0.0,468,0,0,0.8,0.0,0.0,1.0,0.0,0,0,0,0,0.0,0.0,0,0,0,1.0,0.0,0.0,0.0,0.0,0,0,0.0,468,7.768608262907458e-05,0.0,0,0,0,0,0,0,0.0,0.0,0.0,0.0,0,0,0.6.2-M1.0,efficient2,2,0,0.0,0.0,0.0005206160000000007,0.0,0.0027360000000000006,1.2600000000000002e-06,0.0,0.0,0.0032566160000000012,1.2600000000000002e-06,468,26.0,18.840603500715854,0.012050392139864384,468,True,-1.198039854699573e-05,confirmation,efficient2,9.797672271728516,,,,,,,,,,,,,,
SOMA-CELL 0.6.2,6303,26.000000000000234,1,0,0,0,0,0.9986366364048447,0.9986366364048447,0.2671898406079734,0.7604728698454823,0.44791192264490415,1.800673865538619,0.0,440,0.0,0.0,0.7570437276656397,0.0,4.555956591975683,0.9966889639195831,17.15011394678833,-1.0673370006486493e-05,0.0,0.02232623532483105,0,0,0,624.0,624,1,1,39.0,2.1729308150246736,2.188604711631444,0,1,1,0.05555555555555555,0.0,0,0,0,0,0,0,0,0.004955406194310012,0.004955406194310012,0.49554061943100125,0.013888563785301495,0.9992873175316905,0.0048644276712076365,0.0008268447399323211,0.017811904610844132,3.596331547620209e-05,0.00012598434833440488,0.06051612502787311,0.03600397650125135,0.016221186330827142,0.0,0,0.0,26.000000000000234,0.1,pulsed,0,0,0,,0.930199913671594,-0.11785842437367959,0.0,0.0,0.0,0.0,0.0,0,8,-0.11429217174545102,-0.053669257433653354,1.2706838113063489e-08,0.7999538880323512,0.691152961685654,0.11428571428571428,0.11428571428571428,0.11428571428571428,0.0,0.894756099502183,0.18827618658787723,0.06953181877738444,1.7526892866159827e-05,4.0,12.0,patchy,150.0,0,0.0,0.4174563989499299,0.20396244712301984,0.14645404341113635,0.45565528421075363,0,0.0,0.0,0.0,0,0.0,0,0,0,0,0,0,0.0,0.0,0,0,0,0,0,0.0,0.0,0.0,0,0,0.6-P0.2,3,0.0415540903574192,0.00796633628490116,0.2417125627270542,0.07443860889377316,0.00012823232414300133,0.024789949927310442,2252,296,450,0,0,0.030336438037617697,0.04410217085615544,0.00012823232414300133,0.0,0.022241869428574132,0.002548080498736311,0.0,937,0.6-P1.1,none,native,0,0,0,0,0,0.0,0.0,0.0,0.0,0.0,0,0.0,0,0,0.6-P2.2,full,cue_reversal,1,2,1,0,0.0033318131284389907,0.004354782238466541,900,684,9,9,25.000000000000206,0.0,0.07054448765116327,0.0161741737920977,[0.0225 0.0225 0.0225 0.0225 0.0225 0.0225 0.0225 0.0225],146,0,0,0.6670256136238832,0.004868869261671113,0.002548080498736315,0.0001349120172657792,0.12146724760995645,3,1,2,3,1.0830150993343215,0.06954900553312314,0.029710043744306282,0.08728368794557617,7.155251863662554,3.4117483460078923,1.0304681812226157,468,468,0.6-F2.0,full,1,1,0.0001075751111111112,0.00022003999999999988,1,0,1,0,0,0.03,5.507333333333329e-05,0.00011265000000000011,1,0.6068800330540036,0.431972964248321,0.0,0.78,0.0,0.78,0.0,0.0,1,1,0,0,0.0,1.0,0,0,5,0,1,1,0,468,468,0.6.1-D1.4,off,1,0,0,0,0,0,0.0,0.0,0.0,0.0,0,0,0.0,0.0,0,0,0,0,0,0.0,0,0.0,468,0,0,0.8,0.0,0.0,1.0,0.0,0,0,0,0,0.0,0.0,0,0,0,1.0,0.0,0.0,0.0,0.0,0,0,0.0,468,0.00012823232414300133,0.0,0,0,0,0,0,0,0.0,0.0,0.0,0.0,1,0,0.6.2-M1.0,efficient2,2,0,0.0,0.0,0.0005216940000000007,0.0,0.0027412272000000007,3.465e-06,0.0,1.0692000000000004e-05,0.003262921200000001,1.4157000000000004e-05,468,26.0,25.00048687145796,1.0830150993343215,468,True,-1.0673370006486493e-05,confirmation,efficient2,9.97171401977539,,,,,,,,,,,,,,
SOMA-CELL 0.6.2,6304,26.000000000000234,1,0,0,0,0,0.9984327130180257,0.9984327130180257,0.9872883711040539,0.7956573462910886,0.5619075330042388,1.8915829553787715,0.0,440,0.0,0.0,1.1816800922554023,0.0,5.049010713049972,1.5174142687516785,17.134246924862154,-1.3487060360972691e-05,0.0,0.02545252960227428,0,0,0,624.0,624,1,1,39.0,2.2933483768393477,2.427002710032521,0,1,1,0.05555555555555555,0.0,0,0,0,0,0,0,0,0.014011007905077965,0.014011007905077965,1.4011007905077966,0.04532634487919316,0.999129344675501,0.005375858395316607,0.0009506160369789415,0.06210129452656588,3.081133973939923e-05,0.00014873807716781,0.07552284987450529,0.047614405029113446,0.016649402113584077,0.0,0,0.0,26.000000000000234,0.1,pulsed,0,0,0,,0.9829014346941828,-0.015543076721855963,0.0,0.0,0.0,0.0,0.0,0,9,-0.016877171185150468,-0.018040059721179127,1.0447775862728865e-07,0.8090283283655221,0.7727606483950032,0.11428571428571428,0.11428571428571428,0.11428571428571428,0.0,1.588609358320923,0.3762228286203964,0.19184539179468915,4.256287551229754e-05,4.0,12.0,patchy,150.0,0,0.0,0.43588656577135343,0.3318532637246682,0.04998459020529209,0.5575170200152347,0,0.0,0.0,0.0,0,0.0,0,0,0,0,0,0,0.0,0.0,0,0,0,0,0,0.0,0.0,0.0,0,0,0.6-P0.2,3,0.04221361080064559,0.00795892799989916,0.15583110415241802,0.07898876039259875,1.9021243625060372e-05,0.028797200348429523,2104,56,450,0,0,0.033316803037206,0.045671957355392784,1.9021243625060372e-05,0.0,0.025338853793682198,0.003458346554747327,0.0,937,0.6-P1.1,none,native,0,0,0,0,0,0.0,0.0,0.0,0.0,0.0,0,0.0,0,0,0.6-P2.2,full,cue_reversal,1,2,1,0,0.005017158053504618,0.008144437342091729,900,680,8,8,25.000000000000206,0.0,0.07661608016879967,0.016255286150357054,[0.0225 0.0225 0.0225 0.0225 0.0225 0.0225 0.0225 0.0225],300,0,0,0.7444824832424751,0.007810428161273128,0.0034583465547473264,0.000330921716985122,0.18380662029601388,3,1,2,3,1.9648033750189033,0.19187420371710517,0.13792975039164024,0.04428401396462039,6.436401958579132,3.2238094209866848,0.9076105634946894,468,468,0.6-F2.0,full,1,1,0.000220928888888889,0.00045190000000000025,1,1,0,0,0,0.03,0.00011132000000000016,0.00022769999999999987,1,0.11668046131625619,0.016488012649112652,1.0,0.78,0.0,0.78,0.0,0.0,1,1,0,0,0.0,1.0,0,0,5,0,1,1,0,468,468,0.6.1-D1.4,off,1,0,0,0,0,0,0.0,0.0,0.0,0.0,0,0,0.0,0.0,0,0,0,0,0,0.0,0,0.0,468,0,0,0.8,0.0,0.0,1.0,0.0,0,0,0,0,0.0,0.0,0,0,0,1.0,0.0,0.0,0.0,0.0,0,0,0.0,468,1.9021243625060372e-05,0.0,0,0,0,0,0,0,0.0,0.0,0.0,0.0,0,0,0.6.2-M1.0,efficient2,2,0,0.0,0.0,0.0005232340000000007,0.0,0.0027337456000000007,6.615000000000003e-06,0.0,2.811600000000001e-05,0.003256979600000001,3.473100000000001e-05,468,26.0,25.50361963372863,1.9648033750189033,468,True,-1.3487060360972691e-05,confirmation,efficient2,10.363948583602905,,,,,,,,,,,,,,
SOMA-CELL 0.6.2,6305,26.000000000000234,1,0,0,0,0,0.9910816076889913,0.9910816076889913,0.0,0.668367655442372,3.47339643033466e-23,1.5442213896804489,0.0,440,0.0,0.0,0.3284481917582997,0.0,3.9850697485465316,0.4931938868177137,17.161635971882532,-1.0749334517612397e-05,0.0,0.019969358324153325,0,0,0,624.0,624,1,1,39.0,1.8122698136861006,1.5457937882324486,0,1,1,0.05555555555555555,0.0,0,0,0,0,0,0,0,0.008055976710259306,0.008055976710259306,0.8055976710259306,0.029032912186311842,0.9937649299094331,0.014592028579734547,0.005429332857079046,0.008409450062311039,9.04568720278502e-05,0.0,0.03453438743170512,0.02309316976175156,0.01645267957552607,0.0,0,0.0,26.000000000000234,0.1,pulsed,0,0,0,,0.2454918057700087,0.12867572351356346,0.0,0.0,0.0,0.0,0.0,0,1,-0.026978824217518352,-0.04195892720400622,-3.9864493550137835e-09,0.22961067066591512,0.4392547842927092,0.11428571428571428,0.11428571428571428,0.11428571428571428,0.0,0.013015009914859304,1.5729496976634295e-05,0.028634552389468246,4.753026437540053e-05,4.0,12.0,patchy,150.0,0,0.0,0.331106101643809,0.21005838937471785,0.35351302319436934,0.2049007562807863,0,0.0,0.0,0.0,0,0.0,0,0,0,0,0,0,0.0,0.0,0,0,0,0,0,0.0,0.0,0.0,0,0,0.6-P0.2,3,0.04024644702257635,0.0065173881429240535,0.62561954719733,0.06845816938081332,7.865853713123587e-05,0.021615675678182303,2770,259,450,0,0,0.026472260382699935,0.041985908998113323,7.865853713123587e-05,0.0,0.019876213702645255,0.0017394619755370475,0.0,937,0.6-P1.1,none,native,0,0,0,0,0,0.0,0.0,0.0,0.0,0.0,0,0.0,0,0,0.6-P2.2,full,cue_reversal,1,2,1,0,0.010806799654994715,0.010477290387873206,900,684,8,8,25.000000000000206,0.0,0.07473656965048603,0.010089408641610193,[0.0225 0.0225 0.0225 0.0225 0.0225 0.0225 0.0225 0.0225],104,0,0,0.4692033328461552,0.002716772519966395,0.0017394619755370451,3.473365827946379e-05,0.11620489098400127,3,1,2,3,0.013008969446097245,0.028656322355206938,0.0006092521717383308,0.13255034961958218,8.011995047714295,3.6000118411934614,1.0713654476105319,468,468,0.6-F2.0,full,1,1,3.083422222222216e-05,6.306999999999988e-05,0,0,0,0,0,0.0,0.0,0.0,0,0.0,0.0,0.0,0.78,0.0,0.78,0.0,0.0,1,1,0,0,0.0,1.0,0,0,3,0,0,0,0,468,468,0.6.1-D1.4,off,1,0,0,0,0,0,0.0,0.0,0.0,0.0,0,0,0.0,0.0,0,0,0,0,0,0.0,0,0.0,468,0,0,0.8,0.0,0.0,1.0,0.0,0,0,0,0,0.0,0.0,0,0,0,1.0,0.0,0.0,0.0,0.0,0,0,0.0,468,7.865853713123587e-05,0.0,0,0,0,0,0,0,0.0,0.0,0.0,0.0,0,0,0.6.2-M1.0,efficient2,2,0,0.0,0.0,0.0005206160000000007,0.0,0.0027360000000000006,1.2600000000000002e-06,0.0,0.0,0.0032566160000000012,1.2600000000000002e-06,468,26.0,18.840387612634377,0.013008969446097245,468,True,-1.0749334517612397e-05,confirmation,efficient2,8.27190613746643,,,,,,,,,,,,,,
SOMA-CELL 0.6.2,6306,26.000000000000234,1,0,0,0,0,0.9984297529843994,0.9984297529843994,1.0554936378443127,0.7995034832131575,0.564591088676148,1.9042572459745746,0.0,440,0.0,0.0,1.2429292459675334,0.0,5.065622319507142,1.5919706846026638,17.131880776557242,-1.4742462695949143e-05,0.0,0.023093652711833675,0,0,0,624.0,624,1,1,39.0,2.304651347450135,2.4497082883692656,0,1,1,0.05555555555555555,0.0,0,0,0,0,0,0,0,0.014362121707771658,0.014362121707771658,1.4362121707771658,0.04965267319183851,0.9991496538918118,0.005336252650926675,0.0009524128154792067,0.0639248411642793,2.968289660195882e-05,0.00014816611309058906,0.07352638144187586,0.04853385706431363,0.016481286601681903,0.0,0,0.0,26.000000000000234,0.1,pulsed,0,0,0,,0.9838867573018059,-0.014368028452201238,0.0,0.0,0.0,0.0,0.0,0,11,-0.01671958095886759,-0.01779716493795608,6.443534033305685e-08,0.8094586289886817,0.8171600407421159,0.11428571428571428,0.11428571428571428,0.11428571428571428,0.0,1.6545076604763398,0.3836220352600817,0.21230362418545354,3.160604292787306e-05,4.0,12.0,patchy,150.0,0,0.0,0.41497811237219556,0.3617942860278782,0.025646639692092018,0.5618222041027898,0,0.0,0.0,0.0,0,0.0,0,0,0,0,0,0,0.0,0.0,0,0,0,0,0,0.0,0.0,0.0,0,0,0.6-P0.2,3,0.04230783949057435,0.007964364465035024,0.15596460433836584,0.07604455809233181,2.055166666667385e-05,0.025751802470056394,2126,62,450,0,0,0.03095214922533953,0.04509240886699233,2.055166666667385e-05,0.0,0.0229672330936383,0.0027845693764180935,0.0,937,0.6-P1.1,none,native,0,0,0,0,0,0.0,0.0,0.0,0.0,0.0,0,0.0,0,0,0.6-P2.2,full,cue_reversal,1,2,1,0,0.004165889370711544,0.006271103771545212,900,672,8,8,25.000000000000206,0.0,0.07033637566289125,0.016312330647656158,[0.0225 0.0225 0.0225 0.0225 0.0225 0.0225 0.0225 0.0225],178,0,0,0.5996332083634314,0.005466315362242599,0.002784569376418091,0.0003346111340148061,0.19547311632756417,3,1,2,3,2.038095134921984,0.21233818499989063,0.13380351326738057,0.04291699928543644,6.370505260724521,3.2164139193134433,0.8873685924094724,468,468,0.6-F2.0,full,1,1,0.00022395022222222255,0.0004580800000000004,1,1,0,0,0,0.03,0.00011938666666666688,0.0002441999999999998,1,0.317695848826145,0.3778824473477482,1.0,0.78,0.0,0.78,0.0,0.0,1,1,0,0,0.0,1.0,0,0,4,0,1,1,0,468,468,0.6.1-D1.4,off,1,0,0,0,0,0,0.0,0.0,0.0,0.0,0,0,0.0,0.0,0,0,0,0,0,0.0,0,0.0,468,0,0,0.8,0.0,0.0,1.0,0.0,0,0,0,0,0.0,0.0,0,0,0,1.0,0.0,0.0,0.0,0.0,0,0,0.0,468,2.055166666667385e-05,0.0,0,0,0,0,0,0,0.0,0.0,0.0,0.0,0,0,0.6.2-M1.0,efficient2,2,0,0.0,0.0,0.0005233880000000007,0.0,0.0027022296000000006,6.930000000000003e-06,0.0,2.9106000000000012e-05,0.003225617600000001,3.603600000000002e-05,468,26.0,25.525105376501045,2.038095134921984,468,True,-1.4742462695949143e-05,confirmation,efficient2,10.533134937286377,,,,,,,,,,,,,,
SOMA-CELL 0.6.2,6301,26.000000000000234,1,0,0,0,0,0.9986234141293556,0.9986234141293556,0.3272715133040017,0.702609547205799,0.47335346754676166,1.7338053534058362,0.0,440,0.0,0.0,0.774161230284357,0.0,4.161925930621173,1.067538539784181,16.899694869627623,-1.3001093414288789e-05,0.0,9.03887221162043e-05,0,0,0,496.0,496,1,1,31.0,2.1411986081136227,2.1238855787003157,0,1,1,0.05555555555555555,0.0,0,0,0,0,0,0,0,0.005414637005963217,0.005414637005963217,0.5414637005963217,0.020182660129000104,0.9993913900408395,0.004936833604527518,0.0008348692335821845,0.020214311851684198,3.6198738760942646e-05,0.000119610175509248,0.05627499532823668,0.03509189902094466,0.016092947698612407,0.0,0,0.0,26.000000000000234,0.1,pulsed,0,0,0,,0.9468686953870767,-0.07505409492248091,0.0,0.0,0.0,0.0,0.0,0,5,-0.10237164114728196,-0.030444138532804345,3.3713877518765544e-08,0.8104146064104767,0.7620642945106422,0.11428571428571428,0.11428571428571428,0.11428571428571428,0.0,0.7858576471000942,0.18992213927767077,0.07902304994023959,2.4201471697821164e-05,4.0,4.0,patchy,150.0,0,0.0,0.49303206751632944,0.01930980116863633,0.3365728754390436,0.37864520007428143,0,0.0,0.0,0.0,0,0.0,0,0,0,0,0,0,0.0,0.0,0,0,0,0,0,0.0,0.0,0.0,0,0,0.6-P0.2,0,0.0,0.0,0.0,0.0,0.0,0.0,0,0,0,0,0,0.0,0.0,0.0,0.0,0.0,0.0,0.0,0,0.6-P1.1,none,native,0,0,0,0,0,0.0,0.0,0.0,0.0,0.0,0,0.0,0,0,0.6-P2.2,none,cue_reversal,0,0,0,0,0.0,0.0,0,0,0,0,0.0,0.0,0.0,0.0,[0. 0. 0. 0. 0. 0. 0. 0.],0,0,0,0.0,0.0,0.0,0.0,0.10486263120439496,3,1,2,3,0.9757625633616163,0.07904027295638832,0.013370527326939856,0.11476385529994698,7.239150683661115,3.410102765501393,1.0209769500597605,0,0,0.6-F2.0,full,0,0,0.0,0.0,0,0,0,0,0,0.0,0.0,0.0,0,0.0,0.0,0.0,0.0,0.0,0.0,0.0,0.0,0,0,0,0,0.0,0.0,0,0,0,0,0,0,0,0,0,0.6.1-D1.4,active,0,0,0,0,0,0,0.0,0.0,0.0,0.0,0,0,0.0,0.0,0,0,0,0,0,0.0,0,0.0,468,0,0,0.8,0.0,0.0,0.0,0.0,0,0,0,0,0.0,0.0,0,0,0,0.0,0.0,0.0,0.0,0.0,0,0,0.0,0,0.0,0.0,0,0,0,0,0,0,0.0,0.0,0.0,0.0,0,0,0.6.2-M1.0,no_tissue,0,0,0.0,0.0,0.0,0.0,0.0,0.0,0.0,0.0,0.0,0.0,468,26.0,25.41978121302855,0.9757625633616163,468,True,-1.3001093414288789e-05,confirmation,no_tissue,2.70756459236145,,,,,,,,,,,,,,
SOMA-CELL 0.6.2,6302,26.000000000000234,1,0,0,0,0,0.9932652148454646,0.9932652148454646,0.0,0.6375046268543446,5.973830679238807e-18,1.5406354169771435,0.0,440,0.0,0.0,0.335277292260002,0.0,3.715506974611242,0.47940672174340676,16.913441017884196,-9.973105303373586e-06,0.0,6.584042739931595e-05,0,0,0,496.0,496,1,1,31.0,1.8424395734813506,1.5908239086256413,0,1,1,0.05555555555555555,0.0,0,0,0,0,0,0,0,0.007233260419479197,0.007233260419479197,0.7233260419479197,0.02363514373882241,0.9954673855108788,0.01180920710459617,0.0040954946431168305,0.011591552939682424,6.11331039468348e-05,0.0,0.03925491572706915,0.022972257425986038,0.017550782703909935,0.0,0,0.0,26.000000000000234,0.1,pulsed,0,0,0,,0.24574773152814922,0.13654514150603436,0.0,0.0,0.0,0.0,0.0,0,1,-0.003921619042691687,-0.01686532060086371,9.961318454971126e-09,0.0973524575471868,0.3990690419137561,0.11428571428571428,0.11428571428571428,0.11428571428571428,0.0,0.005145384522474358,9.847616401128984e-06,0.026342372359554916,2.263265124516356e-05,4.0,4.0,patchy,150.0,0,0.0,0.2334232793309758,0.3041133150269276,0.35409268780165354,0.18651998326102964,0,0.0,0.0,0.0,0,0.0,0,0,0,0,0,0,0.0,0.0,0,0,0,0,0,0.0,0.0,0.0,0,0,0.6-P0.2,0,0.0,0.0,0.0,0.0,0.0,0.0,0,0,0,0,0,0.0,0.0,0.0,0.0,0.0,0.0,0.0,0,0.6-P1.1,none,native,0,0,0,0,0,0.0,0.0,0.0,0.0,0.0,0,0.0,0,0,0.6-P2.2,none,cue_reversal,0,0,0,0,0.0,0.0,0,0,0,0,0.0,0.0,0.0,0.0,[0. 0. 0. 0. 0. 0. 0. 0.],0,0,0,0.0,0.0,0.0,0.0,0.11402542636444778,3,1,2,3,0.005141712336136375,0.02635589216229403,0.002401487556429457,0.14382769430191783,8.044860786698866,3.600008907190235,1.0736576276404455,0,0,0.6-F2.0,full,0,0,0.0,0.0,0,0,0,0,0,0.0,0.0,0.0,0,0.0,0.0,0.0,0.0,0.0,0.0,0.0,0.0,0,0,0,0,0.0,0.0,0,0,0,0,0,0,0,0,0,0.6.1-D1.4,active,0,0,0,0,0,0,0.0,0.0,0.0,0.0,0,0,0.0,0.0,0,0,0,0,0,0.0,0,0.0,468,0,0,0.8,0.0,0.0,0.0,0.0,0,0,0,0,0.0,0.0,0,0,0,0.0,0.0,0.0,0.0,0.0,0,0,0.0,0,0.0,0.0,0,0,0,0,0,0,0.0,0.0,0.0,0.0,0,0,0.6.2-M1.0,no_tissue,0,0,0.0,0.0,0.0,0.0,0.0,0.0,0.0,0.0,0.0,0.0,468,26.0,20.586853965794653,0.005141712336136375,468,True,-9.973105303373586e-06,confirmation,no_tissue,1.5122449398040771,,,,,,,,,,,,,,
SOMA-CELL 0.6.2,6303,26.000000000000234,1,0,0,0,0,0.9986313845729909,0.9986313845729909,0.05210444598896904,0.71295899503541,0.22546707535610314,1.7597467382840173,0.0,440,0.0,0.0,0.611212005469599,0.0,4.130514527926846,0.8015345593206413,16.91089802943771,-9.110987615912336e-06,0.0,5.3458570533842056e-05,0,0,0,496.0,496,1,1,31.0,2.1826408070514116,2.206409684037881,0,1,1,0.05555555555555555,0.0,0,0,0,0,0,0,0,0.00544401276697146,0.00544401276697146,0.544401276697146,0.01443975511288051,0.9993927626309457,0.004884139866749978,0.0008300320221224924,0.02040525910539297,3.287721354777825e-05,0.0001204535493664049,0.05788851268361345,0.030471735283872793,0.016099369717470304,0.0,0,0.0,26.000000000000234,0.1,pulsed,0,0,0,,0.7317533066100819,-0.7382001546762263,0.0,0.0,0.0,0.0,0.0,0,5,-0.47381909352861573,-0.19813100025275876,6.822010967959091e-09,0.8031160213378482,0.5685790162000383,0.11428571428571428,0.11428571428571428,0.11428571428571428,0.0,0.6180099044253246,0.12648025104017566,0.05167974056514595,1.3348873290602858e-05,4.0,4.0,patchy,150.0,0,0.0,0.3939631964852589,0.19789357701761837,0.15465201898273592,0.4285459380676408,0,0.0,0.0,0.0,0,0.0,0,0,0,0,0,0,0.0,0.0,0,0,0,0,0,0.0,0.0,0.0,0,0,0.6-P0.2,0,0.0,0.0,0.0,0.0,0.0,0.0,0,0,0,0,0,0.0,0.0,0.0,0.0,0.0,0.0,0.0,0,0.6-P1.1,none,native,0,0,0,0,0,0.0,0.0,0.0,0.0,0.0,0,0.0,0,0,0.6-P2.2,none,cue_reversal,0,0,0,0,0.0,0.0,0,0,0,0,0.0,0.0,0.0,0.0,[0. 0. 0. 0. 0. 0. 0. 0.],0,0,0,0.0,0.0,0.0,0.0,0.12195045538563795,3,1,2,3,0.7444805466849607,0.05168934934568549,0.02880769046166853,0.0948262801602847,7.431994431358765,3.498534251396602,1.0483202594348542,0,0,0.6-F2.0,full,0,0,0.0,0.0,0,0,0,0,0,0.0,0.0,0.0,0,0.0,0.0,0.0,0.0,0.0,0.0,0.0,0.0,0,0,0,0,0.0,0.0,0,0,0,0,0,0,0,0,0,0.6.1-D1.4,active,0,0,0,0,0,0,0.0,0.0,0.0,0.0,0,0,0.0,0.0,0,0,0,0,0,0.0,0,0.0,468,0,0,0.8,0.0,0.0,0.0,0.0,0,0,0,0,0.0,0.0,0,0,0,0.0,0.0,0.0,0.0,0.0,0,0,0.0,0,0.0,0.0,0,0,0,0,0,0,0.0,0.0,0.0,0.0,0,0,0.6.2-M1.0,no_tissue,0,0,0.0,0.0,0.0,0.0,0.0,0.0,0.0,0.0,0.0,0.0,468,26.0,24.558190082310816,0.7444805466849607,468,True,-9.110987615912336e-06,confirmation,no_tissue,2.587226152420044,,,,,,,,,,,,,,
SOMA-CELL 0.6.2,6304,26.000000000000234,1,0,0,0,0,0.9984195539075935,0.9984195539075935,0.9439557214481463,0.7550780558184044,0.5568265154292118,1.8636648304196393,0.0,440,0.0,0.0,1.0697982800458083,0.0,4.703493961888514,1.3636745788950533,16.894279592571788,-1.1843433085800825e-05,0.0,7.799729876517528e-05,0,0,0,496.0,496,1,1,31.0,2.354631807030537,2.551718126431601,0,1,1,0.05555555555555555,0.0,0,0,0,0,0,0,0,0.0152863831012136,0.0152863831012136,1.52863831012136,0.050169144119030507,0.9991238965399105,0.005373628341329981,0.0009586038271382208,0.06846310749399374,3.0817758642100305e-05,0.00014785120641947982,0.0710632943354221,0.04423399658159247,0.016690939940548998,0.0,0,0.0,26.000000000000234,0.1,pulsed,0,0,0,,0.9822087556098904,-0.01572511918261856,0.0,0.0,0.0,0.0,0.0,0,9,-0.015547948878832393,-0.015668389723837453,5.176795140683045e-09,0.8067037351567108,0.7599470848167554,0.11428571428571428,0.11428571428571428,0.11428571428571428,0.0,1.4124849954085046,0.3388396738705723,0.17034691317491835,9.629259011989522e-06,4.0,4.0,patchy,150.0,0,0.0,0.43087674637656137,0.3541859347064291,0.03972471959736993,0.568088367742932,0,0.0,0.0,0.0,0,0.0,0,0,0,0,0,0,0.0,0.0,0,0,0,0,0,0.0,0.0,0.0,0,0,0.6-P0.2,0,0.0,0.0,0.0,0.0,0.0,0.0,0,0,0,0,0,0.0,0.0,0.0,0.0,0.0,0.0,0.0,0,0.6-P1.1,none,native,0,0,0,0,0,0.0,0.0,0.0,0.0,0.0,0,0.0,0,0,0.6-P2.2,none,cue_reversal,0,0,0,0,0.0,0.0,0,0,0,0,0.0,0.0,0.0,0.0,[0. 0. 0. 0. 0. 0. 0. 0.],0,0,0,0.0,0.0,0.0,0.0,0.18950228841724742,3,1,2,3,1.7513060049603695,0.1703655774936256,0.12539658069692797,0.049514609598627406,6.637522071152556,3.2611812776154077,0.9284077030202563,0,0,0.6-F2.0,full,0,0,0.0,0.0,0,0,0,0,0,0.0,0.0,0.0,0,0.0,0.0,0.0,0.0,0.0,0.0,0.0,0.0,0,0,0,0,0.0,0.0,0,0,0,0,0,0,0,0,0,0.6.1-D1.4,active,0,0,0,0,0,0,0.0,0.0,0.0,0.0,0,0,0.0,0.0,0,0,0,0,0,0.0,0,0.0,468,0,0,0.8,0.0,0.0,0.0,0.0,0,0,0,0,0.0,0.0,0,0,0,0.0,0.0,0.0,0.0,0.0,0,0,0.0,0,0.0,0.0,0,0,0,0,0,0,0.0,0.0,0.0,0.0,0,0,0.6.2-M1.0,no_tissue,0,0,0.0,0.0,0.0,0.0,0.0,0.0,0.0,0.0,0.0,0.0,468,26.0,25.49108302544068,1.7513060049603695,468,True,-1.1843433085800825e-05,confirmation,no_tissue,2.6775929927825928,,,,,,,,,,,,,,
SOMA-CELL 0.6.2,6305,26.000000000000234,1,0,0,0,0,0.9930192165480975,0.9930192165480975,0.0,0.6404440169303404,3.725788338594732e-18,1.562925311539033,0.0,440,0.0,0.0,0.3417175028939186,0.0,3.74955774584582,0.488475325760326,16.918937352638768,-1.0202252223479036e-05,0.0,6.22354669934283e-05,0,0,0,496.0,496,1,1,31.0,1.8549930320008314,1.6170434575206705,0,1,1,0.05555555555555555,0.0,0,0,0,0,0,0,0,0.0077499351133144545,0.0077499351133144545,0.7749935113314455,0.026450561448303437,0.9952591893461995,0.012126200000084674,0.004245614007290444,0.013306671089955669,6.229604639436403e-05,0.0,0.038839822371163776,0.023071507116650868,0.01670782577020228,0.0,0,0.0,26.000000000000234,0.1,pulsed,0,0,0,,0.24571809609530032,0.13554606286451026,0.0,0.0,0.0,0.0,0.0,0,1,-0.08931850726038619,-0.028448887445446838,8.063123574341575e-10,0.44971823429354024,0.46216910092859004,0.11428571428571428,0.11428571428571428,0.11428571428571428,0.0,0.030062210121837657,0.006908459554244999,0.03214757513950719,9.522898664016122e-06,4.0,4.0,patchy,150.0,0,0.0,0.31377804129434456,0.22781674633224677,0.354088991495602,0.19539220867156956,0,0.0,0.0,0.0,0,0.0,0,0,0,0,0,0,0.0,0.0,0,0,0,0,0,0.0,0.0,0.0,0,0,0.6-P0.2,0,0.0,0.0,0.0,0.0,0.0,0.0,0,0,0,0,0,0.0,0.0,0.0,0.0,0.0,0.0,0.0,0,0.6-P1.1,none,native,0,0,0,0,0,0.0,0.0,0.0,0.0,0.0,0,0.0,0,0,0.6-P2.2,none,cue_reversal,0,0,0,0,0.0,0.0,0,0,0,0,0.0,0.0,0.0,0.0,[0. 0. 0. 0. 0. 0. 0. 0.],0,0,0,0.0,0.0,0.0,0.0,0.11792398934246899,3,1,2,3,0.03695680683638868,0.032161437979201166,0.004021813500256686,0.13845700049474632,8.01994339999938,3.5931084561727484,1.0678524248604928,0,0,0.6-F2.0,full,0,0,0.0,0.0,0,0,0,0,0,0.0,0.0,0.0,0,0.0,0.0,0.0,0.0,0.0,0.0,0.0,0.0,0,0,0,0,0.0,0.0,0,0,0,0,0,0,0,0,0,0.6.1-D1.4,active,0,0,0,0,0,0,0.0,0.0,0.0,0.0,0,0,0.0,0.0,0,0,0,0,0,0.0,0,0.0,468,0,0,0.8,0.0,0.0,0.0,0.0,0,0,0,0,0.0,0.0,0,0,0,0.0,0.0,0.0,0.0,0.0,0,0,0.0,0,0.0,0.0,0,0,0,0,0,0,0.0,0.0,0.0,0.0,0,0,0.6.2-M1.0,no_tissue,0,0,0.0,0.0,0.0,0.0,0.0,0.0,0.0,0.0,0.0,0.0,468,26.0,20.36213412066403,0.03695680683638868,468,True,-1.0202252223479036e-05,confirmation,no_tissue,2.0727994441986084,,,,,,,,,,,,,,
SOMA-CELL 0.6.2,6306,26.000000000000234,1,0,0,0,0,0.9983727582853914,0.9983727582853914,1.0998913724493802,0.76979551913369,0.5666748343846028,1.894795299329995,0.0,440,0.0,0.0,1.2480407595358858,0.0,4.7906347308552775,1.6031474908326868,16.889278500587025,-1.4920216738545378e-05,0.0,9.194708399484358e-05,0,0,0,496.0,496,1,1,31.0,2.4060927487257295,2.6592223173976177,0,1,1,0.05555555555555555,0.0,0,0,0,0,0,0,0,0.017298859562342637,0.017298859562342637,1.7298859562342637,0.06168386048583751,0.9991512306330431,0.005463827138710908,0.0009870103699568566,0.07844294715499393,2.984865352023531e-05,0.00015083682211420872,0.07233332081831585,0.04750903795336294,0.016629209694424545,0.0,0,0.0,26.000000000000234,0.1,pulsed,0,0,0,,0.9844339547475436,-0.00975191206011766,0.0,0.0,0.0,0.0,0.0,0,11,-0.016553620039948494,-0.01712411068878715,4.017102977035544e-08,0.8097038382459375,0.831868966343132,0.11428571428571428,0.11428571428571428,0.11428571428571428,0.0,1.6058076837269202,0.38161370774587655,0.24186103868954834,2.642507775081626e-05,4.0,4.0,patchy,150.0,0,0.0,0.4134699594121935,0.3559307117141408,0.022659868319708256,0.5570732530335568,0,0.0,0.0,0.0,0,0.0,0,0,0,0,0,0,0.0,0.0,0,0,0,0,0,0.0,0.0,0.0,0,0,0.6-P0.2,0,0.0,0.0,0.0,0.0,0.0,0.0,0,0,0,0,0,0.0,0.0,0.0,0.0,0.0,0.0,0.0,0,0.6-P1.1,none,native,0,0,0,0,0,0.0,0.0,0.0,0.0,0.0,0,0.0,0,0,0.6-P2.2,none,cue_reversal,0,0,0,0,0.0,0.0,0,0,0,0,0.0,0.0,0.0,0.0,[0. 0. 0. 0. 0. 0. 0. 0.],0,0,0,0.0,0.0,0.0,0.0,0.1986190300753099,3,1,2,3,1.9874017510510142,0.2418806791113311,0.14407783789721895,0.04286802510595693,6.419200810822061,3.2184106988877486,0.8578847691892519,0,0,0.6-F2.0,full,0,0,0.0,0.0,0,0,0,0,0,0.0,0.0,0.0,0,0.0,0.0,0.0,0.0,0.0,0.0,0.0,0.0,0,0,0,0,0.0,0.0,0,0,0,0,0,0,0,0,0,0.6.1-D1.4,active,0,0,0,0,0,0,0.0,0.0,0.0,0.0,0,0,0.0,0.0,0,0,0,0,0,0.0,0,0.0,468,0,0,0.8,0.0,0.0,0.0,0.0,0,0,0,0,0.0,0.0,0,0,0,0.0,0.0,0.0,0.0,0.0,0,0,0.0,0,0.0,0.0,0,0,0,0,0,0,0.0,0.0,0.0,0.0,0,0,0.6.2-M1.0,no_tissue,0,0,0.0,0.0,0.0,0.0,0.0,0.0,0.0,0.0,0.0,0.0,468,26.0,25.553853267912878,1.9874017510510142,468,True,-1.4920216738545378e-05,confirmation,no_tissue,2.7682392597198486,,,,,,,,,,,,,,
,6501,,,,,,,,,,,,,,,,,,,,,,,,,,,,,,,,,,,,,,,,,,,,,,,,,,,,,,,,,,,,,,,,,,,,,,,,,,,,,,,,,,,,,,,,,,,,,,,,,,,,,,,,,,,,,,,,,,,,,,,,,,,,,,,,,,,,,,,,,,,,,,,,,,,,,,,,,,,,,,,,,,,,,,,,,,,,,,,,,,,,,,,,,,,,,,,,,,,,,,,,,,,,,,,,,,,,,,,,,,,,,,,,,,,,,,,,,,,,,,,,,,,,,,,,,,,,,,,,,,,,,,,,,,,,,,,,,,,,,,,,,,,,,,,,,,,,,,,,,,,,,,,,,,,,,,,,,,,,,,,,,,,,1,,stable,efficient4,8.517326831817627,0,0,0.9717280773336773,-2.7801479447475685e-06,,,,,,,,,,
,6502,,,,,,,,,,,,,,,,,,,,,,,,,,,,,,,,,,,,,,,,,,,,,,,,,,,,,,,,,,,,,,,,,,,,,,,,,,,,,,,,,,,,,,,,,,,,,,,,,,,,,,,,,,,,,,,,,,,,,,,,,,,,,,,,,,,,,,,,,,,,,,,,,,,,,,,,,,,,,,,,,,,,,,,,,,,,,,,,,,,,,,,,,,,,,,,,,,,,,,,,,,,,,,,,,,,,,,,,,,,,,,,,,,,,,,,,,,,,,,,,,,,,,,,,,,,,,,,,,,,,,,,,,,,,,,,,,,,,,,,,,,,,,,,,,,,,,,,,,,,,,,,,,,,,,,,,,,,,,,,,,,,,1,,stable,efficient4,13.410207271575928,0,0,0.9715207147390124,-2.785134599392336e-06,,,,,,,,,,
,6503,,,,,,,,,,,,,,,,,,,,,,,,,,,,,,,,,,,,,,,,,,,,,,,,,,,,,,,,,,,,,,,,,,,,,,,,,,,,,,,,,,,,,,,,,,,,,,,,,,,,,,,,,,,,,,,,,,,,,,,,,,,,,,,,,,,,,,,,,,,,,,,,,,,,,,,,,,,,,,,,,,,,,,,,,,,,,,,,,,,,,,,,,,,,,,,,,,,,,,,,,,,,,,,,,,,,,,,,,,,,,,,,,,,,,,,,,,,,,,,,,,,,,,,,,,,,,,,,,,,,,,,,,,,,,,,,,,,,,,,,,,,,,,,,,,,,,,,,,,,,,,,,,,,,,,,,,,,,,,,,,,,,1,,stable,efficient4,15.801887512207031,0,0,0.971868845870588,-2.5157455016966423e-06,,,,,,,,,,
,6504,,,,,,,,,,,,,,,,,,,,,,,,,,,,,,,,,,,,,,,,,,,,,,,,,,,,,,,,,,,,,,,,,,,,,,,,,,,,,,,,,,,,,,,,,,,,,,,,,,,,,,,,,,,,,,,,,,,,,,,,,,,,,,,,,,,,,,,,,,,,,,,,,,,,,,,,,,,,,,,,,,,,,,,,,,,,,,,,,,,,,,,,,,,,,,,,,,,,,,,,,,,,,,,,,,,,,,,,,,,,,,,,,,,,,,,,,,,,,,,,,,,,,,,,,,,,,,,,,,,,,,,,,,,,,,,,,,,,,,,,,,,,,,,,,,,,,,,,,,,,,,,,,,,,,,,,,,,,,,,,,,,,1,,stable,efficient4,9.793793678283691,0,0,0.9714870043108762,-2.054595448441887e-06,,,,,,,,,,
,6505,,,,,,,,,,,,,,,,,,,,,,,,,,,,,,,,,,,,,,,,,,,,,,,,,,,,,,,,,,,,,,,,,,,,,,,,,,,,,,,,,,,,,,,,,,,,,,,,,,,,,,,,,,,,,,,,,,,,,,,,,,,,,,,,,,,,,,,,,,,,,,,,,,,,,,,,,,,,,,,,,,,,,,,,,,,,,,,,,,,,,,,,,,,,,,,,,,,,,,,,,,,,,,,,,,,,,,,,,,,,,,,,,,,,,,,,,,,,,,,,,,,,,,,,,,,,,,,,,,,,,,,,,,,,,,,,,,,,,,,,,,,,,,,,,,,,,,,,,,,,,,,,,,,,,,,,,,,,,,,,,,,,1,,stable,efficient4,8.465401649475098,0,0,0.9720897863144483,-2.261841730799574e-06,,,,,,,,,,
,6506,,,,,,,,,,,,,,,,,,,,,,,,,,,,,,,,,,,,,,,,,,,,,,,,,,,,,,,,,,,,,,,,,,,,,,,,,,,,,,,,,,,,,,,,,,,,,,,,,,,,,,,,,,,,,,,,,,,,,,,,,,,,,,,,,,,,,,,,,,,,,,,,,,,,,,,,,,,,,,,,,,,,,,,,,,,,,,,,,,,,,,,,,,,,,,,,,,,,,,,,,,,,,,,,,,,,,,,,,,,,,,,,,,,,,,,,,,,,,,,,,,,,,,,,,,,,,,,,,,,,,,,,,,,,,,,,,,,,,,,,,,,,,,,,,,,,,,,,,,,,,,,,,,,,,,,,,,,,,,,,,,,,1,,stable,efficient4,8.830758094787598,0,0,0.9717576114907541,-2.4307294577141647e-06,,,,,,,,,,
,6507,,,,,,,,,,,,,,,,,,,,,,,,,,,,,,,,,,,,,,,,,,,,,,,,,,,,,,,,,,,,,,,,,,,,,,,,,,,,,,,,,,,,,,,,,,,,,,,,,,,,,,,,,,,,,,,,,,,,,,,,,,,,,,,,,,,,,,,,,,,,,,,,,,,,,,,,,,,,,,,,,,,,,,,,,,,,,,,,,,,,,,,,,,,,,,,,,,,,,,,,,,,,,,,,,,,,,,,,,,,,,,,,,,,,,,,,,,,,,,,,,,,,,,,,,,,,,,,,,,,,,,,,,,,,,,,,,,,,,,,,,,,,,,,,,,,,,,,,,,,,,,,,,,,,,,,,,,,,,,,,,,,,1,,stable,efficient4,17.703420162200928,0,0,0.9713022424376188,-2.123275708143524e-06,,,,,,,,,,
,6508,,,,,,,,,,,,,,,,,,,,,,,,,,,,,,,,,,,,,,,,,,,,,,,,,,,,,,,,,,,,,,,,,,,,,,,,,,,,,,,,,,,,,,,,,,,,,,,,,,,,,,,,,,,,,,,,,,,,,,,,,,,,,,,,,,,,,,,,,,,,,,,,,,,,,,,,,,,,,,,,,,,,,,,,,,,,,,,,,,,,,,,,,,,,,,,,,,,,,,,,,,,,,,,,,,,,,,,,,,,,,,,,,,,,,,,,,,,,,,,,,,,,,,,,,,,,,,,,,,,,,,,,,,,,,,,,,,,,,,,,,,,,,,,,,,,,,,,,,,,,,,,,,,,,,,,,,,,,,,,,,,,,1,,stable,efficient4,8.44452953338623,0,0,0.9715680767291978,-2.437391621867846e-06,,,,,,,,,,
,6509,,,,,,,,,,,,,,,,,,,,,,,,,,,,,,,,,,,,,,,,,,,,,,,,,,,,,,,,,,,,,,,,,,,,,,,,,,,,,,,,,,,,,,,,,,,,,,,,,,,,,,,,,,,,,,,,,,,,,,,,,,,,,,,,,,,,,,,,,,,,,,,,,,,,,,,,,,,,,,,,,,,,,,,,,,,,,,,,,,,,,,,,,,,,,,,,,,,,,,,,,,,,,,,,,,,,,,,,,,,,,,,,,,,,,,,,,,,,,,,,,,,,,,,,,,,,,,,,,,,,,,,,,,,,,,,,,,,,,,,,,,,,,,,,,,,,,,,,,,,,,,,,,,,,,,,,,,,,,,,,,,,,1,,stable,efficient4,9.359753608703613,0,0,0.9720593951731556,-2.2398534280654303e-06,,,,,,,,,,
,6510,,,,,,,,,,,,,,,,,,,,,,,,,,,,,,,,,,,,,,,,,,,,,,,,,,,,,,,,,,,,,,,,,,,,,,,,,,,,,,,,,,,,,,,,,,,,,,,,,,,,,,,,,,,,,,,,,,,,,,,,,,,,,,,,,,,,,,,,,,,,,,,,,,,,,,,,,,,,,,,,,,,,,,,,,,,,,,,,,,,,,,,,,,,,,,,,,,,,,,,,,,,,,,,,,,,,,,,,,,,,,,,,,,,,,,,,,,,,,,,,,,,,,,,,,,,,,,,,,,,,,,,,,,,,,,,,,,,,,,,,,,,,,,,,,,,,,,,,,,,,,,,,,,,,,,,,,,,,,,,,,,,,1,,stable,efficient4,8.677007675170898,0,0,0.9715530078622409,-2.380821236158681e-06,,,,,,,,,,
,6501,,,,,,,,,,,,,,,,,,,,,,,,,,,,,,,,,,,,,,,,,,,,,,,,,,,,,,,,,,,,,,,,,,,,,,,,,,,,,,,,,,,,,,,,,,,,,,,,,,,,,,,,,,,,,,,,,,,,,,,,,,,,,,,,,,,,,,,,,,,,,,,,,,,,,,,,,,,,,,,,,,,,,,,,,,,,,,,,,,,,,,,,,,,,,,,,,,,,,,,,,,,,,,,,,,,,,,,,,,,,,,,,,,,,,,,,,,,,,,,,,,,,,,,,,,,,,,,,,,,,,,,,,,,,,,,,,,,,,,,,,,,,,,,,,,,,,,,,,,,,,,,,,,,,,,,,,,,,,,,,,,,,1,,stable,efficient2,7.937782287597656,0,0,0.9722243163011481,-2.519052376470654e-06,,,,,,,,,,
,6502,,,,,,,,,,,,,,,,,,,,,,,,,,,,,,,,,,,,,,,,,,,,,,,,,,,,,,,,,,,,,,,,,,,,,,,,,,,,,,,,,,,,,,,,,,,,,,,,,,,,,,,,,,,,,,,,,,,,,,,,,,,,,,,,,,,,,,,,,,,,,,,,,,,,,,,,,,,,,,,,,,,,,,,,,,,,,,,,,,,,,,,,,,,,,,,,,,,,,,,,,,,,,,,,,,,,,,,,,,,,,,,,,,,,,,,,,,,,,,,,,,,,,,,,,,,,,,,,,,,,,,,,,,,,,,,,,,,,,,,,,,,,,,,,,,,,,,,,,,,,,,,,,,,,,,,,,,,,,,,,,,,,1,,stable,efficient2,7.943474292755127,0,0,0.9719905561228119,-2.8309475812449136e-06,,,,,,,,,,
,6503,,,,,,,,,,,,,,,,,,,,,,,,,,,,,,,,,,,,,,,,,,,,,,,,,,,,,,,,,,,,,,,,,,,,,,,,,,,,,,,,,,,,,,,,,,,,,,,,,,,,,,,,,,,,,,,,,,,,,,,,,,,,,,,,,,,,,,,,,,,,,,,,,,,,,,,,,,,,,,,,,,,,,,,,,,,,,,,,,,,,,,,,,,,,,,,,,,,,,,,,,,,,,,,,,,,,,,,,,,,,,,,,,,,,,,,,,,,,,,,,,,,,,,,,,,,,,,,,,,,,,,,,,,,,,,,,,,,,,,,,,,,,,,,,,,,,,,,,,,,,,,,,,,,,,,,,,,,,,,,,,,,,1,,stable,efficient2,8.641324281692505,0,0,0.9720791702475551,-2.3525091474851934e-06,,,,,,,,,,
,6504,,,,,,,,,,,,,,,,,,,,,,,,,,,,,,,,,,,,,,,,,,,,,,,,,,,,,,,,,,,,,,,,,,,,,,,,,,,,,,,,,,,,,,,,,,,,,,,,,,,,,,,,,,,,,,,,,,,,,,,,,,,,,,,,,,,,,,,,,,,,,,,,,,,,,,,,,,,,,,,,,,,,,,,,,,,,,,,,,,,,,,,,,,,,,,,,,,,,,,,,,,,,,,,,,,,,,,,,,,,,,,,,,,,,,,,,,,,,,,,,,,,,,,,,,,,,,,,,,,,,,,,,,,,,,,,,,,,,,,,,,,,,,,,,,,,,,,,,,,,,,,,,,,,,,,,,,,,,,,,,,,,,1,,stable,efficient2,7.895440340042114,0,0,0.9720246267297307,-2.0803551930015374e-06,,,,,,,,,,
,6505,,,,,,,,,,,,,,,,,,,,,,,,,,,,,,,,,,,,,,,,,,,,,,,,,,,,,,,,,,,,,,,,,,,,,,,,,,,,,,,,,,,,,,,,,,,,,,,,,,,,,,,,,,,,,,,,,,,,,,,,,,,,,,,,,,,,,,,,,,,,,,,,,,,,,,,,,,,,,,,,,,,,,,,,,,,,,,,,,,,,,,,,,,,,,,,,,,,,,,,,,,,,,,,,,,,,,,,,,,,,,,,,,,,,,,,,,,,,,,,,,,,,,,,,,,,,,,,,,,,,,,,,,,,,,,,,,,,,,,,,,,,,,,,,,,,,,,,,,,,,,,,,,,,,,,,,,,,,,,,,,,,,1,,stable,efficient2,8.075905799865723,0,0,0.9724548226432179,-2.383293564278688e-06,,,,,,,,,,
,6506,,,,,,,,,,,,,,,,,,,,,,,,,,,,,,,,,,,,,,,,,,,,,,,,,,,,,,,,,,,,,,,,,,,,,,,,,,,,,,,,,,,,,,,,,,,,,,,,,,,,,,,,,,,,,,,,,,,,,,,,,,,,,,,,,,,,,,,,,,,,,,,,,,,,,,,,,,,,,,,,,,,,,,,,,,,,,,,,,,,,,,,,,,,,,,,,,,,,,,,,,,,,,,,,,,,,,,,,,,,,,,,,,,,,,,,,,,,,,,,,,,,,,,,,,,,,,,,,,,,,,,,,,,,,,,,,,,,,,,,,,,,,,,,,,,,,,,,,,,,,,,,,,,,,,,,,,,,,,,,,,,,,1,,stable,efficient2,8.059085845947266,0,0,0.9721039884239964,-2.267706287639726e-06,,,,,,,,,,
,6507,,,,,,,,,,,,,,,,,,,,,,,,,,,,,,,,,,,,,,,,,,,,,,,,,,,,,,,,,,,,,,,,,,,,,,,,,,,,,,,,,,,,,,,,,,,,,,,,,,,,,,,,,,,,,,,,,,,,,,,,,,,,,,,,,,,,,,,,,,,,,,,,,,,,,,,,,,,,,,,,,,,,,,,,,,,,,,,,,,,,,,,,,,,,,,,,,,,,,,,,,,,,,,,,,,,,,,,,,,,,,,,,,,,,,,,,,,,,,,,,,,,,,,,,,,,,,,,,,,,,,,,,,,,,,,,,,,,,,,,,,,,,,,,,,,,,,,,,,,,,,,,,,,,,,,,,,,,,,,,,,,,,1,,stable,efficient2,7.8883891105651855,0,0,0.9717710172158456,-1.992500774150585e-06,,,,,,,,,,
,6508,,,,,,,,,,,,,,,,,,,,,,,,,,,,,,,,,,,,,,,,,,,,,,,,,,,,,,,,,,,,,,,,,,,,,,,,,,,,,,,,,,,,,,,,,,,,,,,,,,,,,,,,,,,,,,,,,,,,,,,,,,,,,,,,,,,,,,,,,,,,,,,,,,,,,,,,,,,,,,,,,,,,,,,,,,,,,,,,,,,,,,,,,,,,,,,,,,,,,,,,,,,,,,,,,,,,,,,,,,,,,,,,,,,,,,,,,,,,,,,,,,,,,,,,,,,,,,,,,,,,,,,,,,,,,,,,,,,,,,,,,,,,,,,,,,,,,,,,,,,,,,,,,,,,,,,,,,,,,,,,,,,,1,,stable,efficient2,7.887741327285767,0,0,0.9720308002945404,-2.379370885208232e-06,,,,,,,,,,
,6509,,,,,,,,,,,,,,,,,,,,,,,,,,,,,,,,,,,,,,,,,,,,,,,,,,,,,,,,,,,,,,,,,,,,,,,,,,,,,,,,,,,,,,,,,,,,,,,,,,,,,,,,,,,,,,,,,,,,,,,,,,,,,,,,,,,,,,,,,,,,,,,,,,,,,,,,,,,,,,,,,,,,,,,,,,,,,,,,,,,,,,,,,,,,,,,,,,,,,,,,,,,,,,,,,,,,,,,,,,,,,,,,,,,,,,,,,,,,,,,,,,,,,,,,,,,,,,,,,,,,,,,,,,,,,,,,,,,,,,,,,,,,,,,,,,,,,,,,,,,,,,,,,,,,,,,,,,,,,,,,,,,,1,,stable,efficient2,8.296200037002563,0,0,0.9724006713260376,-2.4418844013496255e-06,,,,,,,,,,
,6510,,,,,,,,,,,,,,,,,,,,,,,,,,,,,,,,,,,,,,,,,,,,,,,,,,,,,,,,,,,,,,,,,,,,,,,,,,,,,,,,,,,,,,,,,,,,,,,,,,,,,,,,,,,,,,,,,,,,,,,,,,,,,,,,,,,,,,,,,,,,,,,,,,,,,,,,,,,,,,,,,,,,,,,,,,,,,,,,,,,,,,,,,,,,,,,,,,,,,,,,,,,,,,,,,,,,,,,,,,,,,,,,,,,,,,,,,,,,,,,,,,,,,,,,,,,,,,,,,,,,,,,,,,,,,,,,,,,,,,,,,,,,,,,,,,,,,,,,,,,,,,,,,,,,,,,,,,,,,,,,,,,,1,,stable,efficient2,8.071193933486938,0,0,0.9718976252707398,-2.203019086266522e-06,,,,,,,,,,
,6401,,,,,,,,,,,,,,,,,,,,,,,,,,,,,,,,,,,,,,,,,,,,,,,,,,,,,,,,,,,,,,,,,,,,,,,,,,,,,,,,,,,,,,,,,,,,,,,,,,,,,,,,,,,,,,,,,,,,,,,,,,,,,,,,,,,,,,,,,,,,,,,,,,,,,,,,,,,,,,,,,,,,,,,,,,,,,,,,,,,,,,,,,,,,,,,,,,,,,,,,,,,,,,,,,,,,,,,,,,,,,,,,,,,,,,,,,,,,,,,,,,,,,,,,,,,,,,,,,,,,,,,,,,,,,,,,,,,,,,,,,,,,,,,,,,,,,,,,,,,,,,,,,,,,,,,,,,,,,,,,,,,,1,,fault,full8,16.34441065788269,,,,,,,1,1,0.0011751624048521592,-0.004950194596337387,-0.004919416324822665,0.0,-2.4696838103466234e-06,-2.469868483956361e-06
,6402,,,,,,,,,,,,,,,,,,,,,,,,,,,,,,,,,,,,,,,,,,,,,,,,,,,,,,,,,,,,,,,,,,,,,,,,,,,,,,,,,,,,,,,,,,,,,,,,,,,,,,,,,,,,,,,,,,,,,,,,,,,,,,,,,,,,,,,,,,,,,,,,,,,,,,,,,,,,,,,,,,,,,,,,,,,,,,,,,,,,,,,,,,,,,,,,,,,,,,,,,,,,,,,,,,,,,,,,,,,,,,,,,,,,,,,,,,,,,,,,,,,,,,,,,,,,,,,,,,,,,,,,,,,,,,,,,,,,,,,,,,,,,,,,,,,,,,,,,,,,,,,,,,,,,,,,,,,,,,,,,,,,1,,fault,full8,15.680866956710815,,,,,,,1,1,0.0003967631244776726,-0.0004129586329548957,-0.0003634609159657437,0.0,-2.3669224571420955e-06,-2.3669442104079508e-06
,6403,,,,,,,,,,,,,,,,,,,,,,,,,,,,,,,,,,,,,,,,,,,,,,,,,,,,,,,,,,,,,,,,,,,,,,,,,,,,,,,,,,,,,,,,,,,,,,,,,,,,,,,,,,,,,,,,,,,,,,,,,,,,,,,,,,,,,,,,,,,,,,,,,,,,,,,,,,,,,,,,,,,,,,,,,,,,,,,,,,,,,,,,,,,,,,,,,,,,,,,,,,,,,,,,,,,,,,,,,,,,,,,,,,,,,,,,,,,,,,,,,,,,,,,,,,,,,,,,,,,,,,,,,,,,,,,,,,,,,,,,,,,,,,,,,,,,,,,,,,,,,,,,,,,,,,,,,,,,,,,,,,,,1,,fault,full8,15.915576934814453,,,,,,,1,1,0.001208648553024716,-0.0063764328069129,-0.0063576961212149785,0.0,-2.157118355938792e-06,-2.157284020753991e-06
,6404,,,,,,,,,,,,,,,,,,,,,,,,,,,,,,,,,,,,,,,,,,,,,,,,,,,,,,,,,,,,,,,,,,,,,,,,,,,,,,,,,,,,,,,,,,,,,,,,,,,,,,,,,,,,,,,,,,,,,,,,,,,,,,,,,,,,,,,,,,,,,,,,,,,,,,,,,,,,,,,,,,,,,,,,,,,,,,,,,,,,,,,,,,,,,,,,,,,,,,,,,,,,,,,,,,,,,,,,,,,,,,,,,,,,,,,,,,,,,,,,,,,,,,,,,,,,,,,,,,,,,,,,,,,,,,,,,,,,,,,,,,,,,,,,,,,,,,,,,,,,,,,,,,,,,,,,,,,,,,,,,,,,1,,fault,full8,15.57997727394104,,,,,,,1,1,0.0006962470748685945,-0.0038869550430394462,-0.0038729755924493264,0.0,-1.974524902692565e-06,-1.974553937245105e-06
,6405,,,,,,,,,,,,,,,,,,,,,,,,,,,,,,,,,,,,,,,,,,,,,,,,,,,,,,,,,,,,,,,,,,,,,,,,,,,,,,,,,,,,,,,,,,,,,,,,,,,,,,,,,,,,,,,,,,,,,,,,,,,,,,,,,,,,,,,,,,,,,,,,,,,,,,,,,,,,,,,,,,,,,,,,,,,,,,,,,,,,,,,,,,,,,,,,,,,,,,,,,,,,,,,,,,,,,,,,,,,,,,,,,,,,,,,,,,,,,,,,,,,,,,,,,,,,,,,,,,,,,,,,,,,,,,,,,,,,,,,,,,,,,,,,,,,,,,,,,,,,,,,,,,,,,,,,,,,,,,,,,,,,1,,fault,full8,16.062482357025146,,,,,,,1,1,0.0009311264472824377,-0.003421718757719597,-0.003402559021675744,0.0,-2.4209785092210723e-06,-2.421010831810122e-06
,6406,,,,,,,,,,,,,,,,,,,,,,,,,,,,,,,,,,,,,,,,,,,,,,,,,,,,,,,,,,,,,,,,,,,,,,,,,,,,,,,,,,,,,,,,,,,,,,,,,,,,,,,,,,,,,,,,,,,,,,,,,,,,,,,,,,,,,,,,,,,,,,,,,,,,,,,,,,,,,,,,,,,,,,,,,,,,,,,,,,,,,,,,,,,,,,,,,,,,,,,,,,,,,,,,,,,,,,,,,,,,,,,,,,,,,,,,,,,,,,,,,,,,,,,,,,,,,,,,,,,,,,,,,,,,,,,,,,,,,,,,,,,,,,,,,,,,,,,,,,,,,,,,,,,,,,,,,,,,,,,,,,,,1,,fault,full8,16.08373236656189,,,,,,,1,1,0.0008359158913044951,-0.004060940620987208,-0.004039698875912587,0.0,-2.346499128336177e-06,-2.3464297953523783e-06
,6401,,,,,,,,,,,,,,,,,,,,,,,,,,,,,,,,,,,,,,,,,,,,,,,,,,,,,,,,,,,,,,,,,,,,,,,,,,,,,,,,,,,,,,,,,,,,,,,,,,,,,,,,,,,,,,,,,,,,,,,,,,,,,,,,,,,,,,,,,,,,,,,,,,,,,,,,,,,,,,,,,,,,,,,,,,,,,,,,,,,,,,,,,,,,,,,,,,,,,,,,,,,,,,,,,,,,,,,,,,,,,,,,,,,,,,,,,,,,,,,,,,,,,,,,,,,,,,,,,,,,,,,,,,,,,,,,,,,,,,,,,,,,,,,,,,,,,,,,,,,,,,,,,,,,,,,,,,,,,,,,,,,,1,,fault,efficient4,12.311715602874756,,,,,,,0,0,0.0,0.0,0.0,0.0,-2.1020380511771464e-06,-2.1020380511771464e-06
,6402,,,,,,,,,,,,,,,,,,,,,,,,,,,,,,,,,,,,,,,,,,,,,,,,,,,,,,,,,,,,,,,,,,,,,,,,,,,,,,,,,,,,,,,,,,,,,,,,,,,,,,,,,,,,,,,,,,,,,,,,,,,,,,,,,,,,,,,,,,,,,,,,,,,,,,,,,,,,,,,,,,,,,,,,,,,,,,,,,,,,,,,,,,,,,,,,,,,,,,,,,,,,,,,,,,,,,,,,,,,,,,,,,,,,,,,,,,,,,,,,,,,,,,,,,,,,,,,,,,,,,,,,,,,,,,,,,,,,,,,,,,,,,,,,,,,,,,,,,,,,,,,,,,,,,,,,,,,,,,,,,,,,1,,fault,efficient4,13.7958083152771,,,,,,,0,0,0.0,0.0,0.0,0.0,-2.3260680777070775e-06,-2.3260680777070775e-06
,6403,,,,,,,,,,,,,,,,,,,,,,,,,,,,,,,,,,,,,,,,,,,,,,,,,,,,,,,,,,,,,,,,,,,,,,,,,,,,,,,,,,,,,,,,,,,,,,,,,,,,,,,,,,,,,,,,,,,,,,,,,,,,,,,,,,,,,,,,,,,,,,,,,,,,,,,,,,,,,,,,,,,,,,,,,,,,,,,,,,,,,,,,,,,,,,,,,,,,,,,,,,,,,,,,,,,,,,,,,,,,,,,,,,,,,,,,,,,,,,,,,,,,,,,,,,,,,,,,,,,,,,,,,,,,,,,,,,,,,,,,,,,,,,,,,,,,,,,,,,,,,,,,,,,,,,,,,,,,,,,,,,,,1,,fault,efficient4,12.629637002944946,,,,,,,0,0,0.0,0.0,0.0,0.0,-2.411473253971508e-06,-2.411473253971508e-06
,6404,,,,,,,,,,,,,,,,,,,,,,,,,,,,,,,,,,,,,,,,,,,,,,,,,,,,,,,,,,,,,,,,,,,,,,,,,,,,,,,,,,,,,,,,,,,,,,,,,,,,,,,,,,,,,,,,,,,,,,,,,,,,,,,,,,,,,,,,,,,,,,,,,,,,,,,,,,,,,,,,,,,,,,,,,,,,,,,,,,,,,,,,,,,,,,,,,,,,,,,,,,,,,,,,,,,,,,,,,,,,,,,,,,,,,,,,,,,,,,,,,,,,,,,,,,,,,,,,,,,,,,,,,,,,,,,,,,,,,,,,,,,,,,,,,,,,,,,,,,,,,,,,,,,,,,,,,,,,,,,,,,,,1,,fault,efficient4,12.124043703079224,,,,,,,0,0,0.0,0.0,0.0,0.0,-2.054613743140976e-06,-2.054613743140976e-06
,6405,,,,,,,,,,,,,,,,,,,,,,,,,,,,,,,,,,,,,,,,,,,,,,,,,,,,,,,,,,,,,,,,,,,,,,,,,,,,,,,,,,,,,,,,,,,,,,,,,,,,,,,,,,,,,,,,,,,,,,,,,,,,,,,,,,,,,,,,,,,,,,,,,,,,,,,,,,,,,,,,,,,,,,,,,,,,,,,,,,,,,,,,,,,,,,,,,,,,,,,,,,,,,,,,,,,,,,,,,,,,,,,,,,,,,,,,,,,,,,,,,,,,,,,,,,,,,,,,,,,,,,,,,,,,,,,,,,,,,,,,,,,,,,,,,,,,,,,,,,,,,,,,,,,,,,,,,,,,,,,,,,,,1,,fault,efficient4,14.496066808700562,,,,,,,0,0,0.0,0.0,0.0,0.0,-2.4445977064857516e-06,-2.4445977064857516e-06
,6406,,,,,,,,,,,,,,,,,,,,,,,,,,,,,,,,,,,,,,,,,,,,,,,,,,,,,,,,,,,,,,,,,,,,,,,,,,,,,,,,,,,,,,,,,,,,,,,,,,,,,,,,,,,,,,,,,,,,,,,,,,,,,,,,,,,,,,,,,,,,,,,,,,,,,,,,,,,,,,,,,,,,,,,,,,,,,,,,,,,,,,,,,,,,,,,,,,,,,,,,,,,,,,,,,,,,,,,,,,,,,,,,,,,,,,,,,,,,,,,,,,,,,,,,,,,,,,,,,,,,,,,,,,,,,,,,,,,,,,,,,,,,,,,,,,,,,,,,,,,,,,,,,,,,,,,,,,,,,,,,,,,,1,,fault,efficient4,18.094239711761475,,,,,,,0,0,0.0,0.0,0.0,0.0,-2.373622512763518e-06,-2.373622512763518e-06
,6401,,,,,,,,,,,,,,,,,,,,,,,,,,,,,,,,,,,,,,,,,,,,,,,,,,,,,,,,,,,,,,,,,,,,,,,,,,,,,,,,,,,,,,,,,,,,,,,,,,,,,,,,,,,,,,,,,,,,,,,,,,,,,,,,,,,,,,,,,,,,,,,,,,,,,,,,,,,,,,,,,,,,,,,,,,,,,,,,,,,,,,,,,,,,,,,,,,,,,,,,,,,,,,,,,,,,,,,,,,,,,,,,,,,,,,,,,,,,,,,,,,,,,,,,,,,,,,,,,,,,,,,,,,,,,,,,,,,,,,,,,,,,,,,,,,,,,,,,,,,,,,,,,,,,,,,,,,,,,,,,,,,,1,,fault,efficient2,11.982502222061157,,,,,,,0,0,0.0,0.0,0.0,0.0,-2.5173783004817096e-06,-2.5173783004817096e-06
,6402,,,,,,,,,,,,,,,,,,,,,,,,,,,,,,,,,,,,,,,,,,,,,,,,,,,,,,,,,,,,,,,,,,,,,,,,,,,,,,,,,,,,,,,,,,,,,,,,,,,,,,,,,,,,,,,,,,,,,,,,,,,,,,,,,,,,,,,,,,,,,,,,,,,,,,,,,,,,,,,,,,,,,,,,,,,,,,,,,,,,,,,,,,,,,,,,,,,,,,,,,,,,,,,,,,,,,,,,,,,,,,,,,,,,,,,,,,,,,,,,,,,,,,,,,,,,,,,,,,,,,,,,,,,,,,,,,,,,,,,,,,,,,,,,,,,,,,,,,,,,,,,,,,,,,,,,,,,,,,,,,,,,1,,fault,efficient2,12.565122604370117,,,,,,,0,0,0.0,0.0,0.0,0.0,-2.2592846207203365e-06,-2.2592846207203365e-06
,6403,,,,,,,,,,,,,,,,,,,,,,,,,,,,,,,,,,,,,,,,,,,,,,,,,,,,,,,,,,,,,,,,,,,,,,,,,,,,,,,,,,,,,,,,,,,,,,,,,,,,,,,,,,,,,,,,,,,,,,,,,,,,,,,,,,,,,,,,,,,,,,,,,,,,,,,,,,,,,,,,,,,,,,,,,,,,,,,,,,,,,,,,,,,,,,,,,,,,,,,,,,,,,,,,,,,,,,,,,,,,,,,,,,,,,,,,,,,,,,,,,,,,,,,,,,,,,,,,,,,,,,,,,,,,,,,,,,,,,,,,,,,,,,,,,,,,,,,,,,,,,,,,,,,,,,,,,,,,,,,,,,,,1,,fault,efficient2,13.525707960128784,,,,,,,0,0,0.0,0.0,0.0,0.0,-2.3287904671320803e-06,-2.3287904671320803e-06
,6404,,,,,,,,,,,,,,,,,,,,,,,,,,,,,,,,,,,,,,,,,,,,,,,,,,,,,,,,,,,,,,,,,,,,,,,,,,,,,,,,,,,,,,,,,,,,,,,,,,,,,,,,,,,,,,,,,,,,,,,,,,,,,,,,,,,,,,,,,,,,,,,,,,,,,,,,,,,,,,,,,,,,,,,,,,,,,,,,,,,,,,,,,,,,,,,,,,,,,,,,,,,,,,,,,,,,,,,,,,,,,,,,,,,,,,,,,,,,,,,,,,,,,,,,,,,,,,,,,,,,,,,,,,,,,,,,,,,,,,,,,,,,,,,,,,,,,,,,,,,,,,,,,,,,,,,,,,,,,,,,,,,,1,,fault,efficient2,12.794071674346924,,,,,,,0,0,0.0,0.0,0.0,0.0,-2.100312530117776e-06,-2.100312530117776e-06
,6405,,,,,,,,,,,,,,,,,,,,,,,,,,,,,,,,,,,,,,,,,,,,,,,,,,,,,,,,,,,,,,,,,,,,,,,,,,,,,,,,,,,,,,,,,,,,,,,,,,,,,,,,,,,,,,,,,,,,,,,,,,,,,,,,,,,,,,,,,,,,,,,,,,,,,,,,,,,,,,,,,,,,,,,,,,,,,,,,,,,,,,,,,,,,,,,,,,,,,,,,,,,,,,,,,,,,,,,,,,,,,,,,,,,,,,,,,,,,,,,,,,,,,,,,,,,,,,,,,,,,,,,,,,,,,,,,,,,,,,,,,,,,,,,,,,,,,,,,,,,,,,,,,,,,,,,,,,,,,,,,,,,,1,,fault,efficient2,11.676329851150513,,,,,,,0,0,0.0,0.0,0.0,0.0,-2.188023961124941e-06,-2.188023961124941e-06
,6406,,,,,,,,,,,,,,,,,,,,,,,,,,,,,,,,,,,,,,,,,,,,,,,,,,,,,,,,,,,,,,,,,,,,,,,,,,,,,,,,,,,,,,,,,,,,,,,,,,,,,,,,,,,,,,,,,,,,,,,,,,,,,,,,,,,,,,,,,,,,,,,,,,,,,,,,,,,,,,,,,,,,,,,,,,,,,,,,,,,,,,,,,,,,,,,,,,,,,,,,,,,,,,,,,,,,,,,,,,,,,,,,,,,,,,,,,,,,,,,,,,,,,,,,,,,,,,,,,,,,,,,,,,,,,,,,,,,,,,,,,,,,,,,,,,,,,,,,,,,,,,,,,,,,,,,,,,,,,,,,,,,,1,,fault,efficient2,11.851083993911743,,,,,,,0,0,0.0,0.0,0.0,0.0,-2.501296568979683e-06,-2.501296568979683e-06
